,RMSE,MAE,MAPE,R2,MedianAE,1d_rmse,1d_mae,1d_mape,1d_r2,3d_rmse,3d_mae,3d_mape,3d_r2,7d_rmse,7d_mae,7d_mape,7d_r2
T2_S32_SARIMA,330.988869321454,178.5780791884967,500.0,-0.771176306923554,0.0009348316877551027,439.6876413971102,297.8133038048184,500.0,-0.8838788939609774,435.14174529774516,279.1044113059,500.0,-0.69851212212661,332.2414380197219,174.12838004442364,500.0,-0.7537951396218223
T2_S32_XGBoost,33.80756576209433,13.355776028900628,58.320559865962366,0.9815216657648737,0.008162044454365969,63.79808523750424,36.04405860451516,160.704251735202,0.9603375304237588,59.233849534317926,35.06650463115269,166.76687371703173,0.9685263531320684,38.77905698037229,15.104016022695717,79.02292109889864,0.9761072711705557
T2_S32_LSTM,145.71238713230235,67.97458659632925,500.0,0.6567362350877566,53.296875,97.16991915331609,50.593302408854164,220.107905045289,0.907991458638886,87.63767071681028,48.12653266059028,215.94509509230156,0.931104825517113,58.57020168007985,24.453823997860862,475.36461222891785,0.9454964606447533
T3_S16_SARIMA,137.91662422175065,76.15807884186025,500.0,-1.3499588920303878,14.741844502809062,23.885331273519455,9.305971825079986,500.0,0.0,133.73954249980417,73.87573645665351,500.0,-55.64280278236953,132.6193595219115,68.34622097232402,500.0,-1.145309566469781
T3_S16_XGBoost,12.664858632505627,4.347174822150074,75.23225892282946,0.9801834648780179,0.04964766651391983,0.3917244738638527,0.16862106594877938,16.862106594877936,0.0,5.577653035944064,1.4688688366053004,62.513317694352,0.901479170801534,11.849353834223937,3.861878153058656,99.1333430188865,0.9828736248330602
T3_S16_LSTM,142.52923616598324,90.00938539641896,500.0,-1.5097758947650917,7.48828125,1.357290152692597,0.7773030598958334,77.73030598958334,0.0,4.168895520281048,2.0693901909722223,171.2817134399166,0.94496143646808,11.205850921307464,4.527143205915179,130.0339255378643,0.9846832791274961
T4_S6_SARIMA,17.765605911518676,7.277445468445619,264.5578473160097,-0.9606674746361759,1.6394514292937674,7.694784430562101,2.256228873562722,12.51852904132848,-0.09313732752026826,6.094613927394376,2.4900281495003944,177.9680288450582,-0.9407967474873911,19.56978896814877,8.563135467679277,279.60545605736877,-0.9825369952815739
T4_S6_XGBoost,4.315043772139779,1.2436804029256168,21.135508350651776,0.8843317120537606,0.01134349126368761,1.0901855258561621,0.5058927318702141,30.48446337299215,0.9780576755366232,0.6296330307078944,0.17870298003092305,11.168694731749213,0.9792860624561811,4.207933516753761,1.398525227540328,20.98664600972006,0.9083385433761831
T4_S6_LSTM,9.818842019375053,2.7667239248467403,51.50587747986424,0.4010860329108161,0.0,2.8157918108139546,1.2514750162760417,67.60149468315971,0.8536196125329711,2.1676458469597906,1.0400763617621527,84.82563386140046,0.7544927553646821,5.290910375358265,2.105526152111235,71.30804020248192,0.8550861731976759
T2_S1_SARIMA,110.96501228958626,61.861988528170755,500.0,-0.8230620620598321,0.08706485399910882,130.25212865334822,87.52339349033484,500.0,-1.577567592612021,136.96082823522622,89.86749595162675,500.0,-0.8674028214933855,106.71105396661844,58.15697394664022,500.0,-0.9486422852433403
T2_S1_XGBoost,9.724248066557093,3.9839086995803212,55.26387995947341,0.985999569799862,0.056363046169281006,10.133466705685551,6.699990903182576,77.23179140592342,0.9843988542699178,16.01399785750745,9.45182621272074,119.62573877112004,0.97447035383996,10.49122905159948,4.1743856891712525,63.628476416716516,0.9811649819136908
T2_S1_LSTM,51.048472064182405,24.741627378326854,500.0,0.6141710440634875,15.0,6.9951536534539525,3.8728739420572915,77.94963224550372,0.9925657883567048,18.59982401999394,10.258602566189236,122.3452436793913,0.9655600165700913,12.98754329808528,5.70844232468378,183.62351263714984,0.9711352818928
T1_S17_SARIMA,115.90593528975381,55.37713305875073,500.0,-0.9584133118014202,3.021567083389754e-05,123.34318673177486,41.29167051377231,12.456149924714545,-0.12621658531262203,71.21222206229746,13.76389947984935,4.1529808340964305,-0.03880682118289602,121.11299657205087,60.737526074440275,500.0,-0.8699565543807257
T1_S17_XGBoost,14.425432391148782,4.8380777899913365,96.0332408077605,0.9696645333417051,0.021914230659604073,22.544357204007166,9.096388748381287,336.5505841590741,0.9623757975062692,13.04386769744955,3.23987034078972,132.95760385262048,0.9651471346752082,16.02898885401586,5.85962472842463,124.0962303819093,0.9672461563811278
T1_S17_LSTM,61.848351755942126,18.5824646288128,149.56019656685632,0.4423659797613474,0.0,54.241020795561916,20.038736979166668,278.3116963820067,0.7822053047872523,31.393462009270518,7.801934136284722,205.0060797835856,0.7981149588097934,26.77758575629005,9.935203915550595,245.47916606354377,0.9085901797318718
T3_S10_SARIMA,121.43957590760402,64.18543013223892,500.0,-1.259596389416942,5.972640535049608,34.465086980122464,13.582369673610808,500.0,0.0,119.58370842393123,66.49556361069445,500.0,-29.227838600040876,115.28075509413571,57.63039409341096,500.0,-1.1257796576466839
T3_S10_XGBoost,15.947010354687936,4.950743249285538,80.195309432203,0.9610355149756188,0.07700494676828384,0.6663765619521469,0.308053951865683,30.8053951865683,0.0,2.7938262879258744,1.0771515016030107,84.97816476005352,0.9835008390531483,14.825724132588606,4.582324757584415,102.02197126013557,0.9648410050844949
T3_S10_LSTM,136.93293691965812,87.83754076797996,500.0,-1.8729378708453859,16.109375,5.624119289204247,2.8247884114583335,282.47884114583337,0.0,9.738681769972416,4.836273193359375,358.11305775024005,0.7995235286832587,17.36926960079548,7.138455345517113,222.5826189279183,0.9517421760966559
T1_S23_SARIMA,54.33830948726436,27.025982929022227,500.0,-1.3172375119830075,0.0015317116385688242,34.53803860258907,11.541967388993578,12.373893013337636,-0.1257106620377988,19.940545905012854,3.848037562737894,4.19614097844934,-0.0386639667612656,56.978671801764555,29.958911307663556,500.0,-1.263810789655869
T1_S23_XGBoost,6.0659018370178766,2.1482176528497194,46.40069621805149,0.971123200314252,0.017269648611545563,8.654010125183724,3.860347531580677,145.4767363768306,0.9293249317899777,4.998885025940602,1.335260026027552,53.33999700900951,0.9347249408108605,6.833328110201159,2.700042953465267,59.963618975157154,0.9674403272373755
T1_S23_LSTM,27.39174228916267,7.853584545080742,57.8891246484073,0.4111595737835091,0.0,4.764617499701736,2.4413045247395835,92.45811289108002,0.9785766431785544,2.848314383107395,1.1720937093098958,66.65192440336347,0.9788077619396122,6.940612849364573,2.9607020786830356,94.02408487450246,0.9664099134777286
T4_S63_SARIMA,72.21030894306415,31.017737585567474,500.0,-0.8273498492326123,1.5899914496933203,37.86925526899519,10.717689310265419,40.35407347674219,-0.08582052665080364,44.55032698131709,15.257118512024325,500.0,-3.275918975108178,83.22868074699939,38.10580967568702,500.0,-0.7101453049323909
T4_S63_XGBoost,10.611819530877504,3.9098853146597192,88.44043986798508,0.9605358269594333,0.0009342639241367579,20.10027678279674,7.879351901453144,413.02913543970067,0.6940935782450293,11.606438982604024,2.6827057712717863,143.30189222530737,0.709781120913901,12.377878148846314,4.7599171374472675,101.05441303169592,0.9621749598991057
T4_S63_LSTM,36.320390776137984,11.751263340124103,244.95426046665,0.5376995452955735,2.865234375,14.70658443695899,6.5885009765625,268.8732970715583,0.8362398754091607,10.152681711940193,4.699863009982639,339.9940341367,0.7779303451025634,13.12899702945264,6.0115545363653276,210.7663722387084,0.9574450493592462
T1_S11_SARIMA,50.71869924963562,25.08782750685732,500.0,-1.495240543419643,0.00046103138769127127,29.848230961616753,9.916732786144363,12.319123558522666,-0.12407700258014454,17.23288418166371,3.305734337033549,4.12204868471697,-0.038199417869122065,56.49464289792409,29.614895127966843,500.0,-1.0958236384524769
T1_S11_XGBoost,7.911432447914371,2.6568317228201868,31.796599623599448,0.9392863345991028,0.002774301450699568,4.908823960934222,2.0095040157514936,72.34935937165021,0.9695971858141991,2.866517600689688,0.7707030643489108,34.20329236705803,0.971274071971831,6.557596052989132,2.383797478862107,35.06189187348265,0.971762286984523
T1_S11_LSTM,22.642760686195132,7.475280177650269,69.73154376080333,0.5026811079608704,0.0,4.324124370031444,1.9746754964192708,70.57523594199328,0.9764085180562688,2.81648179978912,1.2731153700086806,85.01409910089012,0.9722681564862706,13.259268777427117,5.295507521856399,113.67031402361054,0.8845538784485247
T4_S92_SARIMA,49.81309104879434,21.889038541458397,500.0,-0.7021345437343802,0.8646184601802771,14.210733940816603,3.9389977646281387,21.935312193011104,-0.08185805729895113,33.361532373000856,10.982158132216718,500.0,-16.01393820562245,55.36660716492278,25.51806368346885,500.0,-0.5999404512464859
T4_S92_XGBoost,7.8527626563590385,2.5728070176302333,42.24237033548483,0.9576988820942884,0.010057805106043816,5.29489528745914,1.9794467236691464,155.04392847195334,0.849806195402018,3.058388416781722,0.6942539025718967,55.12514229220257,0.8570124745420413,9.064314319899308,3.1532307055063677,48.81035625820538,0.9571177157991411
T4_S92_LSTM,26.84761904241714,9.3311767578125,244.98277314442234,0.5055544696651457,4.93359375,3.2264411078301736,1.8531494140625,123.32600911458333,0.9442320408481968,3.138172459005959,1.9248894585503473,171.82596842447916,0.8494549489509853,9.360196384707448,3.8715965634300593,119.94768807095484,0.9542724515906016
T3_S81_SARIMA,74.21212288184756,36.73991064259837,500.0,-1.5225081123799056,1.8192358124713426,15.185481877964195,5.39475785405224,500.0,0.0,76.62208700256046,39.934763819903665,500.0,-96.45429016650421,72.96940843509353,34.57881198118861,500.0,-1.1535971885975438
T3_S81_XGBoost,6.935682134036717,2.3680734912693304,38.038584863943335,0.9779676296328405,0.007013212889432907,0.09954230280867497,0.026991596600661676,2.699159660066168,0.0,2.314434329155807,0.6993970620678738,31.155776322597784,0.9110834233991488,7.251015601831905,2.495048001946305,41.452557465812454,0.9787342597978314
T3_S81_LSTM,86.53573951894452,54.74701307378888,500.0,-2.4298401539578727,5.953125,1.2879217446628297,0.7159525553385416,71.59525553385416,0.0,3.903665831283266,1.8519931369357638,130.9961616918483,0.7470479081480923,6.675036581319801,2.864352271670387,78.95656487460954,0.9819785336620348
T4_S22_SARIMA,57.226976631968405,25.162127653585884,500.0,-0.769424844214182,0.27857884973288777,20.15293836346263,5.48415112733565,18.41291757020083,-0.07925010087958384,30.44348460584804,10.883525936688393,500.0,-6.028743727524167,64.23954969683997,29.878566251384395,500.0,-0.6567019892908044
T4_S22_XGBoost,9.689870605005664,3.3638101170144745,57.17075581092779,0.9492698120029813,0.038836605846881866,12.800146233495587,4.5290786864546435,283.70162156737223,0.564613251062471,7.3938134754313305,1.6065821497080226,104.2561326114382,0.585403178883034,12.866663406870698,5.175130785609197,72.83831266013763,0.9335383226715429
T4_S22_LSTM,30.92093496379271,9.69641755756579,132.11017386841917,0.48342218497880785,0.0,3.6831903219868645,2.4497884114583335,225.2639640090812,0.9639509631155562,4.818046832521966,2.723843044704861,265.8126787582354,0.8239520301049891,10.112283842887129,5.123997279575893,179.98908968612218,0.9589476596807502
T4_S119_SARIMA,56.01681702571855,23.71039568781314,500.0,-0.935849257725333,2.7330066407267095,17.571274333037316,4.736773821395462,15.672822211323542,-0.07370445717994745,24.279431942895165,8.435745568451328,500.0,-4.854433061922996,63.44357319171615,28.56221138527853,500.0,-0.9293076782954968
T4_S119_XGBoost,8.922574331468454,3.347159445424354,80.45016254079059,0.950884900304327,0.038186412304639816,13.561686106794445,5.5212289108894765,320.1260912446204,0.360404184492661,7.940941387293441,2.092316669282607,131.89940031348496,0.3737441687799382,10.011414832067814,3.9715617335234477,95.85144012916648,0.9519584360111406
T4_S119_LSTM,29.400949393677454,8.777888977926883,131.60202903697797,0.4667174293796129,0.0,3.3989933304773152,2.3551432291666665,198.6970763771979,0.9598228744413975,4.607246835469696,2.532686021592882,240.99618664613192,0.7891902163268038,8.273356000438259,4.427884783063616,185.50621500761915,0.9671912527590383
T1_S53_SARIMA,34.698227308246395,17.309632767033666,500.0,-1.1958428170330033,0.001718972220547772,28.59271193372681,9.542105702380535,12.36397768727831,-0.12532020565174995,16.50800998438717,3.1817430357122447,4.225439387632751,-0.03855380042193324,36.052148726153945,19.134800724202808,500.0,-1.1432034273547775
T1_S53_XGBoost,7.200390297786876,2.400663511170872,30.27440906736706,0.9054418972551264,0.013380946591496468,5.781611035101462,2.111970830320691,51.84891019517758,0.9539888423376613,3.3430018906726517,0.7624128098703093,23.125223374733757,0.9574094941764133,6.60435954615755,2.4210342971131293,34.11514358627455,0.9280778760441155
T1_S53_LSTM,17.97877578415557,5.280596135335676,43.6234631044647,0.41046864811262684,0.0,10.476613184627077,3.6928863525390625,78.55109838297916,0.8489199089991376,6.0791075609510346,1.5457729763454862,57.664785344239576,0.8591622076367277,6.359872824554772,2.403267270042783,65.06734899292475,0.9333042823699113
T4_S121_SARIMA,65.17120106624135,29.35713313939769,500.0,-0.42575337234904187,2.5604866774534214,23.512688447901123,6.1621784650271465,15.574591111920702,-0.07332917985359577,33.39035202597347,11.59713231434823,500.0,-5.196871088215453,68.99366323640514,32.71054637206363,500.0,-0.406085180104792
T4_S121_XGBoost,20.17685683378938,5.51336376718524,62.88609583086537,0.8633404511481094,0.034937161952257156,10.02583368217654,4.008351003440718,270.791320213439,0.8048496432936884,5.79017692752876,1.3834858151773612,95.00065480752518,0.8136565485746343,17.28314852519779,5.412864841565135,66.02622593634523,0.9117653949502573
T4_S121_LSTM,43.72461820389033,13.392526142905202,132.95326923505934,0.3582217277327816,0.2275390625,6.440549722188708,3.4079996744791665,229.28892777487042,0.9194669341891866,5.9784066599746115,3.169955783420139,279.82523178433183,0.8013441437191191,19.530897313648445,7.206319173177083,164.6500801127181,0.8873223929790519
T5_S71_SARIMA,87.74708014732617,45.95778005507739,500.0,-1.2547291455423264,6.695572128998942e-05,66.56513580130013,26.687167788589406,500.0,0.0,105.53171707382857,65.77655356328201,500.0,-2.5710965350790413,84.71791241892682,42.78938311156871,500.0,-1.0726844870646217
T5_S71_XGBoost,9.797447360274118,3.5372255655093583,36.27802679752901,0.9718903842796635,0.0443451963365078,0.13282926373219012,0.09074724046513438,9.074724046513438,0.0,9.21095641314386,2.72544433003188,27.687711850684554,0.9727952314251749,8.926922335765143,3.34847506198899,47.96382646987798,0.9769863121204747
T5_S71_LSTM,40.92147480573271,13.1779387989683,204.23534903414534,0.509621314143802,3.0546875,2.589410896722301,1.4581807454427083,145.81807454427081,0.0,8.99414762321105,3.7063768174913196,119.24714304619661,0.974060858136337,10.23153177871002,5.122183663504464,188.17056465650137,0.9697681989536673
T4_S50_SARIMA,23.26020512358331,10.812131298090845,463.2332634034391,-0.5343020643793313,2.4763945883405163,11.086613594388414,2.9156467094029708,16.836792651955037,-0.06597639982799497,15.095400616824039,5.7482134850438324,483.245389074936,-4.665738838884301,26.14897096966542,12.478242856511413,464.24490671194707,-0.44636464887584726
T4_S50_XGBoost,5.159156216384376,1.7110472023687615,26.324734562597264,0.9245183916768971,0.0165622066706419,5.120451010018876,1.9603486771617706,70.88346629095761,0.7726127035277958,2.96168778285829,0.6958982404709483,27.872690238688346,0.7819049477787748,6.331131281156702,2.2387597858351436,28.43043176668511,0.9152126169950431
T4_S50_LSTM,13.857381902318357,4.9346474095394735,84.13811712296643,0.4554394692148951,0.80908203125,5.123939835065284,2.1514790852864585,105.52925564296325,0.7723027367860086,3.2823818703109366,1.4611579047309027,109.57623951119608,0.732116801428526,7.550675414338875,3.138670421781994,74.94439258278656,0.8794019750306539
T1_S40_SARIMA,83.49580818124056,40.66039141657785,500.0,-1.407918836183184,5.0941679588992786e-05,59.1403701145102,20.083340301348244,12.415942755300797,-0.13035185487498113,34.144708605593216,6.694463615811498,4.140332454641923,-0.03997661119235274,88.495572830753,45.53646342079382,500.0,-1.116732722029747
T1_S40_XGBoost,9.858053491442158,3.3872388886793576,55.49729273137898,0.9664343671881737,0.012234638445079327,7.87228030841369,3.3899160360839837,127.65401244117737,0.9799715807253833,4.545749105920968,1.155300549347885,45.0841912123815,0.9815673543323137,10.740738230258312,4.136886703709717,62.660290020898735,0.9688189167773615
T1_S40_LSTM,38.351906494629254,11.179723712245814,109.5443129452528,0.49197344449957003,0.0,10.150371442738383,4.245981852213542,142.932016452692,0.9667026673161393,6.06835602467364,2.19232177734375,125.3434548114876,0.9671512494085989,11.960371595120845,5.187552315848214,183.1237380363301,0.9613355105618406
T4_S70_SARIMA,28.337664490389933,12.737098182240905,500.0,-0.7894548232320562,2.6890492254874023,4.181451448837445,1.287603625962564,26.839172563867276,-0.09898438041632707,20.320039008197714,7.226852101064401,500.0,-73.20934196947734,31.126385228652158,13.593804966010815,500.0,-0.6507406135438802
T4_S70_XGBoost,7.302987697972589,2.1199362488317584,37.65155401994026,0.8811514825449023,0.014777930453419685,1.4715320047573617,0.7430331620853394,50.977411302737885,0.8638941390189299,0.8527816213112083,0.2756067113045396,19.78536949518861,0.8692971161051948,9.561779415476442,2.967422329334243,45.01136232698055,0.8442245905722796
T4_S70_LSTM,15.454540408172658,5.568422454395933,193.31559498700392,0.4677632980601273,3.2353515625,1.292473171757803,1.0004374186197917,87.08719889322917,0.8950021328857402,1.5270031974560607,1.0545857747395833,101.13972981770833,0.580927272293277,8.736232760926205,3.2563316708519343,94.07719656360398,0.869962128186838
T1_S50_SARIMA,33.342575379404146,15.814942587983372,500.0,-1.4212869043199072,0.000239478429458055,7.4554261359942675,2.500060454685659,11.850116999692904,-0.12669011221485982,4.304392290431924,0.8334980871479797,3.9644992251736304,-0.03894166298671653,37.65227160036313,19.034640282627784,500.0,-1.0325706695342283
T1_S50_XGBoost,8.096312395166567,2.298912291371728,23.402241363568958,0.8572347586695331,0.010223032906651497,8.304366934419841,3.014311733578021,79.84848127802702,-0.39788871989497854,4.7978899514702285,1.056351612580733,31.77426389814828,-0.290826989892653,9.400310887387874,3.1011747452070093,28.21910697974176,0.873308428720159
T1_S50_LSTM,15.486752442284166,4.899303673557117,43.91721781418354,0.47764148077224444,0.0,12.037376859517394,4.2211252848307295,44.07514988031602,-1.937130574149558,6.951379301606826,1.4404144287109375,18.028983336841453,-1.7096265903630536,10.16322628137933,3.6735897972470237,77.47782634859229,0.8519097456436044
T3_S71_SARIMA,120.17462264380096,59.38108652658908,500.0,-0.9513678195185027,9.65936670058323,43.24289825580652,16.228119045031157,500.0,0.0,110.12903758467293,56.58299735641445,500.0,-17.07938106999669,115.91668376183381,54.12857318222992,500.0,-0.8481450405664788
T3_S71_XGBoost,18.325119528246574,4.958997888887776,57.23984279970512,0.9546259822482888,0.04580243304371834,0.3233864236897305,0.08696943148970604,8.696943148970604,0.0,5.762108387853387,1.5792717116677926,55.155483613459374,0.9505071210013584,19.39582457953232,4.840274387772557,67.34045396072548,0.9482559222936119
T3_S71_LSTM,159.63806906862138,106.84694631476151,500.0,-2.44339255857294,28.5703125,18.22202882173797,9.992767333984375,500.0,0.0,22.960472466391604,12.862850613064236,500.0,0.21414664472799938,31.368358820430114,14.300110589890252,500.0,0.8646595084151683
T4_S138_SARIMA,21.477008871431206,9.345282190656219,389.9132301167713,-0.8291835215623826,1.1130575957721192,8.163759701660442,2.2323712967604,14.128853093602862,-0.07978893284985578,10.170322612860634,3.724213147947315,302.71855593391916,-3.784850043416797,24.469190106165534,10.929474674463712,390.39067267584693,-0.7366906364330719
T4_S138_XGBoost,3.8302040266633957,1.2980732641783854,29.039107266547763,0.9418227077088874,0.009349563159048557,3.7593508697755738,1.5364261132975419,84.72740573710517,0.7710270555198178,2.1712831742199112,0.5383128141984344,30.85954622229376,0.7819119814764763,4.507172053806543,1.6550735174290214,31.362809342502295,0.9410760915221056
T4_S138_LSTM,11.351848031822911,3.359841086647727,44.2242005579906,0.48897420283523707,0.0,1.7710291860535425,1.0632222493489583,67.33874940035636,0.9491828993687106,1.6470240837412087,0.9148237440321181,78.48788255836531,0.874512989762245,4.274430296855739,1.8763689313616072,55.599269621987055,0.9470044075694514
T4_S48_SARIMA,81.49855282905216,33.04607991404806,500.0,-0.562329857777214,0.6917373767149102,61.854586398566674,17.050502595206456,36.06694574716197,-0.07721312837317695,46.16855338681409,14.177839034325991,500.0,-0.709914954920799,85.24288752227253,37.003182090779475,500.0,-0.6028833219799314
T4_S48_XGBoost,20.113338043828314,5.899668865881718,120.64155028510103,0.9048428898735712,0.01239294558763504,13.88124761033505,6.694916634665181,412.9501072120017,0.9457481158846396,8.057458642794128,2.40364618666677,154.85076658183817,0.9479191400037555,19.33822008771751,6.144229811305801,179.0293837330486,0.9175067142525571
T4_S48_LSTM,52.68727255787228,15.08409943649073,196.04454084600866,0.34704331435224955,0.0,38.69869895376889,13.617177327473959,355.24784435704646,0.5783515076390325,23.77358970890397,7.932579888237847,457.7680260270016,0.5466104527109525,25.92162898852527,9.145060221354166,259.07903232981073,0.851778847583555
T5_S15_SARIMA,77.14632547433882,37.8034499655702,500.0,-1.3270360411010724,0.7797510962900869,84.72545297403292,34.10689782094611,500.0,0.0,94.90775307935013,53.275700348957606,500.0,-2.0892259900970656,78.89147475949954,36.80770743833992,500.0,-0.8880630726405081
T5_S15_XGBoost,9.143606241331403,3.5427329279081317,71.76234239896122,0.967310547253169,0.07559452205896378,0.09899938900252317,0.08879403459529082,8.879403459529083,0.0,3.150340797665413,1.157968296772904,21.855191380928524,0.9965962208670686,8.148805241581883,3.497897029510655,90.16955248369332,0.9798560689906529
T5_S15_LSTM,32.124346868671424,19.064369019138756,500.0,0.5965021429210567,16.21875,6.425555472383536,4.089701334635417,408.9701334635417,0.0,15.806434921203433,8.078118218315971,351.5219704346189,0.9143131551211325,20.70217114347905,10.930010114397321,468.9847919750646,0.8699865933105598
T5_S8_SARIMA,140.97117175939664,74.07182669549557,500.0,-1.3775980695635628,0.004579293445233643,95.76342717595205,37.51879103410529,500.0,0.0,167.74854473086774,104.67828801366305,500.0,-3.72885513482625,134.46066793069872,68.1231297514611,500.0,-1.2290476100859848
T5_S8_XGBoost,16.915254838190695,5.735061638066144,76.46634869209136,0.9657677921560882,0.05829280987381935,0.09005834119304343,0.0700854620275398,7.008546202753981,0.0,26.03133908896083,8.779223097695244,42.104812244912345,0.8861241828816008,20.07573951380687,6.854387445774462,94.48204711213512,0.9503096655217168
T5_S8_LSTM,64.47725442905502,20.357309733851675,226.47690009193678,0.5026170517299451,0.0,3.255260712265765,1.9048665364583333,190.48665364583331,0.0,24.4868134202885,10.60281711154514,271.1113292926257,0.8992365493167579,21.051251682502578,10.459558396112351,372.6182873948513,0.9453632744964481
T4_S66_SARIMA,72.87634604688529,31.337298184879774,500.0,-0.7861877742415251,3.013579731098501,20.31980266516505,5.734488391583515,41.881182952517435,-0.08423104103614398,41.30166495641927,13.881940306764287,500.0,-11.79120817844499,85.30803490058572,37.24580487435418,500.0,-0.6339376144325706
T4_S66_XGBoost,14.143180797128949,4.632473082185843,70.40658911759834,0.9327258653713537,0.038620516657829285,8.931606755055967,3.809229640290141,175.44298378982236,0.7905202476636544,5.294986591102139,1.4992961410381314,81.43628735741589,0.7897644391333458,13.991977874883235,5.475297383199047,78.11191307667968,0.9560444403208428
T4_S66_LSTM,37.21064194778169,11.724143726403634,152.08631908556504,0.5343192791673046,0.0,5.55892452619417,3.4273783365885415,248.08846030948612,0.9188545038434122,6.2120245804286,3.4996007283528647,318.4102817188305,0.7106371457735976,17.685567484910948,7.975888570149739,203.90845208906566,0.9297747014304498
T1_S27_SARIMA,135.1020009254704,66.5830292819438,500.0,-1.1944350445956209,0.000879607107175038,92.12695664964669,30.625119983010297,12.451294148692513,-0.12423255946216583,53.18952322253674,10.208660708352296,4.17916945111699,-0.038243560896770834,145.62527623169157,75.56819551908077,500.0,-0.9913542049196391
T1_S27_XGBoost,20.150714677643467,6.355555069715266,87.4050282277996,0.9511819896329154,0.015981778502464294,18.52346956699605,6.733145569101907,319.7296578474743,0.9545506808470706,10.696285129061643,2.296431557728081,111.78152275190266,0.9580131789512932,15.68050582003716,5.992770388499291,95.14181582867374,0.976911531458393
T1_S27_LSTM,65.19603474083551,19.292455937873804,153.6193090617006,0.4889757225067609,0.0,15.12182926153784,5.495351155598958,196.16525911497888,0.9697105512301822,8.948730371568804,2.8556959364149304,167.7796414931874,0.9706120090704221,20.91761350568789,8.645894368489584,270.77702054494324,0.95891348933626
T2_S60_SARIMA,214.4926187765852,114.8421713536885,500.0,-0.8550151234104857,0.4509003396575179,282.8380790896379,192.07917344884763,500.0,-0.644981753929833,277.077208704659,178.13493110419805,500.0,-0.6309583292750505,216.53069241766073,113.84319482910814,500.0,-0.764762808707304
T2_S60_XGBoost,38.902980247549024,12.342100420067345,43.23826255791505,0.9389777106684782,0.00016374369442928582,89.34467894215288,40.603440007801204,143.32609208724008,0.8358568694236462,69.95731589556185,31.260551184191677,113.12993691063649,0.896030122151026,45.80137044827085,13.50880727894591,59.627078676649084,0.9210405055049059
T2_S60_LSTM,98.7023375214049,47.5007346121318,500.0,0.6071944391458619,32.890625,93.87160268499592,34.632853190104164,240.44165507449384,0.8188018361634368,73.58650867855498,31.28038872612847,210.92389291347726,0.8849629718205648,48.78874300172449,16.048409234909784,354.6487893341056,0.9104044022132571
T4_S30_SARIMA,80.29847056045492,34.96800907650714,500.0,-0.6118756560775047,3.194553591059182,42.394360618133675,11.987090621916565,22.66898989092431,-0.08637202793802845,44.50824253425577,15.52830523001731,500.0,-2.4003618625641336,84.0954344298989,38.916497862262375,500.0,-0.6407673548971222
T4_S30_XGBoost,23.46510035083348,5.673107678024432,95.26071623460972,0.8623545622812053,0.029586512595415115,12.372227433163392,5.178464349514495,288.60297367045075,0.9074751935980867,7.183052931895664,1.9419762996646266,117.78314287279643,0.9114349487546758,12.435564027385764,4.895927078401049,118.13834578964806,0.9641215935437015
T4_S30_LSTM,50.12377715337973,14.121957003214712,174.29652140041475,0.371935031568978,0.0,17.973696121371002,7.935872395833333,306.5181554638365,0.8047292541475212,12.283960600498279,5.412594265407986,378.903065167633,0.7409872908770663,16.304068328385515,7.815259660993304,238.73013654559747,0.9383271322639798
T5_S63_SARIMA,117.62358699301839,59.18523665682813,500.0,-1.1774120949705251,0.09732735136513135,99.44315692919079,38.03367924366345,500.0,0.0,143.9253476012664,85.73970093679152,500.0,-1.9657095338500037,118.13335662177171,57.234754540114906,500.0,-0.8619188430165345
T5_S63_XGBoost,10.746079931450476,3.8562149957522003,34.428520440260115,0.981825941335093,0.018452661111950874,0.17118138623663015,0.07271602105659743,7.271602105659743,0.0,8.30996398159596,2.258792059806486,19.682078236957096,0.9901132780122093,10.1431990869538,3.5633134142207425,37.33318098057162,0.9862733184526855
T5_S63_LSTM,49.84161385816789,19.40348268353768,500.0,0.6090367062745354,10.484375,5.372277202273362,3.2826741536458335,328.26741536458337,0.0,15.101411076568429,6.7122802734375,262.51779210207957,0.9673495554582874,19.486518313395774,9.620340983072916,361.39916409032367,0.9493377867259387
T4_S99_SARIMA,33.9873347376996,14.787272973285358,500.0,-0.5591118723769073,1.2805272840692923,15.327994793780958,4.104573741882683,14.022356479901724,-0.07672007807768089,17.956292929796657,5.860954944897258,453.9504885869369,-3.2221717109696923,36.469809957119296,16.48889321678569,500.0,-0.6225403469866548
T4_S99_XGBoost,7.53579365629497,2.352404691927574,33.5400087177562,0.9233519593874067,0.0018430206691846251,2.7925011057377334,1.2252918177788767,75.66182524407216,0.9642629392290789,1.6204069895431532,0.4541026945565439,29.787817277715888,0.9656164476515162,6.228216049128968,2.1799381261960313,33.6540920736762,0.9526787897627405
T4_S99_LSTM,21.317565760554487,5.940319152539997,50.740682474113676,0.3866359983175558,0.0,5.616398711869279,2.1905390421549478,83.94631859762089,0.8554400513447241,3.743254719078573,1.4615177578396268,101.11591391133803,0.8165146942787305,6.287269631516452,2.426331111363002,60.25800012531628,0.9517771719967075
T4_S116_SARIMA,103.8569377015188,45.867384830526476,500.0,-0.643198121956577,0.23112866168310064,54.422517067701136,15.012672330205879,13.371391261395878,-0.08222057196146881,61.12261962395733,20.668232149436985,500.0,-2.883606359485084,112.79557630867285,52.696111597826885,500.0,-0.5969800352502821
T4_S116_XGBoost,19.59611277003264,6.808263307553159,123.97685312742747,0.941499609639496,0.03587101399898529,15.211062447177975,6.163350252279391,477.3856253377201,0.9154570037734027,8.806323885422012,2.2562279344743326,179.3063268173603,0.9193841210074398,20.498308219531076,8.078361406866904,151.08288656958558,0.9472586320553195
T4_S116_LSTM,59.21136954948544,22.798425117748206,500.0,0.46589195853729204,12.78125,20.6236642886663,10.242919921875,500.0,0.8445859786522714,17.64202977982401,8.961507161458334,500.0,0.6764596977351036,23.261208069280595,10.479099818638392,391.327595013766,0.9320827826849776
T4_S94_SARIMA,50.56691176019926,21.53090652553715,500.0,-0.8184276247834579,0.7327962165855733,8.07453125208224,2.4233935098486117,20.393811471091276,-0.09656552824864084,37.11453206399088,12.109271743493336,500.0,-64.63870479971298,54.00552937217889,24.252713071949284,500.0,-0.7236118302505119
T4_S94_XGBoost,6.167568014859271,2.3095451739135435,43.87122467531171,0.9729485185844285,0.016322560608386993,5.16685634208168,2.015301177588602,128.88527810479505,0.5509934017930687,2.9873471998701513,0.7234579244201692,48.130845890661874,0.5747508780258163,6.901075578203477,2.910026603009707,54.64753205348426,0.9718553029232705
T4_S94_LSTM,27.469856407394282,11.438626668099582,445.5303512137033,0.46336877825694034,6.212890625,5.051174039385191,2.4325764973958335,136.9778103298611,0.5708742113041279,3.8981923531865155,2.159878200954861,180.561206958912,0.2758999882459172,11.908879514954055,5.552126929873512,158.89608499326206,0.9161882682770447
T0_S17_SARIMA,18.38709780088515,13.914168051232796,500.0,-0.7296620944319523,7.6655744664965155,19.80833944183173,17.292760454138747,500.0,-0.7350855192165284,18.001888872942523,13.660816243850585,500.0,-0.19021857747774717,19.112770409186943,14.477744940968673,500.0,-1.0702160170160866
T0_S17_XGBoost,4.190714587134251,1.611620571596312,21.625348636752907,0.9101514519479834,0.018580878153443336,4.947897268582261,2.930034001280243,29.508283027553784,0.8917404808136621,4.855912803703264,2.437457209220156,32.15203750566141,0.9133971207571876,3.6504256369638304,1.4253870006567533,22.39415384327956,0.9244811461236654
T0_S17_LSTM,12.47125125212155,5.57547332909689,132.59947319083864,0.20428974827568336,1.953125,12.703074326517745,7.5887451171875,121.48642969777399,0.28642040235582433,13.874914227278774,6.458740234375,121.56262600345681,0.2929482754489767,10.096820752532702,4.060808454241071,102.04870328232272,0.42225303696250993
T5_S19_SARIMA,92.6504423905122,51.42653668034984,500.0,-0.9918928156684388,0.3193613056249147,58.68891814905053,26.877905516891207,500.0,0.0,108.71030731287908,71.29916699379476,500.0,-2.249574874461894,90.70819356306919,48.589677124289274,500.0,-0.8191018183357475
T5_S19_XGBoost,10.386375043607108,4.068691035051124,66.48885453137626,0.9749678027893114,0.04260137677192688,0.04260137677192688,0.04260137677192688,4.260137677192688,0.0,7.337638326436347,2.45461258217175,33.07584828880844,0.9851953650121266,11.25626188682522,4.517246101262225,96.3774398852168,0.9719874690566982
T5_S19_LSTM,47.54386246546599,15.93049468264055,142.9080100435028,0.4754826089371217,0.0,2.01831500127244,1.2437337239583333,124.37337239583333,0.0,9.203618909804963,3.975368923611111,106.20470729870483,0.9767082373060277,20.202873743485814,9.077302478608631,256.301493828464,0.9097618316987967
T2_S20_SARIMA,12.988832952363785,7.026172251540905,317.30025404689997,-0.8070977561931172,0.03355434731967851,11.781550930243355,7.730315712879004,313.8299755527861,-0.4350884329664133,13.762680077288753,8.500867989728253,135.59018843051027,-0.5367508702927251,12.575931315197415,6.721941754095514,365.98134231998785,-1.2630009035797687
T2_S20_XGBoost,3.1183058096351486,1.3432636409318386,20.789594893976293,0.8958453193977708,0.007933253422379494,4.087290317375689,2.4159837137752525,31.02165762069146,0.8272791737546037,4.5135084008436985,2.7900927134323865,34.48123515599084,0.8347178517445333,2.966699133687068,1.2502285204467452,20.225122250139744,0.8740635568016882
T2_S20_LSTM,7.333442397986266,4.5768750934509566,235.84035260870863,0.4239540150327046,4.125,6.341776053712949,4.156982421875,94.39634853169578,0.5841894179907836,6.740573018364416,4.08349609375,100.99721815231422,0.6313696624485479,4.603720975630503,2.3190423874627974,100.18178536512872,0.6967349228213445
T5_S37_SARIMA,135.5184163626822,68.4993279437958,500.0,-1.267506627445513,0.17697920328694594,124.37477758138184,47.794942353614395,500.0,0.0,163.70745613692472,98.04390583643048,500.0,-2.3887121220312824,130.02963589395384,63.78851431795285,500.0,-1.0810432071486287
T5_S37_XGBoost,11.245904097280677,3.7845482367278036,44.89664667887136,0.9843850470341947,0.0722312480211258,0.1499623130480547,0.10291448057008286,10.291448057008285,0.0,10.557030973132461,3.353009168705386,33.433179381991906,0.9859077172737551,10.084524437761266,3.755548964265645,56.977018881759086,0.98748279831795
T5_S37_LSTM,59.34149367526693,22.183981571471293,500.0,0.5652206824326778,12.015625,6.667138722714163,4.102457682291667,410.2457682291667,0.0,15.665211934666615,7.882107204861111,329.98787683785037,0.9689708194944733,18.24700429731805,9.645135788690476,444.0938765567342,0.9590192829585324
T0_S73_SARIMA,83.83816719419794,59.36860159676038,500.0,-1.0763016102408143,22.066942377783988,114.7677701698921,97.11336450170351,500.0,-2.153039308832135,94.66423917996649,70.20544886958719,500.0,-1.3029436005238657,78.06919433153531,56.08051794240443,500.0,-1.2296574970180632
T0_S73_XGBoost,10.865163350390501,4.223563856264781,41.04334598947221,0.9651277949433246,0.04882120341062546,13.714872543458716,9.124376948457211,72.55960181327579,0.9549729961566935,9.600105811188643,5.237811467377469,66.42102605442795,0.9763155423565574,7.458709997109674,3.088467052760756,45.85167686005458,0.9796480417327263
T0_S73_LSTM,43.106804574421936,17.037557939593302,198.09897773796408,0.451093275852264,3.48828125,22.370277766910636,14.8533935546875,129.8393076477243,0.8802067766553783,23.514548267541027,11.919759114583334,145.06642753557506,0.8579030734357005,18.249269714413085,7.943324497767857,132.26688344972024,0.878165653009244
T0_S72_SARIMA,109.70449829887302,85.26157628086624,500.0,-1.502628479177209,46.34097715182048,158.47691027630137,135.78990139603795,500.0,-2.325933347125606,126.78122242081484,101.17285793781491,500.0,-1.8022253917284061,103.4942609337098,81.08141092640037,500.0,-1.5583570471547232
T0_S72_XGBoost,10.949150246734972,4.0367941906862015,40.16309604343495,0.9750708000084661,0.06195206753909588,11.128511183642676,5.695148206277129,17.681344578968563,0.9835995530466541,10.44849358663643,4.849387049041171,37.201210741960026,0.9809672932951182,9.598626206674457,3.718374678014481,36.46817843134637,0.9779937126754075
T0_S72_LSTM,50.019137729074544,18.250401839114833,127.69672942433881,0.47974062777594617,1.416015625,24.86189479193564,15.9259033203125,85.69584987713,0.9181440978528004,20.70487178766888,10.98025173611111,95.97908082824921,0.9252625483864582,19.465337164263932,8.379522414434524,141.0541086702019,0.9094991868778136
T5_S46_SARIMA,76.38975773606401,38.664462339329546,500.0,-1.0924443579717855,0.006960191244169208,66.13605161063211,25.657086388352905,500.0,0.0,90.40974937939093,53.95571318267548,500.0,-1.9067940397123735,75.16964327816738,36.72425873365408,500.0,-0.8419375015062986
T5_S46_XGBoost,9.0337795951248,2.9671783486785563,25.855870637484042,0.9707367448689407,0.023983454331755638,0.058935974849498904,0.03541170076156656,3.541170076156656,0.0,4.95806931162164,1.5624286117963493,18.44025904925373,0.9912580379316801,8.097505174954067,2.765462892157735,28.41972297939111,0.9786256764070648
T5_S46_LSTM,33.53011690609494,15.027280086535587,500.0,0.5968619525768665,10.32421875,4.015224867303931,2.3379720052083335,233.79720052083334,0.0,8.22588426942487,4.253526475694445,196.93710371426144,0.975937047127587,13.281641599614696,6.623802548363095,299.75401769055156,0.9424966130851886
T0_S27_SARIMA,105.60554119963804,63.06619382380492,500.0,-1.0618815499748653,11.795772399518086,174.3233516533976,135.8409322312709,500.0,-1.6679316612045993,123.99808000216244,78.37139838128289,500.0,-0.7941062970965358,106.08538404185758,63.41003022248948,500.0,-1.11831603016525
T0_S27_XGBoost,9.806018676222779,3.608182475848667,36.04346654908055,0.9822222935175319,0.077983058989048,15.055719015279255,6.618080767337233,18.692965389179165,0.9800993817798389,10.373383558430401,4.369658254837203,40.29767518954379,0.9874437740548748,9.168213234231363,3.0751061385575063,29.41167505035882,0.9841784489094092
T0_S27_LSTM,50.22314509834417,18.23812530371561,145.10413981040688,0.5336648935273316,0.0,39.63280751199288,25.8017578125,161.21965709217895,0.8620971498098376,29.21168092427688,17.424604627821182,286.15210213347007,0.9004293491565786,20.547367013933403,9.547120593843006,206.5225486395268,0.9205320511678003
T1_S47_SARIMA,54.43722895813765,26.40884055297186,500.0,-1.2357567285248017,0.0019761707680657544,25.910921083523615,8.958612298444404,12.345780812514162,-0.13576283054693694,14.959677286365313,2.986871761236853,4.182026446376499,-0.041499222425503524,59.19279335637117,30.315612532739152,500.0,-0.9347462437057346
T1_S47_XGBoost,7.230903491835243,2.0881644917254305,30.559736072844572,0.960552666040851,0.00592391612008214,6.6016751492977415,2.168331191428782,139.4360991185294,0.9262723742419867,3.8165095794091046,0.7707471507989491,51.275708405111985,0.9322128751788643,10.142970960504668,3.1752393679856876,41.461438102732565,0.9431910573614825
T1_S47_LSTM,25.73773176577207,7.557200162604665,66.54906316625403,0.5002266807907443,0.0,8.75951136273551,3.4473164876302085,83.18767437105521,0.8701979028720566,5.129410925242884,1.5156928168402777,64.3879568867059,0.8775526233379817,8.69260056763764,3.5690729050409224,113.27440419439102,0.9582760141365986
T0_S0_SARIMA,78.29926486690944,42.60835296524072,500.0,-1.0851263801076243,1.3617782254016895,120.36680288682282,92.12280820881834,500.0,-1.6831733631314303,87.8803824051284,51.761919943925285,500.0,-0.8654998186682243,77.39289577620505,42.058399462121926,500.0,-1.2045915630480746
T0_S0_XGBoost,6.624026678523799,2.5607059462620927,27.82101218395981,0.9850768274875239,0.06346672773361206,8.980054054785224,5.410685408860445,32.473240594179195,0.9850654140978197,7.6617480955454145,3.8865155052497156,27.548711201611443,0.9858202990006741,5.827858311189727,2.219421552307072,23.17809522656584,0.9874990241401116
T0_S0_LSTM,36.2523779096378,11.108902780633224,67.45411878184593,0.5530180242427103,0.0,12.365233347062263,6.64520263671875,53.88684130807505,0.9716834775670038,9.430460007060528,5.035569932725695,89.5314228627122,0.9785178823694073,7.852927338059984,3.6889757428850447,99.50202261463775,0.9773019208802952
T0_S68_SARIMA,156.91923932538458,92.91217675195718,500.0,-0.9109848789860302,15.463742163365751,232.1946964441185,182.45486582508124,500.0,-1.5602910150137546,175.6734810627962,110.79712184503511,500.0,-0.8532735916293293,151.91708095176378,89.6046297168618,500.0,-0.9991953714866675
T0_S68_XGBoost,14.776111961732163,5.826562185415276,36.12311147896059,0.9830556384889556,0.024150097742676735,14.317917925764785,8.75852890118646,37.89205131339443,0.9902648089751948,14.928605615155353,7.2103496637040125,68.94249920666886,0.9866166260506615,14.48997947088298,5.498731704844561,38.790420586135326,0.9818123091279792
T0_S68_LSTM,80.83594612011377,26.44351532128439,158.03780955403153,0.492876292603057,1.6611328125,38.41952957372687,20.142822265625,74.9084773964272,0.9299047117146295,30.876263823741763,14.189036051432291,106.51179992955706,0.9427498525961404,30.49320913278983,11.470396496000744,190.30359147359056,0.9194532005337624
T1_S76_SARIMA,56.001012638296565,27.653872862696577,500.0,-1.5188297224104281,0.015482836094279239,68.38334870520596,22.25377100507183,12.783576180129005,-0.11841011199277562,39.48114634829879,7.426712663524924,5.1400915768078,-0.03658727547699714,62.50391462570168,32.35560645521715,500.0,-1.1071196786554514
T1_S76_XGBoost,11.471425224329705,3.611478209820839,51.880003112542624,0.8943080754527469,0.01522611640393734,17.022016443671756,5.298075273167342,121.73590878194445,0.9307017339431366,9.837222663583997,1.8460074938937194,48.57687654444203,0.9356466190314815,9.976699231667423,3.51706825094741,57.893356775356445,0.9463155477540298
T1_S76_LSTM,24.614364594939058,7.986601323031923,65.88682167582208,0.5133863273642587,0.0,34.03512848066148,10.478055318196615,93.42440189030894,0.7229519195933849,19.676551588706815,4.029553731282552,84.82832981847103,0.7425313580051728,15.815398338713283,5.512955801827567,107.29439279974926,0.8650928285830436
T2_S4_SARIMA,19.75023119837527,9.964688088242191,412.7055450829595,-0.6678477209453533,0.10955070737670142,19.78397913632338,11.909586288925832,500.0,-0.7487706106058212,22.413918233241795,13.125413398649558,222.44408803722297,-0.5442708882350717,18.47672366732196,9.32409558741328,465.2250222437282,-0.9139189063086595
T2_S4_XGBoost,3.8032249027983194,1.4381872256582773,19.6224646608379,0.9381533694110441,0.007888725027441978,3.8279993945695696,2.4167500423888364,37.90988513541598,0.9345289545052382,3.6727417223943424,2.2265412601474157,31.80556717276365,0.9585362387570601,2.4059920508629182,0.9798210648171205,16.18986697800723,0.9675464670714238
T2_S4_LSTM,11.25134272007854,7.029834218002392,420.38002825712067,0.45872155178305307,4.814453125,7.852814142217716,4.540608723958333,72.43441582839635,0.7244780566675542,8.002361905516832,4.839450412326389,97.77869830277278,0.8031550422596401,5.563612768326469,2.701535179501488,104.65365669449189,0.8264648739820317
T4_S135_SARIMA,42.868953058173304,17.727253070619735,500.0,-0.9259324879873931,0.17414199451167808,20.80562097774468,5.52123542194581,10.456762850544221,-0.07457310120704053,28.427169172785774,8.642766283386164,500.0,-4.731233667930367,49.97683067211308,22.123873234493423,500.0,-0.6548126960088267
T4_S135_XGBoost,7.2105200701440175,2.3895879736544483,39.39070365977987,0.9455135535505221,0.013449326157569885,6.35039629720271,2.3012790054393313,105.68485324630481,0.8998902777041144,3.6688833055035484,0.8084354306209005,39.36252729621395,0.9045340091531727,5.808978104430773,2.334238982870288,40.904601770045595,0.9776431352097661
T4_S135_LSTM,19.283417353386973,5.8362639942808014,61.128950161580335,0.6103063705169129,0.1728515625,9.222834617013389,3.13739013671875,75.20048799570542,0.7888439924548272,5.610130672092255,1.80963134765625,101.45029287356849,0.7767832187379413,7.4857011264978315,3.3359520321800593,71.57300911488336,0.9628741514821574
T0_S42_SARIMA,115.62677778568595,86.45775989174595,500.0,-1.3505199260938237,50.96025886915935,156.34149251061163,126.04002916874583,500.0,-1.1934952629257292,115.21009870045542,86.84114133362512,500.0,-0.47539688883693376,119.47587347354542,88.6489610203311,500.0,-1.504293023565503
T0_S42_XGBoost,10.08168414143956,3.6362682533862336,24.614693137063522,0.9821304644576382,0.059788040816783905,7.894392858830292,4.908359259341523,31.45621962193547,0.9944072466902213,7.641426107725693,4.002401099275933,31.254875887793897,0.9935095232031484,9.747854678747698,3.4546639035236564,27.74915141967627,0.9833297233463293
T0_S42_LSTM,50.90046649799698,17.256474399110346,186.6014476690939,0.5444976560792103,3.41015625,26.429932472416006,14.876708984375,42.40309447113482,0.9373125937828934,23.10523453442645,10.489237467447916,76.59072716478997,0.940659865205945,20.371732965831622,7.826038905552456,137.2367782423507,0.927191737918323
T0_S49_SARIMA,68.29768949209586,51.99349241155442,500.0,-1.3370441788253244,30.02746532189174,103.33546720686994,83.80812563578677,500.0,-1.704735034040227,72.37852880236974,54.42239001415476,500.0,-0.7044925857758508,68.54788274260935,51.41580876612393,500.0,-1.4252402862996854
T0_S49_XGBoost,6.46562431514258,2.350356155147266,16.135016541871945,0.9790552186288195,0.022477781400084496,9.48654099906516,5.305786001658514,35.87926331026969,0.9772048902420372,7.595549458761299,3.3021312050566647,20.242156601278438,0.9812287148899272,5.565467957312152,1.9807111866823452,15.452659739985751,0.9840128865509105
T0_S49_LSTM,29.90200338712615,9.771458968021083,68.55290414611775,0.552023253387883,0.0,13.914447442823013,7.693684895833333,76.99675292035295,0.9509591666959338,11.718545974297589,6.388685438368055,107.82918707477647,0.9553189808636986,8.2951295061074,3.7930428641183034,93.68068904024265,0.9644849013792876
T0_S37_SARIMA,122.42994211099767,85.48583297301042,500.0,-1.1101497925330173,35.60699878935941,182.08574447056125,144.13959616687478,500.0,-2.2024680403085433,132.00865867125563,94.15963400878208,500.0,-0.7903157847259947,120.63066176651922,83.5940577147823,500.0,-1.3500227698975795
T0_S37_XGBoost,11.300378538015238,4.666351366594309,56.38375037679501,0.9820227200905987,0.043828412890434265,24.078270559591285,14.72438864906629,82.76455241333952,0.9440005847110601,16.46824109802707,8.092036731696377,76.89186602689652,0.9721375541606406,12.757640534329541,5.066669854141462,62.8698179766826,0.9737156421187988
T0_S37_LSTM,61.417696218010555,22.06710946845096,155.29571877901404,0.46896268254634976,0.04541015625,26.012266970661063,15.742635091145834,138.0317063836992,0.9346434201335332,34.79456114792406,17.45787896050347,259.61355841979827,0.8756208654062386,23.32668161573122,9.560070219494047,241.71242121309197,0.9121255594481426
T3_S38_SARIMA,136.65903335410823,77.74166543831701,500.0,-1.179053988695805,21.252067471525642,21.53068498067186,10.153542006513193,500.0,0.0,122.54593777760618,71.15182213128486,500.0,-67.0668295174345,135.49907165569834,71.38854450883268,500.0,-0.9314374032377803
T3_S38_XGBoost,17.41693362846349,5.210835090878756,68.18839437371692,0.9646055885316666,0.02576228231191635,0.13217810607199185,0.05197570752352476,5.197570752352476,0.0,4.495075101392612,1.0446960777044296,31.02541585431306,0.9084176913751758,22.639027982801103,6.654751844947376,72.18975974786206,0.9460832692808445
T3_S38_LSTM,141.37034832985236,90.64164828797847,500.0,-1.3318894512016755,10.98046875,2.182670794574694,1.2513936360677083,125.13936360677083,0.0,5.004480630072344,2.4824761284722223,207.55347409754202,0.8864843583881197,21.998453227355995,7.7275201706659224,142.0098268105042,0.9490912669669529
T4_S83_SARIMA,67.48721695853327,29.558060853186785,500.0,-0.9691625175031904,1.70413891939398,22.28737647404593,5.783829154272445,15.24790729059107,-0.07178785041154745,40.70573830649019,13.722025833068749,500.0,-9.245417433512984,76.10938517589462,34.88840312589398,500.0,-0.7599326019042851
T4_S83_XGBoost,10.90152136863411,3.927279355924612,66.00311745902881,0.9486177943254716,0.03011251799762249,10.602646756257377,4.696156839374453,219.7004683623847,0.7574398144038658,6.126546340032762,1.6404340994130406,80.73833808295053,0.7679135258211827,11.640522933463862,4.712442338244901,69.17706512141211,0.9588315429177886
T4_S83_LSTM,33.34067390618099,10.084089215292314,139.93080714956517,0.5193961227722323,0.0,4.9192927888924185,2.9738006591796875,243.3873750916382,0.9477848806384656,5.754841931594885,3.178092108832465,299.8116472744697,0.7952211102824099,10.885256557889338,5.044066656203497,184.89251271501266,0.9640004602676626
T4_S58_SARIMA,39.01522105742272,16.55333470464371,500.0,-0.5684787559997506,0.795866786542579,11.771937052698922,3.1666372009670916,15.875014594400739,-0.07709312268956858,27.755701540753982,9.433679547225825,500.0,-16.119826172485116,45.072123533798205,19.699035906058175,500.0,-0.4171044286826051
T4_S58_XGBoost,7.106648987074169,2.073033236212244,30.327139220260197,0.9479596477672708,0.003320185700431466,2.6905094568763337,1.0724838955599505,35.63010313143802,0.9437365399791708,1.5590546530459246,0.39112760327083784,15.239998185564774,0.9459845980058873,8.639173980755531,2.704585049189128,34.51204287395825,0.9479368721993275
T4_S58_LSTM,21.19735310516221,7.42984344628439,166.03594315915353,0.5370077028746952,3.23046875,4.64852930934651,2.1178181966145835,90.37658427184795,0.8320467014336422,3.020520869488345,1.4684889051649306,106.38047871995626,0.7972510496643124,11.715630014376304,4.7352178664434526,90.50425676403894,0.904254777809963
T0_S25_SARIMA,103.18739980450692,77.86096410878922,500.0,-1.5245719504594164,40.17556737848662,152.6682918932156,128.47493503760293,500.0,-2.091229485247619,119.93661195923129,91.84891663926236,500.0,-1.5313212084628236,98.62783860032609,74.8181335180498,500.0,-1.6213123592659948
T0_S25_XGBoost,7.413007255818509,2.695484486280976,22.409297583207515,0.9869706345556976,0.01885691098868847,8.591032265153103,4.888887974511211,28.824519882590806,0.9902113172282883,8.31213620175418,3.833014000792496,43.55175496474839,0.9878418077388504,6.877291561802872,2.3758992636312977,25.12482555346805,0.987254566341666
T0_S25_LSTM,44.25644497827145,14.137177681808836,113.42552501279617,0.5356050750552552,0.0,20.334703766325525,12.497517903645834,107.42553083512199,0.9451585089390728,16.160440926306983,8.76814439561632,187.2403261614269,0.9540431644366555,11.868770493270771,5.376834324428013,167.66464253446205,0.9620395626394751
T4_S13_SARIMA,36.27324386336026,14.663793229513253,500.0,-0.6446756742113127,0.055223763598615375,14.976672400690092,3.9331389883288,9.87862387843933,-0.07281705691212337,19.457257997149842,5.932242709369705,465.41251261882354,-4.178923313977097,39.721794190974244,16.955115488954203,500.0,-0.6130735403568595
T4_S13_XGBoost,5.366405990191529,1.9393187050669205,48.35310609380816,0.964002318582034,0.012285721488296986,5.569197712895215,2.458724108408205,138.23501709550996,0.8516524829506198,3.231334157599791,0.9030899923584204,54.42986798740519,0.8571632539108476,6.431504744654962,2.4524373491318934,40.19317712324298,0.9577115621575393
T4_S13_LSTM,21.597485130085225,6.409484279212769,83.51570813978095,0.41693919884945796,0.0,3.6013115087228535,1.9193318684895833,125.71287721067993,0.9379679137764708,3.469996244762661,1.8470463222927518,162.6311956831824,0.8352845963698964,9.262479013385605,3.9530432564871654,113.4233763039408,0.9122896331197891
T5_S57_SARIMA,75.0127004211278,38.19667630991041,500.0,-1.1713799224998036,0.03835323437486318,55.925276346796494,19.57882837175863,500.0,0.0,92.27691255611975,55.83781435928113,500.0,-2.186696860421534,73.31302772227386,36.06291398639784,500.0,-0.9563930627660877
T5_S57_XGBoost,9.425391217109844,3.2088473233323027,35.52213252986739,0.965718091742865,0.010345924645662308,0.6296487234484147,0.1384247235643367,13.84247235643367,0.0,6.891823351381421,2.0057116525584004,16.985058235711914,0.9822244553547581,8.41717692061987,3.112854132783555,49.46518132379385,0.9742114624461955
T5_S57_LSTM,34.28730718375978,10.085549678528707,75.75010165420872,0.5463374033386407,0.0,1.561476932013635,0.8725992838541666,87.25992838541666,0.0,8.768293492145732,3.4984978569878473,91.66108496623418,0.9712270230287965,9.259203735413491,4.34229242234003,117.55289527056777,0.9687937859273539
T2_S2_SARIMA,91.23133205697548,49.07323091504635,500.0,-0.8896065857743392,6.0145998529587385e-05,125.03594899275913,84.40898331903661,500.0,-1.2617169067704852,120.4356104643251,76.8169117556962,500.0,-0.7819336314908514,92.07617990757662,48.07974872256328,500.0,-0.8604008733785111
T2_S2_XGBoost,9.085169983529768,3.526342151339392,22.363075823532157,0.9812608677304397,0.007915456779301167,7.484607491475895,4.046873152023181,59.819017808681394,0.9918958678335341,11.247703412698415,5.71338553846969,38.765609396053776,0.9844579106967751,7.385383863863316,2.544064782498892,26.160930628068428,0.9880309937027865
T2_S2_LSTM,37.982762402017855,17.629359487141148,500.0,0.6724659498287313,11.859375,15.197479772094628,8.279337565104166,93.89360222721925,0.9665872975489856,19.13871886538943,10.693888346354166,102.76114550175377,0.9550005284229782,12.911910995273534,5.5655328659784224,142.28427696912956,0.9634158476883479
T4_S134_SARIMA,23.514794045305827,11.247939214329284,484.66013544680493,-0.5679888553717767,1.8256175789294657,8.111217119197349,2.288295587136465,23.26979087012193,-0.08401560848828193,13.501990770953471,5.389862422578156,470.46631964330743,-7.585312955003985,24.91733163157002,12.621104432353743,496.3561952866428,-0.6661012333754321
T4_S134_XGBoost,5.004738758522904,1.724006727809904,30.412203347623073,0.9289730054214292,0.013872090727090836,2.229652324514944,1.0241772356287886,74.4200454977183,0.9180898393772197,1.3017315139677692,0.40239455382753575,30.90689602770006,0.9201999147864337,4.7830999264863445,1.902425145722061,37.30211728821588,0.9386072299500626
T4_S134_LSTM,15.214664184808546,4.73150605562201,58.79601684408996,0.3435746336870199,0.1826171875,1.3609457988756064,0.945556640625,84.19496413559942,0.9694827678919063,1.4740592048106247,0.9594930013020834,92.49573348790814,0.897672969452271,5.327260201845895,2.1897757393973216,69.03387375579409,0.9238436465821218
T4_S41_SARIMA,80.26003007740243,35.02627270847136,500.0,-0.8227911580587381,1.3977191206456123,34.62016573769879,8.414523830102812,35.30511706759267,-0.061897420667811565,61.343285996714236,19.95769566891716,500.0,-8.626474058064804,88.44528675732472,40.47776264728697,500.0,-0.6819899237645783
T4_S41_XGBoost,15.685425054893189,4.7303906761006225,58.220071567188306,0.930380506238267,0.007362694013863802,18.990773627278887,6.111837728662067,152.901814410684,0.6804715045115346,10.967558616124947,2.122923181358298,59.531665317322236,0.6922818586379996,17.847212401898613,5.564678544164053,50.70850886594669,0.9315119524430073
T4_S41_LSTM,41.24022443914924,17.488867070686304,500.0,0.5187393899292152,11.54296875,15.906646047831542,6.2738037109375,274.8700121549158,0.7758279232045231,11.103548038584096,5.414354112413195,423.9319582617081,0.6846036057630237,15.435260032489875,7.880728585379464,292.50708825873,0.9487726486641679
T4_S10_SARIMA,66.62647644373651,29.55422428280132,500.0,-0.9133096485206806,4.547077018696809,19.421776127694404,5.537737948200827,19.543636451414226,-0.08759137147180507,30.465625335194282,10.560706773214756,500.0,-6.5997953479331,75.6608425589391,33.93291847930997,500.0,-0.8018572051363997
T4_S10_XGBoost,10.563575659347558,3.4736747282187332,84.2345895885452,0.9519035011061732,0.014904351904988289,10.356445358895039,4.25765453853334,328.61358079026604,0.6907502891709325,5.980324766392963,1.4630360396113247,113.91964627344313,0.7071594307030824,8.757460293190588,3.3296989660288783,81.09053737540313,0.9758601605187112
T4_S10_LSTM,34.12550249381037,10.085476231917239,163.05038206889662,0.4980624581962818,0.0,5.843076946815677,3.4657185872395835,247.760157838785,0.9015601197020029,6.0881234836957825,3.2932781643337674,296.3905828049856,0.696507048766194,10.881569463941528,5.509113493419829,235.2199059605227,0.9627298533412866
T3_S24_SARIMA,150.10012955302008,70.67228170569084,500.0,-1.1505841898136167,1.3132208835245522,53.0909864219955,18.474033788475538,500.0,0.0,148.9447926720688,74.07354368567128,500.0,-21.73963703356527,144.31453458780024,64.88048151539358,500.0,-0.9908729991001695
T3_S24_XGBoost,19.025637882291328,5.633862193839003,93.65562239715575,0.965448033692015,0.08197982609272003,0.04630325362086296,0.04630325362086296,4.630325362086296,0.0,4.304882563829951,1.5736566826308263,78.32788898129449,0.9810042914862146,21.239310064597646,6.356009740529684,106.72217988149713,0.9568774712416063
T3_S24_LSTM,201.0491341830694,132.8613917884644,500.0,-2.858324306138132,35.75,20.139581084109878,11.347218831380209,500.0,0.0,25.909893764835573,14.37642076280382,500.0,0.31188005748584713,31.43000936754829,15.183337983630953,500.0,0.9055694691162259
T1_S57_SARIMA,92.50281196584791,45.365290996935,500.0,-0.9712975579183489,5.598764094173814e-05,46.15418075044348,15.37501427341791,12.381792207494396,-0.12482230542627626,26.647128680530333,5.125038946354524,4.130682924020284,-0.03841108622885048,108.56632387983502,55.42138462531492,500.0,-0.6644070611805355
T1_S57_XGBoost,14.794162896211454,4.666045359019457,62.588947925756266,0.9495776472088089,0.020479464903473854,9.995433576152875,3.7873996169461557,112.77823636467843,0.9472448209055931,5.774453181253014,1.3276676078482221,44.11285234150982,0.9512370235522031,20.571247926039376,7.136513022528518,68.83215325277598,0.9402427557972759
T1_S57_LSTM,43.75318822621054,14.309212570555472,82.25960682455732,0.5589765078718427,0.0,7.72257868040108,3.3860371907552085,117.07437085706414,0.9685089957641856,4.567739881412355,1.5372416178385417,79.88104571103527,0.9694879627300179,31.060590882154116,11.185429164341517,145.93769033117607,0.8637649953327491
T3_S30_SARIMA,154.6213180531951,89.83042592040309,500.0,-1.6348139512040811,25.814509517040744,19.449951422679117,11.176638037481021,500.0,0.0,152.60138224249465,88.72518542406858,500.0,-347.22858206849344,151.8131184985878,82.28312648092366,500.0,-1.2959956889896653
T3_S30_XGBoost,22.457569719868463,6.953211203389066,101.3467567648484,0.9444176729250698,0.033113960176706314,0.22858485890681376,0.10767944731439154,10.767944731439155,0.0,1.1960606257699355,0.5026306234714057,38.500378746464186,0.9786078779870222,20.380927318883092,6.82634449464136,141.05351640035386,0.9586190605740744
T3_S30_LSTM,113.19890998347718,74.49256305603319,500.0,-0.41219835789815895,16.359375,4.205343580334983,1.9887288411458333,198.87288411458331,0.0,11.909200366891449,6.032355414496528,500.0,-1.1208633335800524,14.987005349215636,6.947017124720982,395.397274096046,0.9776240135733987
T4_S61_SARIMA,58.50153365337935,25.854822697835928,500.0,-0.8209349841592819,1.3303696305310693,14.835777128507745,4.437917503085083,29.69213288565504,-0.09594449305310437,42.53290198302122,13.724496334102227,500.0,-24.522885544779818,65.0841502015765,30.330510917488443,500.0,-0.6006546852777235
T4_S61_XGBoost,8.99729259458417,3.0406052432675805,46.45602767292544,0.9569291319248134,0.04536182060837746,4.709446012049186,1.9791278924870614,124.73853981897875,0.8895647794113551,2.7470596924741035,0.765370321757574,52.14561569918161,0.8935327747745381,10.01042186623363,3.6408591438666917,57.55772151043399,0.9621337817900857
T4_S61_LSTM,28.762992030077513,11.773173501046651,411.5953963898393,0.559822277968163,7.53515625,4.915979691895591,2.5824483235677085,149.76221365522048,0.8796660651740522,4.362515287333036,2.6024102105034723,224.08014814983042,0.7314942032462541,10.950277031407689,5.480689639136905,168.7268895525275,0.954689653231518
T5_S61_SARIMA,37.22388545741152,20.06798543487863,500.0,-1.0439283675096247,0.02153591472024042,28.294298227370856,12.65149719380816,500.0,0.0,42.34656165286805,26.953998630580468,500.0,-2.1312182285262433,34.85164731255102,18.151319402550907,500.0,-0.9526944578273677
T5_S61_XGBoost,5.564024039379489,1.9588594337608933,32.00980692259063,0.9543332336609877,0.022636814042925835,0.06639567547534532,0.03163348227584114,3.163348227584114,0.0,2.897251514678181,0.9905230328828717,16.6718583336029,0.985342853557017,4.071819692254796,1.6348681411195902,42.04045843868709,0.9733458553981967
T5_S61_LSTM,18.921551707466453,7.1513414884868425,176.01420088128492,0.47187617174896757,2.609375,2.0379159415048846,1.3229573567708333,132.29573567708331,0.0,4.661571688135115,2.2286376953125,94.30688731122736,0.9620561176829595,7.0306029382305795,3.6794956752232144,161.96708807451432,0.9205355621641229
T5_S75_SARIMA,76.11866796090283,40.264372543868305,500.0,-1.3133465383947178,0.07725225845115127,50.74643654346899,20.59711290009038,500.0,0.0,93.9292179637878,59.477433929228354,500.0,-2.5021611948429188,74.99578296377504,38.37100454500928,500.0,-1.030630863694865
T5_S75_XGBoost,9.707809553813131,3.495531241623373,39.381845760091785,0.9623728927797759,0.06178906932473183,0.09833910251183971,0.07884691252062719,7.884691252062718,0.0,6.193059452581392,2.2217577929970704,28.697988607167012,0.9847754236322986,7.1809325470078855,2.935209331912033,47.85100515901426,0.9813826016980807
T5_S75_LSTM,33.369880655602856,9.975168328536185,102.90642281908455,0.5554018592713803,0.0,1.7004663535110593,1.107696533203125,110.7696533203125,0.0,6.634300579038062,2.912417941623264,110.99743569906792,0.9825287086176098,8.386809686531613,4.206654866536458,169.46497691997666,0.9746048447672951
T3_S22_SARIMA,184.3988774688796,102.66254739402338,500.0,-1.3328410773806052,20.784898234297657,36.23882187692189,14.682311823995036,500.0,0.0,177.9206860478804,100.4632233803998,500.0,-60.74207280183057,178.9581395288407,93.1446281397824,500.0,-1.1228668103647887
T3_S22_XGBoost,18.707358252849847,6.183408429713599,99.14032593993099,0.9759899240169979,0.08547017350792885,0.11932546831561203,0.09359049517661333,9.359049517661333,0.0,3.850857007544808,1.4054459370672703,90.57734651729933,0.9710770157334638,16.471772656438716,5.3518608984124425,142.2123734053239,0.9820154111419935
T3_S22_LSTM,178.84989810779237,114.25360779100627,500.0,-1.1945526376713143,13.671875,2.1591739145492475,1.0096232096354167,100.96232096354167,0.0,5.792636552996003,2.7455579969618054,200.71477087343897,0.9345543361455462,17.928397068861877,7.047571091424851,174.76178811520907,0.978693958959161
T4_S72_SARIMA,18.39130382708397,9.172863376571858,490.4648225256216,-0.9998799917788808,3.0527006249008717,3.8785911387112018,1.1979231014056986,18.488257262223772,-0.10130125463427775,10.638134418191816,3.954770967071271,361.70907908101174,-22.508285855709964,21.297873918078302,9.919025237596268,428.7174011382871,-0.7529090336330682
T4_S72_XGBoost,3.393627457262434,1.1357878096252412,21.659278015454568,0.9319062538634346,0.004106929525732994,1.5597531209568083,0.608848661572362,32.82744588223311,0.8218975643313835,0.9027189535188601,0.22441618736936814,13.089145311935782,0.8307240974966064,3.155508368764847,1.2569943074957424,21.655658369904156,0.9615208430525679
T4_S72_LSTM,8.715189359471271,2.676474247252542,33.705123819729074,0.5509108602774393,0.0634765625,1.5087394628015913,0.697265625,31.72818488190731,0.8333571701105561,1.0365012456925782,0.5170745849609375,39.041332623396194,0.776833155523376,4.049477502985788,1.6229306175595237,41.16869756355592,0.936629832232219
T2_S30_SARIMA,24.78602213429445,13.733041234788562,500.0,-0.5884071749774111,0.13663047349587154,25.932765654868277,16.336623431556788,500.0,-0.55803462528936,30.715464235277423,19.768444664696744,244.71513358180448,-0.6654112708265254,24.062750365242895,13.147630569567287,500.0,-0.7189898839972306
T2_S30_XGBoost,6.566785203036505,2.539224119789555,25.810218096279154,0.8885054098026438,0.005026234779506922,4.3417579066913765,2.412670764218395,19.633839875700495,0.9563272397238294,7.668540433508795,4.208071949785032,38.792660372309065,0.8961915382266539,5.021949465063357,1.8361561517605358,19.895100344827522,0.9251266152989944
T2_S30_LSTM,14.142134534285288,6.578872607655502,175.08004654765566,0.48289575556619113,4.0,8.714254870909667,4.823099772135417,53.31707854456328,0.8240699809263001,10.299748385608563,5.879937065972222,64.20262097878599,0.8127332976491227,6.796442717788105,2.8729713076636907,62.815236929896365,0.8628656944482422
T4_S126_SARIMA,84.14177094736618,37.36678154654797,500.0,-0.8489380454300606,3.7312102338106516,25.182327718558636,7.249894068802878,39.44672905010956,-0.08852614252760937,51.51152471741214,17.885457088612004,500.0,-11.95476221077141,95.39009151989548,42.970348200885915,500.0,-0.6995954089294592
T4_S126_XGBoost,12.184335967680815,4.535101552751766,82.98178539175768,0.961229375784068,0.04583852365612984,7.407683018356259,3.275811989636471,184.67215828339656,0.9058084592046358,4.279795833365085,1.1589583781444364,68.2594909210268,0.9105733959247667,13.14474784269312,5.078596560594936,79.22933451320763,0.9677266879527119
T4_S126_LSTM,43.524783143171895,13.764592950994318,200.39402224895278,0.5052653890981403,0.69384765625,5.995269124736866,3.6935831705729165,305.44276063095936,0.9383029374970457,7.118054140731754,4.044413248697917,383.13613939434754,0.7526321754429123,16.664992444421053,7.900145031156994,242.89621375778242,0.9481260569937471
T3_S54_SARIMA,165.016671116595,110.59099186198873,500.0,-1.7618131365890246,55.5263884148452,21.787026334005496,12.227439613315077,500.0,0.0,149.84100751088795,94.64740674698004,500.0,-252.9249870199191,169.62209777102004,101.19611412911974,500.0,-1.202320110220969
T3_S54_XGBoost,25.390276957610386,7.266967630858252,92.859702889861,0.9346156932036285,0.05879021808505058,0.2447239768171159,0.11425083037465811,11.42508303746581,0.0,2.337284617022943,0.9597445369905068,56.90777806808095,0.9382172448520114,32.65900709106166,9.84166404353233,121.81505441331481,0.918356514223338
T3_S54_LSTM,137.04337794453104,88.39071976511102,500.0,-0.9048235734825179,9.33984375,2.4883201038155724,1.2594095865885417,125.94095865885417,0.0,9.541076078196825,4.339200337727864,338.6521454068972,-0.029529481476972652,17.826686095540268,7.133767627534413,271.7198909706228,0.9756747776355228
T1_S16_SARIMA,35.81886935689917,17.90059828361659,500.0,-1.0350289535488328,0.0038718587037168788,22.559237105876313,7.584327196890567,12.363963317666403,-0.1273996853541699,13.024581954866118,2.530457531208542,4.3561676637241336,-0.039145708477698715,38.863583168249285,20.561325996986064,500.0,-0.9218190276739231
T1_S16_XGBoost,5.778257816118455,1.8933548902871051,22.248602447876266,0.9470408900635282,0.014739093370735645,4.232411450504359,1.5023823369604845,18.327170805541744,0.9603169674809486,2.4558786906308647,0.5593068759189919,11.960333295063617,0.9630544033660057,6.139690528299252,2.190779360426989,19.614919007779203,0.9520355165065159
T1_S16_LSTM,19.606727534003515,6.085444546202153,48.14435498624517,0.39024260789687215,0.0,3.3678335962481065,1.5195109049479167,66.77677485608893,0.9748735958184928,2.0381798039431676,0.8127068413628472,52.87924559005047,0.9745531605016304,10.066855585115368,3.5776832217261907,75.36365750712697,0.8710520367031658
T0_S80_SARIMA,109.34942090814656,69.48891654129599,500.0,-1.1241609340395513,23.864019507707752,160.59491692870256,120.6467749303723,500.0,-1.4038161728483862,114.98040607528601,74.24768339629128,500.0,-0.6082021467728898,111.08014200642951,70.46345066811651,500.0,-1.2787600960152004
T0_S80_XGBoost,11.161347161814845,4.311757524742892,36.27011794733146,0.9778696809219104,0.03272423520684242,16.96899944728095,9.321798244374804,22.063356072265787,0.9731620009211583,13.27076636973138,6.461236592278713,49.77245148844048,0.9785767691136169,10.768112061218227,4.101142865228688,41.39554670479413,0.9785856505101779
T0_S80_LSTM,51.5906088053519,17.682321940882925,128.252923774797,0.5271800984421868,1.587890625,31.423030676471885,18.192342122395832,43.254678724468285,0.9079690719774296,23.79264359633082,12.004831949869791,76.98831332104837,0.9311382017717109,20.734858482618527,8.873325892857142,136.85708476002017,0.9205986467122055
T4_S81_SARIMA,15.288710874099753,7.711320500296107,355.53823310891374,-0.3817791484042088,2.3599046687575087,5.179506433541584,1.5227301615113922,19.164714087852406,-0.06982257349604182,9.070805301566681,4.206235127842944,376.25407876319883,-8.344864028510516,15.82907882993612,8.300779906120283,354.30565045974475,-0.3769401510278303
T4_S81_XGBoost,4.461664250899214,1.5562438253741784,25.078824956087963,0.8823232486509704,0.020270008593797684,2.771170414164646,1.2746636832598597,73.16716079755375,0.6937603138008392,1.6107914246868786,0.47113938293275875,29.014202450465138,0.7053137216770802,4.2631865849983255,1.789476860246179,30.13767232812273,0.9001213965035825
T4_S81_LSTM,10.671421913795411,4.159950657894737,88.95112256911587,0.326804071164554,0.83349609375,1.7262789089158717,1.30609130859375,103.60989040798611,0.8811615625929219,1.4743543998116766,1.1211886935763888,103.11912254050925,0.7531204730933059,5.420154220595483,2.795529320126488,85.83376997046689,0.8385540824114622
T2_S62_SARIMA,100.05245294561576,54.17788388466003,500.0,-0.781167220071066,0.09956050060222922,114.83122463975371,76.8049715687401,500.0,-1.2340995435487518,122.56526434376426,78.19192377779177,500.0,-0.7515960269359159,96.83365907731168,51.69141622005391,500.0,-0.9136344050939658
T2_S62_XGBoost,15.276136188285616,5.653146586135257,61.96669860218361,0.9584781920017207,0.01232118159532547,9.640413206997332,5.408373709835966,79.3196329720938,0.9842538702802017,17.662191313804975,8.849517292469196,128.35243634379225,0.9636262306721295,11.566864690958763,3.8704625031276096,62.78941049713494,0.9726952883157413
T2_S62_LSTM,47.98248495196365,28.85342743065939,500.0,0.590348372654499,21.125,13.017195823571225,8.175313313802084,91.34679437564994,0.971291043762779,25.657230323233,14.41025119357639,169.91481516833986,0.9232428776256989,18.354486736143656,8.42778814406622,298.01725546835104,0.9312471392583994
T0_S69_SARIMA,109.42579285787629,77.9074994214761,500.0,-1.2393396451476328,38.19203674668108,166.5366788574825,130.98403085676358,500.0,-1.8458334770130498,118.42390613529294,84.4030866629077,500.0,-0.7127528903169595,110.15654019273751,78.0910421325326,500.0,-1.3787862353726452
T0_S69_XGBoost,8.52001035358597,3.2669541958506993,33.438585466396106,0.9864243444617565,0.059698035940527916,13.883310068933755,6.744326054351404,19.762743797578416,0.9802223024403347,9.248381124945809,3.861354906105488,30.48354706737212,0.9895540634719651,8.18468902343758,2.8513756722206294,29.232976582732412,0.9868677479757471
T0_S69_LSTM,48.38464356598745,16.175237482244317,117.08355141652022,0.5621799391318336,0.0,20.034183468168656,12.659077962239584,86.37757225710975,0.9588155777356119,17.36841322032262,10.612247043185764,193.78595999872894,0.963158591000747,12.183210745133353,6.161512102399554,172.90919828116412,0.9709023204966893
T4_S129_SARIMA,14.941703430736336,6.506349634536989,259.4213785790115,-0.4648361798731484,0.6794164252133658,8.955148614612742,2.376223552805824,17.001822988604385,-0.06514491536986844,9.469591564830107,3.303071948283902,256.7670173977309,-2.4143391107959014,15.350048914665113,7.178389639373602,262.64495894909226,-0.36577045194406055
T4_S129_XGBoost,4.562839593807505,1.5077375299496405,21.97540535860682,0.8633973146754139,0.008631879463791847,2.475664906983262,1.0173297662404366,47.39855364176335,0.9185957977853892,1.4332567843656498,0.3667139445315115,18.559920125724382,0.9217846181704287,3.8993504387454245,1.5157833922161703,22.862291464719732,0.9118661544672816
T4_S129_LSTM,9.71787919696987,3.159482234973086,61.346040997277484,0.3803708709917272,0.6435546875,4.463478243350145,1.5934651692708333,59.0827477202727,0.7353877486424375,2.807047958609185,1.0504116482204862,71.61990841977838,0.6999844102050263,4.626766695187231,1.8767591203962053,49.80562963454357,0.8759166852550218
T1_S14_SARIMA,153.48192973348583,73.38885625084708,500.0,-1.217502254069886,1.4633696981029661e-08,164.14437242875675,55.87500000190519,12.469086306944044,-0.13105950738927552,94.7687976077049,18.62500000527073,4.156362565881363,-0.040176188176514804,165.5444540441207,82.80325089858302,500.0,-0.9673964120290488
T1_S14_XGBoost,15.727931679133585,5.214362579662994,114.10684730541693,0.9767141124462718,0.020194239914417267,33.6369158597023,13.313014074228704,284.21918990052524,0.9525030418818115,19.42539545614436,4.559968226071861,106.9694167664044,0.9562965316623578,19.34768517863121,6.787052544321687,138.11815913879678,0.9731267230879862
T1_S14_LSTM,73.12527662094816,22.034017900530802,194.69358030019427,0.49663314891544474,0.0,68.38942565429932,25.7052001953125,277.6678276309658,0.8036588312322149,39.71303450317899,10.323072645399305,268.0232005731691,0.8173404796588366,35.191491002271924,12.838237944103422,319.9231508176052,0.911092594202611
T4_S141_SARIMA,96.05544722878177,41.440254255631785,500.0,-0.7740197640334572,2.1682655273330314,37.79697930997473,11.045377892038518,59.35068101581019,-0.09130687755451605,59.2949836554706,20.27662856848565,500.0,-6.628968906111202,107.01274214938097,48.493255426767625,500.0,-0.7109475918547095
T4_S141_XGBoost,15.02258529708168,5.152672935912216,105.89459694927858,0.9566085848467816,0.04618198797106743,12.933879648585092,4.5650750090523315,357.04454693548615,0.8722119222630974,7.469131019354142,1.5928783527407278,126.13351728415711,0.8789485230164537,16.696243127126497,5.889695556407484,121.9221603408868,0.9583511281891305
T4_S141_LSTM,51.45336834906481,18.168268377130683,483.8797286524049,0.49097152360590635,8.484375,10.618685477028748,6.085062662760417,380.2339872849688,0.9138660783550363,10.189884720992044,5.696553548177083,493.5645951540174,0.7746962194818965,17.569741726017618,8.224903651646205,288.65377996577246,0.9538792377735607
T1_S71_SARIMA,125.92188168289381,61.22694876744858,500.0,-1.3913076246460299,7.642923049406529e-07,68.25930950916245,23.5000001900631,12.429510984258009,-0.13446281862659282,39.40953071981293,7.8333338543028885,4.143216089604649,-0.0411336427389839,140.76617365462315,72.30482801436227,500.0,-0.9675916968138321
T1_S71_XGBoost,17.881553627086376,5.804775607740422,77.73385474728445,0.951778186628875,0.0017857211641967297,14.876531579173285,5.26504590982222,249.05390019675414,0.9461147549576203,8.592621800800647,1.811724600786369,88.68889648348095,0.9505056816412975,18.966975336674956,6.147461756727092,85.00477840708382,0.9642781017733026
T1_S71_LSTM,52.24553199487148,15.582337301883971,149.56900762009852,0.5883469377115824,0.0,12.688210339462854,5.529642740885417,213.4817711963404,0.9608017007320396,7.568391329790152,2.7179633246527777,158.63549816787733,0.9616017782330533,18.72964093095918,7.530904134114583,261.9501117094173,0.9651664872290036
T2_S5_SARIMA,190.55049269264566,98.5357855504012,500.0,-0.9783922997376593,0.00019779601393395677,254.0048621978112,167.46596615694585,500.0,-0.9282917721488793,254.72204335183628,157.04421060563993,500.0,-0.6389890503733611,198.0061200915168,98.6938986245978,500.0,-0.8169310973626465
T2_S5_XGBoost,25.805634827306847,9.388295286360673,55.12403018922014,0.963715482228761,0.040341392159461975,42.18647697224657,20.236812469859917,229.7946840009086,0.9468093612927886,37.928325655924986,18.268356593222254,115.58964967683683,0.9636612206628715,24.833441449194805,7.94954251258501,61.563104267620176,0.9714204722728869
T2_S5_LSTM,86.30563706441815,33.33280922921651,355.80496127850154,0.5941452938818839,0.0,56.2150531098943,31.724568684895832,500.0,0.905551744937004,65.7653285390427,40.738545735677086,500.0,0.8907460920535231,43.72803611173846,20.484200613839285,500.0,0.9113862376279268
T4_S128_SARIMA,53.339302998545065,22.412900170247205,500.0,-0.9076237546485619,1.061405085797373,25.794973885572904,7.109634408947696,22.39745718542843,-0.0814099901758587,24.13044723328835,8.130277660411034,500.0,-1.6975284690955168,60.334356413164805,26.551979866359602,500.0,-0.8238062829222785
T4_S128_XGBoost,7.160317659464769,2.5759264593059696,51.26334136304447,0.9656234231269796,0.03216540813446045,6.326866816928492,2.625602699505786,99.74383207399991,0.9349424690194299,3.679739070912649,1.0032415874092193,46.05201278206236,0.9372708586853736,7.946721068669072,3.133998858619071,54.18474506670605,0.9683608157575797
T4_S128_LSTM,27.613907844948773,8.206858949798146,133.90379109252032,0.4887259016446419,0.0,7.4692389462513455,3.8717447916666665,205.14377981999564,0.9093280619986344,6.0696749950447435,3.0316365559895835,242.48675581673464,0.8293264709229197,10.138714881892753,4.919824509393601,191.70497006020716,0.94849905965702
T3_S23_SARIMA,163.65566846160974,82.85040985984968,500.0,-1.2844149255337007,3.050327431479489,54.455118994854196,18.920075101208063,500.0,0.0,166.1257308755316,88.60500506485697,500.0,-22.92261050282436,154.3367285701936,73.99651970423957,500.0,-1.1210459773777135
T3_S23_XGBoost,17.719835402259942,5.973054451990481,97.80096879146531,0.9732186631971523,0.12584495916962624,0.16033107093944723,0.08744793385267258,8.744793385267258,0.0,3.873546479901753,1.626713092180176,119.64995385284791,0.9869937438417369,17.249918828594552,6.389145478417742,153.8973813384915,0.9735036767469034
T3_S23_LSTM,176.55275896410416,113.31216912520559,500.0,-1.6586544901462954,15.19921875,4.999900885434066,2.7394002278645835,273.94002278645837,0.0,15.822585300715993,6.686652289496528,387.9749623414319,0.7829850508624372,21.858824212272097,9.100665137881325,247.92804637264686,0.9574533768181741
T5_S74_SARIMA,71.72600394198187,38.38659202605662,500.0,-1.3229695083652517,0.14098476350486294,39.48703309294404,17.394210402756013,500.0,0.0,84.42241946378255,53.97904767458944,500.0,-3.7348093938366693,69.06387090581508,35.606928398531466,500.0,-1.111686895247964
T5_S74_XGBoost,8.576050276876888,3.373177183457788,67.39463921625457,0.9667903059548555,0.08938300609588623,0.021667355671525,0.021667355671525,2.1667355671525,0.0,6.185574832392051,2.337749583258604,32.65507541752304,0.9745816683282398,7.999259218055656,3.3537975105268525,77.71528726762,0.9716712616352496
T5_S74_LSTM,34.57522957289999,11.692823200134569,134.5967213879314,0.46021553351924727,0.0,1.8905776677367567,1.32421875,132.421875,0.0,11.71308165684883,5.288079155815972,153.1392499613233,0.9088557546234766,14.578973971537419,7.080671037946429,216.61836951865698,0.9059017354719888
T4_S75_SARIMA,88.95293031248802,36.49825868707442,500.0,-0.9291942813000276,1.7458778488852105,13.041307155476202,3.7982483205551003,36.08558339419204,-0.08964672070565816,68.61807028312876,21.50309893665674,500.0,-84.99889624439082,94.07884917554962,40.22488407622322,500.0,-0.7883241664093685
T4_S75_XGBoost,9.03653577474977,3.007445379894764,41.8094490477471,0.9800905440858594,0.013477598316967487,3.4903870701531514,1.4582398555551965,106.33009398179911,0.9219468111084316,2.0348351306618424,0.5595272316632973,42.788092641756215,0.9243734427584366,9.269621282510322,3.403679629260469,44.45392998064904,0.9826385403595473
T4_S75_LSTM,48.027755718329274,23.71780264092404,500.0,0.437606835717849,18.1328125,8.519166110990051,5.246785481770833,374.2549828391466,0.5350163936360406,9.912988887158097,6.449008517795139,500.0,-0.7948374187565279,25.114139889631154,12.19813464936756,448.7419437646781,0.872562022335708
T0_S54_SARIMA,100.32668871211828,74.70516649127562,500.0,-1.2333749997875083,41.53973834558149,158.7169211621759,126.1562012936548,500.0,-1.604888335312289,107.84580177323986,79.5944562087728,500.0,-0.7440334663342734,99.64835792705792,73.78495234919897,500.0,-1.4075131086048809
T0_S54_XGBoost,10.0161760019237,3.7571549328159914,24.592310299825794,0.9777396192835793,0.05821390636265278,13.482315304485311,6.287102403274427,33.410610821991924,0.9812037328297953,12.838607421533744,5.774990881172319,33.566094689164444,0.975283659716704,9.133379090540199,3.168995362939313,21.65303077175048,0.9797748693737676
T0_S54_LSTM,47.88025406720932,16.93976399544894,143.92709967041043,0.49132360389951524,0.0,39.40869628750939,19.994140625,158.35006413088797,0.8394069353310034,29.919032967943217,15.555530124240452,278.7364443356209,0.8657719033546148,20.54607568827282,8.452997116815476,200.4570872152595,0.8976504035162214
T0_S11_SARIMA,52.17602174119754,38.459206783107014,500.0,-1.0748641821149283,19.58359004518566,76.37126790064596,62.131623339170496,500.0,-1.3548514833602292,54.62782681861332,40.62405176827442,500.0,-0.5549735762375021,52.496700040972094,38.58874224262366,500.0,-1.2320335905080455
T0_S11_XGBoost,6.06201600531831,2.1900711515632905,22.741987065051777,0.9719920123571398,0.02150551788508892,7.185165776261772,3.49554690772978,29.91726333622145,0.9791561899927864,7.478295602123212,3.1988603465724736,28.118499627013843,0.9708592703724055,5.60925618470535,1.8987069347806806,20.680116186234805,0.9745171928062479
T0_S11_LSTM,24.004924029130816,7.526967719411165,50.164911399221864,0.5608140678687297,0.69482421875,9.562334546990902,4.053016662597656,9.371913682143074,0.9630825761060525,8.081621894913207,3.5035071902804904,31.9007676677475,0.9659676278947837,7.110898714281013,2.547703061785017,35.9677315144531,0.9590470017512776
T2_S63_SARIMA,235.49347313817705,125.91482448989916,500.0,-0.8843567260588452,0.0003820783151249331,312.1636596481003,203.7896664692364,500.0,-0.9160427171329828,300.72632418911155,189.23543880160932,500.0,-0.697342584033541,236.64333840397225,121.72746149377988,500.0,-0.8876939294865327
T2_S63_XGBoost,27.70457872141619,9.371396173150712,46.108851023817685,0.9739199467564155,0.03173354081809521,32.87310438080541,18.080987735651433,98.69037619921774,0.9787518101715944,37.714170453960755,16.926573754831526,113.84575502372192,0.9733046429072214,24.73135601902393,7.440328708181152,67.39931919264485,0.9793823638534761
T2_S63_LSTM,113.36275229272094,37.34561843507028,216.47698443141027,0.563337260246541,0.0,44.83046399061264,27.171956380208332,500.0,0.9604827269550913,49.180761040176264,28.37407769097222,378.08157839484005,0.9546040503978125,32.61281259858821,13.889654250372024,334.9684861647529,0.9641474935872794
T1_S44_SARIMA,110.26277118078146,53.91508123817967,500.0,-1.4098025924184316,6.081969201480478e-10,78.39563125583733,26.95833333348402,12.438340555243444,-0.13410872953474695,45.26173880884832,8.986111111525172,4.146113554797908,-0.041034212446009244,119.60152447388668,61.75185481896621,500.0,-1.112861609776341
T1_S44_XGBoost,11.382900773166222,3.943175690876917,70.51530187130005,0.9743179574636097,0.014978408813476562,17.453469230335127,6.6850206586532295,155.91568716295984,0.9437872930102627,10.08155092848546,2.3291419027179168,62.052064037670654,0.9483515573465315,11.213219911442092,3.948469239788773,72.14199643917318,0.9814280160118402
T1_S44_LSTM,49.74621872076777,14.475263823732805,93.70924612660318,0.509494579706617,0.0,12.337996632105133,5.386128743489583,151.43309597400955,0.9719094485434169,7.225497876853,2.360444810655382,106.98455494055526,0.9734699487080801,15.126952016006518,6.143816266741071,158.37192213519538,0.9662012623532928
T5_S62_SARIMA,59.286937662227466,29.813313584924067,500.0,-1.3995487758365361,0.1515635014132818,28.85645011606391,11.023149052847257,500.0,0.0,73.34635059813122,44.24578593055162,500.0,-2.674494757786832,56.939757440627105,27.51422324621531,500.0,-1.1822144017318061
T5_S62_XGBoost,5.667581680423231,1.8941360237988984,21.43206727285496,0.9780715910856805,0.029602400958538055,0.048372439698963716,0.03947715057681004,3.947715057681004,0.0,4.992394319588189,1.4082372685273488,12.763101906243973,0.9829761269222038,5.878207036361381,2.035577056286413,27.371093277465864,0.9767428791973312
T5_S62_LSTM,25.45393651420134,7.696067992579994,104.01720021349598,0.5576953973508103,0.0,1.9399155268497985,0.8699798583984375,86.99798583984375,0.0,5.252166833131685,2.788396199544271,140.1597170146033,0.9811584061600407,6.958712280552924,3.454959687732515,146.24974045992244,0.9674070288212201
T1_S15_SARIMA,153.6003724666518,76.05488193790966,500.0,-1.3766830295249899,0.0007678198197268783,105.12889390179035,35.91675372503524,12.461098689858714,-0.1321448319737879,60.696195194385346,11.972460890587932,4.174664454237923,-0.04048202173911064,165.71784676770804,86.67130706582199,500.0,-1.1199096055333535
T1_S15_XGBoost,14.70840656623665,4.9866015752744035,84.81902015708576,0.9782069517914418,0.006395048461854458,15.873287575147442,6.357650809843714,264.68681377614814,0.9741897882780235,9.185863853649625,2.273854188646914,103.692663128617,0.9761684848974475,15.862749147229529,6.010514296716012,83.67144588202865,0.9805761331643155
T1_S15_LSTM,70.72361273249379,20.522172991738934,199.10432360134936,0.49613336379673445,0.0,7.833948186491063,4.122111002604167,259.10216507799026,0.9937133513666746,5.291694952671415,2.6318766276041665,212.15135103294122,0.9920913702060897,13.95051347100246,7.077222551618304,354.8381727664751,0.9849769136022944
T1_S8_SARIMA,158.6720925599315,78.11105710631546,500.0,-0.8371738502517421,0.0001289388235207989,104.5934598781622,35.04168615818441,12.449799694881209,-0.12643478266562003,60.38706221616128,11.680609626850545,4.154690643868128,-0.03886870321682312,167.04985011544383,86.48315716285441,500.0,-0.7613676153416233
T1_S8_XGBoost,25.66530482294791,8.031868772243671,101.47766177023773,0.95193355420003,0.004807075019925833,25.528380920807713,9.322967559681274,422.36333260894935,0.9328967527962878,14.752872591976011,3.241217863105703,154.14397852417764,0.9379950955598568,27.852513647018743,8.761452820700859,117.29942318767912,0.9510349031464059
T1_S8_LSTM,90.00468202100582,26.8234314256878,148.7242960177741,0.40887495436356736,0.0,20.055950229560512,7.4632568359375,180.78583199603528,0.9585825382311939,11.759653161993018,3.3775397406684027,149.24069020093538,0.960603115004112,37.1489420964173,13.800901867094494,265.56979683046313,0.9128934670888682
T4_S17_SARIMA,15.209907835084651,6.5217374326322854,306.9450442829885,-0.7077516666807455,0.3031692390521384,3.422820268556991,0.8803007960235166,7.893623142739709,-0.07063975699293401,9.910204624546843,3.169709723327743,290.25882017957036,-24.725421411288952,16.777950104412643,7.441344555561038,313.3482554893323,-0.5743037404901625
T4_S17_XGBoost,3.9142072132196715,1.1739657893681505,20.471643988669435,0.8869008922236099,0.005471755750477314,2.5726349036286495,1.0491016796246793,65.97097641537331,0.39517255273929985,1.4888976988790952,0.37952584611937507,24.97285409623931,0.41933323235515263,5.344271485530987,1.6374976765988063,26.64579186139208,0.8402695356896411
T4_S17_LSTM,8.662163629804132,2.7269791598525344,38.77611815535306,0.44610898567886104,0.286865234375,0.8932484886442477,0.5733108520507812,40.31998877431832,0.9270845170902786,0.7485069849326217,0.47669050428602433,41.99868495168249,0.8532463306321401,4.529436490516456,1.7789815266927083,36.757357519864684,0.8852641653110901
T1_S75_SARIMA,177.85625891684822,87.84865335256163,500.0,-1.3343695874884558,2.4711094045121887e-06,159.45440833781316,53.875000321818625,12.467153002424517,-0.12886785934903577,92.06104557730895,17.958334221049373,4.155795711791156,-0.03955749359089733,190.70685139465033,99.32244309853138,500.0,-1.091522102514297
T1_S75_XGBoost,14.791254620478202,5.383767293278199,145.35668746805757,0.9838548777832501,0.02970620058476925,19.341663444835074,7.752693184030552,405.71184458365997,0.9833904566880141,11.170322200541719,2.6633728391542615,143.15145930896108,0.9846951841769143,15.366194299162434,5.973514990160419,161.3952554565737,0.9864211651199433
T1_S75_LSTM,82.12136051784452,24.791866028708135,253.0659792334614,0.502327570338742,0.0,42.780724223950855,16.87908935546875,338.2298649044467,0.9187419657227998,25.208389995316857,7.865071614583333,336.6141379108572,0.9220552397604649,28.581399942023054,12.464160737537203,422.6393047633522,0.9530217471820545
T3_S20_SARIMA,78.18478004647187,43.341223729840536,500.0,-1.1525527333559404,9.669409876713758,17.010894927957754,6.9753489213294655,500.0,0.0,71.51245277583196,41.161710903232446,500.0,-127.12325690752832,77.55716489314173,39.9934687392347,500.0,-0.926785842333838
T3_S20_XGBoost,11.876235345316745,3.633086699115961,33.61328238167432,0.9503331115977531,0.024606335908174515,0.2599974038469163,0.122233462985605,12.2233462985605,0.0,3.541323328725367,0.9524272142702507,33.99305688506221,0.6858075225480005,14.326534259521244,4.20424193632789,41.97579150867659,0.9342536145108242
T3_S20_LSTM,75.10555431013059,48.37025181528484,500.0,-0.986339475618421,3.8369140625,0.790710745246662,0.4100748697916667,41.00748697916667,0.0,2.5238671042083842,1.1222907172309027,71.45713817161572,0.8404129715110171,13.055887033563712,4.49445306687128,53.692383287242926,0.94539877783553
T5_S2_SARIMA,89.30946505569675,45.81058488640625,500.0,-1.493418736638485,0.007071048000974457,70.48421250329257,25.991375745626446,500.0,0.0,112.42691699027192,69.30207305301137,500.0,-2.7501819246788117,88.37609594402981,43.75210297023076,500.0,-1.1239297376057502
T5_S2_XGBoost,12.536463450703447,4.072195832510217,44.86851484064632,0.9508695977100003,0.052297357469797134,0.06447711631594383,0.05939190726106366,5.939190726106366,0.0,9.657516897886728,3.1432051026107124,30.157758361698363,0.9723278637880606,8.99730182928925,3.430122321377331,47.805709981459465,0.9779861957505317
T5_S2_LSTM,36.00256159024917,10.882389050351376,109.90546178856415,0.5948022299882328,0.0,2.2404987698286876,1.3240509033203125,132.40509033203125,0.0,9.177570622296544,4.1714121500651045,142.18912516900346,0.9750099454808905,9.938291957038198,5.02771722702753,176.44374528534658,0.9731407412914225
T0_S13_SARIMA,83.49751610425504,58.53069266839351,500.0,-1.2578127388559817,24.014378842021156,122.59854413011911,101.54828612360073,500.0,-1.9459865701812684,96.7232914867675,69.83451081923646,500.0,-1.225408025381391,81.65506508221871,57.04767180975406,500.0,-1.2887838334341253
T0_S13_XGBoost,7.465637780456741,2.7976183953737332,20.303976565447137,0.9819501068061814,0.047752683982253075,9.529832043665403,4.670032488647848,23.943770908194693,0.982199564407172,6.894946327421876,2.729872287302795,24.933003306642355,0.9886913882161268,6.920414542725186,2.3172812224615233,19.37079025328735,0.9835599649610953
T0_S13_LSTM,36.82079520177812,11.042531574742075,62.055925734906246,0.5609367036100659,0.0,10.16496708788534,5.47723388671875,62.08414711117863,0.9797478054609894,8.454370396681217,4.20066663953993,77.5673903928577,0.9829976067238866,9.307153278225439,3.6509581066313244,95.59194801404394,0.9702647050129605
T1_S36_SARIMA,73.92636110704991,36.62441496647969,500.0,-1.5059409799072507,0.0023995556691625932,48.30719282232906,16.250300593830918,12.419522968888046,-0.12759670779202725,27.890170794698378,5.417488404663939,4.211994994992725,-0.03919836605409066,82.12664071002526,43.0820246757481,500.0,-1.108052347723968
T1_S36_XGBoost,11.197098612848542,3.7003605886678317,45.15631285807976,0.94251120764944,0.0019505053060129285,7.731509014134281,3.2578284443879966,157.5918953055105,0.9711159072801604,4.475886110799004,1.168948900630413,60.83124035194491,0.973235806426884,7.95417901160705,3.0904875769740014,50.62065017420515,0.9802255690421559
T1_S36_LSTM,31.270108036268894,9.72260839288885,80.16373944140508,0.5516357853056135,0.0,3.353807779130295,1.85675048828125,85.57229505536749,0.9945649125932026,2.242027951196844,1.0754574669731989,74.1781621064007,0.9932845031025216,11.825133037715249,5.052429653349376,141.06885168650868,0.9562955816961061
T5_S6_SARIMA,105.68073022879003,52.562753301150266,500.0,-1.3818274512468487,0.04406296006071474,45.92604161123897,17.951871992004822,500.0,0.0,124.91006523305921,74.33255159610184,500.0,-4.048861387987308,97.87506226990519,46.86345904212937,500.0,-1.3929905550122732
T5_S6_XGBoost,12.07100768753622,4.031174408500283,42.20294843462498,0.9689253863081064,0.04716559126973152,0.04855883375149318,0.04579398389129589,4.579398389129588,0.0,18.103877064776373,5.5169170598059685,26.825766722159216,0.893942408320327,15.102189387490936,4.935661833431195,53.01803921441272,0.9430260006713067
T5_S6_LSTM,48.88767023052933,15.641080865449313,223.16971666870575,0.4902967910891476,0.0,4.073170319469403,1.49505615234375,149.505615234375,0.0,17.67668554912384,8.224027845594618,289.234752765981,0.8988885706007701,17.2619527509221,8.50272696358817,331.1693678323869,0.9255650795091213
T5_S56_SARIMA,100.25476102091264,48.64872265906324,500.0,-1.6001256968665158,0.004007802218311462,64.12723910339864,21.339675404166048,500.0,0.0,119.38921842380164,69.86818503652665,500.0,-5.507009689832027,96.00770576471828,44.67498906699732,500.0,-1.4160086172594664
T5_S56_XGBoost,19.205755439521063,5.823853679070679,26.203158072472455,0.904578306489815,0.016915902495384216,0.016915902495384216,0.016915902495384216,1.6915902495384216,0.0,26.405790176242057,7.656489967316803,30.8255193567857,0.6816905213870075,21.378148831607625,6.237553764174144,30.991015900622255,0.8802083662618279
T5_S56_LSTM,44.73726986043188,14.147242495888158,219.02799974604127,0.4822462110130462,0.0,3.5111215187540874,1.3221028645833333,132.21028645833331,0.0,26.10619062487681,10.55462646484375,277.97696162325116,0.688872610584377,22.414131724153155,9.773768833705358,325.3296080684911,0.8683168716974092
T0_S5_SARIMA,86.72084163441885,73.70341576650323,500.0,-2.10814187742618,57.835591952506505,103.49879365945863,86.90199694164589,500.0,-1.528511695257508,75.40316093403982,64.76514103184692,500.0,-0.8761252575158696,88.14129717380965,74.31045647090303,500.0,-2.56536244839609
T0_S5_XGBoost,7.494582431362366,3.048942368582301,23.46306157461496,0.9767860658576811,0.06402919441461563,10.054849846491821,5.225080784759484,15.844539764866516,0.9761358719904409,8.950832749061886,4.275243785154696,37.37633539235518,0.9735631558706178,7.501314573156004,2.7824358664552813,23.813737372825727,0.9741762346267966
T0_S5_LSTM,35.119013944618715,13.492512242075358,152.23001806520875,0.4902719964244777,2.7734375,21.812911718357682,13.2967529296875,69.59049889423132,0.8876891602762336,16.52616497091577,8.906243218315971,93.45918063841513,0.9098788150070166,15.6814746669966,6.384262811569941,96.25721306944138,0.8871455698458003
T2_S35_SARIMA,47.780191127357355,26.27843472019029,500.0,-0.6864419728482558,0.013545001482636168,58.873685336787666,36.261757121729886,500.0,-0.5079164223521395,63.97614436237118,40.68481323046021,409.4031301851789,-0.6398653638515026,49.384393395019416,26.281771374441405,500.0,-0.6711833536407745
T2_S35_XGBoost,8.55872443826838,3.1419698425558056,34.700063728288185,0.9458879826887748,0.04095924273133278,6.720277405562612,3.724692825538417,48.41983432912656,0.9803524126809431,13.628803706095962,6.691795575122039,58.98229108638683,0.9255803642401668,8.925999064296676,2.9488884559444464,33.37573141195161,0.9454043139245216
T2_S35_LSTM,24.385222636374642,9.465052846516148,63.14275731553166,0.5607324848842675,0.4248046875,19.9318384928572,11.850179036458334,85.77171422881645,0.8271658551356322,21.072150484086116,11.454657660590279,68.02250652985009,0.8220943317858189,13.8355736330897,5.3228265671502974,70.52125977395362,0.868828648271519
T2_S44_SARIMA,187.1879122727752,102.29928801104231,500.0,-0.8165628190851788,0.0043386184825898065,224.52833917562134,149.12211049228674,500.0,-1.603852697726753,228.01104562791264,147.68239435856748,500.0,-0.8689831979095588,178.12717634946927,95.51116259551402,500.0,-0.9758600342164903
T2_S44_XGBoost,15.402232798004587,5.793649276179868,78.89903631566416,0.9877012156568555,0.02185622602701187,16.26599149465368,6.737789400853217,98.96771979410674,0.9863341966778013,24.315240859664215,12.027875353168282,220.72802728354648,0.9787455056948221,15.925195314147476,5.298923326345782,109.00968633460026,0.9842069742109741
T2_S44_LSTM,85.109292726381,45.68518562864459,500.0,0.6244664154689752,26.765625,17.6778522249117,10.31817626953125,160.83468978811771,0.9838589016901327,39.45193769727896,18.558325873480904,205.7528616959294,0.9440461077859822,27.903110182988332,11.359622773670015,428.7852520875039,0.9515157102772974
T4_S54_SARIMA,19.9698805644813,9.857805484486844,500.0,-0.7795618046820323,3.4732947308209114,10.549209908657723,2.8356687114364045,31.617558718636918,-0.07529755595227838,13.037995253836645,5.282458899616758,444.262785820008,-3.7244570999942255,23.53676713912965,10.78086383851373,464.67467305785203,-0.5609771158779113
T4_S54_XGBoost,5.328232309869547,1.6256002763040591,21.53635635080956,0.8733140523840898,0.007008439861238003,5.594810004160613,1.7164108180829014,59.19151274384248,0.697545899919317,3.2351964999357636,0.6200499801763928,24.521808329490064,0.7091081185138037,7.160996921180461,2.2253698175350327,26.390696680615743,0.8555059749689689
T4_S54_LSTM,10.382675335711447,3.3883208498430024,41.10780521267831,0.5189605561889522,0.1595458984375,6.450854748984806,1.9860941569010417,49.01840340377938,0.5979099586043095,3.7686128360598126,1.0120612250434027,51.34245174223202,0.6052761950265539,7.432132578434194,2.5766983032226562,44.86656402230987,0.8443569217865449
T4_S124_SARIMA,46.910056137426416,18.656115586987728,500.0,-0.947548331081439,0.5212089482907758,3.6814234443571503,1.1273248958831068,19.61297381611716,-0.09888204675641599,34.5849123353083,10.636514387114525,500.0,-275.02680644022155,51.25872337809065,21.206593109312546,500.0,-0.7041393189327325
T4_S124_XGBoost,7.527890326994952,2.420853227588602,47.64150220581995,0.9498463083765323,0.013553840108215809,4.551475848377051,1.9332433581585065,109.58558327205428,-0.6796701944615893,2.6288341967140543,0.6743908163108345,39.526164116484665,-0.5947929001107444,6.472488548233337,2.5584848962025717,53.060759503445986,0.9728285943057713
T4_S124_LSTM,22.917961122617008,9.936518180883672,445.2664220226363,0.5351548591909107,6.38671875,4.57173929521527,2.25048828125,136.9548057938453,-0.6946594743309795,3.810417472249372,2.1945665147569446,190.09197736530956,-2.3506033798822985,9.664863795929138,4.793005080450149,168.1960423458,0.9394155734445131
T3_S76_SARIMA,67.5539912649,36.79256269452188,500.0,-0.9240670582923731,8.435871594193404,13.576064109699487,6.398106463140619,500.0,0.0,57.38302213809575,33.51262096496186,500.0,-44.01006841127538,72.37718076054813,35.915799460463845,500.0,-0.6303947632836027
T3_S76_XGBoost,16.33113122613691,4.106057358954133,43.322480198902575,0.8875522643564131,0.01868530362844467,0.021775812891128697,0.020416532138672967,2.0416532138672965,0.0,2.037842510073162,0.6249623719421733,23.427181840714166,0.9432345514534198,24.202621255315552,6.753666998103394,67.37225993486899,0.8176884194931424
T3_S76_LSTM,63.08674939785216,40.67839305822929,500.0,-0.678009744656336,2.228515625,0.5935156552149591,0.2565511067708333,25.655110677083332,0.0,2.561209452699996,0.8876130845811632,43.482658061141905,0.9103329192495935,24.9278873911124,6.655082339332218,30.41144161823804,0.8065982519545958
T3_S70_SARIMA,208.38908726157518,123.68394073494395,500.0,-1.574240099596305,39.434865026952096,26.83029554660808,14.88916927587576,500.0,0.0,201.75280100000833,119.00515391773924,500.0,-291.300867876399,211.67978918236858,115.87608763437444,500.0,-1.1459112876973596
T3_S70_XGBoost,26.704875682940454,8.329397996518823,141.64097908956558,0.9577253298818224,0.035962123423814774,0.6969318559218876,0.2339065046980977,23.39065046980977,0.0,2.7334970149951476,1.1678627787882254,75.71520716127674,0.9463427801186619,25.745073342233308,8.46823927254549,185.73037098610678,0.9682574916635315
T3_S70_LSTM,167.90515483152546,109.03028803921202,500.0,-0.671195145046499,19.828125,4.3938475307241065,2.07177734375,207.177734375,0.0,14.466404028235614,7.076877170138889,500.0,-0.5028379017921691,20.863041617768467,9.37317621140253,442.016897672013,0.9791546964196627
T2_S7_SARIMA,222.81796536245548,123.11402112063568,500.0,-0.7096256571637378,0.0018970369806049232,273.74042971038693,187.99058435508087,500.0,-0.7309481178233295,269.6938914179701,176.9829964557813,500.0,-0.7011818146705415,211.35075445084726,114.00726232457555,500.0,-0.8034649235720461
T2_S7_XGBoost,26.43157590267743,10.189043914641891,36.501212323737526,0.9759427083488947,0.017769495025277138,43.318001620032334,25.424265761626884,127.63423689798503,0.9566546027088879,34.848850056584794,19.84993909199127,108.5339461791269,0.9715956133608052,22.814247799098347,8.540268464249536,49.82971941638215,0.9789858221376878
T2_S7_LSTM,104.59672051240048,49.27333864640961,500.0,0.6232643190576768,36.0625,55.88772003778169,32.674051920572914,196.74418132625024,0.9278495661293262,47.909710505259504,27.691453721788193,201.987653363242,0.9463146726894774,32.46172450350065,14.513646806989398,351.15422977797795,0.9574555150543069
T4_S118_SARIMA,101.12575582769006,38.94311333538986,500.0,-0.9986454747988605,5.627141246755903,51.50147029183532,14.017937644787052,9.954047150752942,-0.07996801393354902,38.861451429476965,12.180549486553657,500.0,-0.7515350083570063,113.23320660108787,45.46460783904446,500.0,-0.9856756328117275
T4_S118_XGBoost,18.853609393454306,5.368061305081659,100.69453994242934,0.9305293737702274,0.03282122313976288,16.691730920824696,5.3517057454834385,193.47845292943865,0.8865578659881046,9.708914878613003,1.985428260018428,84.64545212887442,0.8906743230565237,21.748100796295553,6.932589320000261,134.45740724189858,0.9267507185833468
T4_S118_LSTM,54.62682718150236,16.80012388092479,286.7159707723268,0.41679108133309706,0.0,23.078272930102468,10.02801513671875,484.24481522229365,0.7831406020210504,17.693795448322557,8.015021430121529,500.0,0.6369028896515826,34.89597701670761,14.988801502046131,400.9935022429688,0.8114131447189837
T4_S24_SARIMA,41.05682787592589,17.447158942039252,500.0,-0.816755448647972,0.9787512554147219,8.71090590335573,2.384087016838859,51.49144522538872,-0.07641640810018213,31.566934397745868,10.94365933395596,500.0,-39.98336663590435,45.27077774023564,20.01579073006447,500.0,-0.6163757883078054
T4_S24_XGBoost,10.077973671512073,2.9153077174702204,57.870366803584616,0.8905357952438727,0.015251806005835533,3.356132781223711,1.3711984836651634,58.47383531362772,0.8402164985410863,1.9401945339351399,0.4943127806764096,23.215940383344755,0.8451777519263977,13.14642332173166,4.115373435967957,90.18856829402331,0.8636919042604555
T4_S24_LSTM,21.069312470485045,9.278514807304127,451.50700464717534,0.5215611745851818,6.326171875,3.455797938812659,2.2097981770833335,153.49132449127907,0.8305855903140713,3.4664233590034987,2.2415059407552085,201.6544296698361,0.5057962676086686,10.862308023397807,4.663683210100446,179.4700145902159,0.9069426559477157
T4_S43_SARIMA,20.40806550632546,10.085169486304597,475.9010717285948,-0.49127404649939055,1.0665890198964865,5.983695857923065,1.7290048260186641,21.53127447628204,-0.08796470168771742,13.958110045529299,5.649535034370533,500.0,-15.901946014583658,21.3619778586227,10.946077230537266,471.7625390046701,-0.4319497901382816
T4_S43_XGBoost,5.925221565496053,1.8889420487579296,30.328145467947476,0.874291984597927,0.012749504297971725,2.4883509603184706,1.038414202009638,69.60599914134022,0.8118522405048806,1.438298082858555,0.36937306557471555,25.525499537597018,0.8205343743088322,6.08566605682248,2.171532765513153,33.132932736980656,0.8837852897900855
T4_S43_LSTM,12.92167549497721,5.507978375448564,172.22589848883726,0.40215109102775737,2.9609375,1.7960172153763272,1.3952433268229167,109.2067173549107,0.9019840454396177,1.7130921130661687,1.2992350260416667,119.81763082837303,0.7454079104456144,6.298874834407795,3.2610909598214284,113.25050620607908,0.8754995772780714
T3_S48_SARIMA,233.3235972792515,126.44942614145003,500.0,-1.4131125545650267,21.943329903818274,51.25952618419409,19.96616315950695,500.0,0.0,230.30908293976847,128.0915359345689,500.0,-45.82649860616846,218.6525284669122,111.73076774871262,500.0,-1.2835456170820385
T3_S48_XGBoost,26.477235251995655,8.985259424284564,87.19560453518564,0.9689254019056589,0.054488759487867355,0.3577031754981945,0.1654386663188537,16.543866631885372,0.0,9.526662095100221,2.4569195250256195,67.5811767293855,0.919878130214971,31.794119965223818,10.882994642658602,119.2099820768183,0.9517169939297437
T3_S48_LSTM,218.3148016077151,139.85799667139372,500.0,-1.1126454331551776,12.33984375,2.4626599344205364,1.07696533203125,107.696533203125,0.0,12.299970313537017,4.273457845052083,256.5005944316686,0.8664396096683851,31.538936166208778,11.269912901378813,238.09125832186942,0.952488935142824
T1_S12_SARIMA,136.02547099973506,67.6080022099988,500.0,-1.1713741116023528,5.137341204241428e-07,105.37947302016605,36.250000061697854,12.454014422262137,-0.13421440691888709,60.84086711525377,12.083333503784367,4.151353129262505,-0.041063891767846084,148.31757762487425,77.69249338889219,500.0,-0.93291075316648
T1_S12_XGBoost,13.27306344049202,4.8966651528168015,122.02450651060647,0.9793254284013879,0.009288245812058449,15.50621825556044,6.5453194453536225,192.99361802652516,0.9754418923001984,8.95610620326898,2.2578432299762627,71.93821416134726,0.977440728898844,13.144247369583267,5.120605686276879,118.14795605355346,0.9848190831321153
T1_S12_LSTM,63.632522095140736,18.421478417501497,163.88841375132293,0.5248262369683125,0.0,21.553797366810834,9.3560791015625,206.4405746195802,0.9525506021090908,12.684210401062654,4.18890380859375,175.8346023471517,0.9547505329736247,16.221788761474468,7.261917840866816,288.6279761049301,0.9768780723430017
T4_S59_SARIMA,52.349787842226284,22.13615050409841,500.0,-1.032946026006647,1.730896429839631,7.6203091803465535,2.486210091287888,41.904871222095224,-0.1125905104063667,41.06756244728335,12.981362788467736,500.0,-90.65484845440459,57.05945129369422,25.759370812406626,500.0,-0.8083848056074479
T4_S59_XGBoost,8.970036910728842,2.620734403898709,44.42592496337836,0.9403123532414134,0.0076574902050197124,3.720796915232691,1.2749500678037293,120.38635250933038,0.7347459036617323,2.153123204428779,0.46224464721227476,43.85491329754663,0.7480610273358805,11.432537378004822,3.39902113417546,39.608488867506544,0.927402623385734
T4_S59_LSTM,25.11206179590061,9.18952876186827,322.24761124394513,0.5321994378792583,5.4921875,4.540688580525439,2.009485880533854,95.09386335100446,0.6049667962498442,3.367835629237821,1.7764502631293402,142.36011807880703,0.38360463331213346,7.966762837046334,4.037720453171503,124.36005085517981,0.9647467269306068
T1_S59_SARIMA,90.08081711386471,43.45476396623375,500.0,-1.3120907907868435,1.9688594502603034e-06,118.35979753237174,39.791667097571825,12.455702752501143,-0.1274279284205424,68.33506096654443,13.263890070603214,4.152004725427386,-0.03915009908310041,98.38404514228904,49.34866802556377,500.0,-1.0429404596009233
T1_S59_XGBoost,13.286043692641407,4.042989450203852,91.49797177412661,0.949704213638219,0.011558011174201965,35.96102538921435,11.167795099938909,315.574558449978,0.8959254611909208,20.762458561823255,3.7572054634284644,108.65222916154211,0.904071275875116,15.642133280645025,4.363319071142802,102.12321845319956,0.9483585624064104
T1_S59_LSTM,42.92341819791537,13.296527771288128,123.17271761927522,0.4750368134878187,0.0,61.932481448112895,22.315266927083332,234.21074532295924,0.6913137220617653,35.844546835459354,8.700751410590279,204.3031585972364,0.7140847637289922,27.709128519578496,9.045443580264138,192.83757417345544,0.8379488588738795
T0_S81_SARIMA,27.358578880523527,17.780032192239677,500.0,-0.994269844155727,7.138425694834153,39.94138861119691,29.24889654132423,500.0,-1.0516499047383134,27.87745796869339,17.935716572497714,500.0,-0.49429375064383674,27.372181470759735,17.76436080795765,500.0,-1.2595523915795188
T0_S81_XGBoost,3.7283513892957574,1.3544082681074852,14.691828018998299,0.9629634498125195,0.0060746637172997,4.3408320991059135,2.256175349621723,13.833320110195539,0.9757672383294025,4.352918330699674,1.9100125106698316,16.054715615854956,0.9635673569488792,3.254748285469326,1.1620488890921046,15.989801316941849,0.9680523874924103
T0_S81_LSTM,13.940828892102976,4.700894442471591,39.39386067279229,0.4821856918189067,0.37646484375,11.288721778154146,6.114644368489583,40.29684198099,0.8361122570006669,8.365757380803313,3.86008538140191,46.778834946310525,0.8654325039841507,6.318073317056054,2.368177504766555,29.46703796867095,0.8796148503283825
T4_S4_SARIMA,83.73482726348345,35.973441024302325,500.0,-0.6720048343892999,3.565551380545555,59.97124793079151,16.355324456976344,37.654527107901934,-0.07965401526747207,46.221589357141816,14.653641417503188,500.0,-0.829785629381248,92.2122553387624,41.37076084926387,500.0,-0.6543151263409068
T4_S4_XGBoost,14.817621960207983,4.813358278924479,106.81477778960141,0.9476420911989537,0.03945242241024971,20.16818509679081,7.786960336845368,368.83828250175446,0.8778953876839718,11.660047482875596,2.81138720539295,144.51947014503423,0.8835576127217178,18.582823983640584,6.100778921282091,132.7722430195022,0.932816228692566
T4_S4_LSTM,48.74471234914647,14.457556327564294,208.66130756328084,0.4333951403058225,0.0,34.125905079652355,12.091878255208334,327.33534067728874,0.6504037310455189,20.994406247400406,7.012837727864583,407.3329445052768,0.6224993914953538,20.88887204598914,8.739626929873513,300.2282289658345,0.9151071856043081
T2_S43_SARIMA,117.04513946885008,63.28590815214701,500.0,-0.8615951259315413,0.003917797124055392,139.97412088759074,90.70341899677528,500.0,-1.6312249906131018,143.18908597861554,91.15123398421734,500.0,-0.8514177729652712,112.52078824199516,59.96886289371574,500.0,-0.9837776596613503
T2_S43_XGBoost,14.554539118913548,5.723142175554213,88.77774330001061,0.9712143936719357,0.10265087336301804,13.959547297972891,8.08354757927979,83.06134549514947,0.973829913554001,23.209709233954012,11.041555472856594,253.42463152355973,0.9513565920127967,15.204589149233202,4.879269028659023,123.32793896785954,0.9637776316957644
T2_S43_LSTM,54.27647827850737,31.501074101936304,500.0,0.5996850699072036,29.40625,12.992525686594401,7.537495930989583,130.1239284074645,0.9773300972873211,25.475060375580856,14.731818305121529,176.61978036103514,0.9413976490867666,18.22415239924458,8.58702886672247,303.0334366074823,0.9479618150310456
T0_S61_SARIMA,82.14951056297427,55.30302929784248,500.0,-1.2967005576483634,23.7518865951984,127.70387042642734,96.86445894054577,500.0,-2.331819425324656,88.5828338758857,59.95200793414344,500.0,-0.9253795332937254,80.9848438872698,54.69852692544203,500.0,-1.516852390971088
T0_S61_XGBoost,9.97181115398959,3.694379798216861,25.800807777198425,0.9661590531584412,0.029455109499394894,14.238250902866518,7.420434909795101,42.43231845919666,0.9585822388438914,11.347146976408899,5.256960763156207,39.42083754004162,0.9684070215123625,9.236199122872266,3.5324599380006214,28.891700573195777,0.9672631550444352
T0_S61_LSTM,38.5643664570621,14.18511992094049,155.56332803861318,0.49386447912793185,0.0,25.21586459472254,15.364705403645834,182.60790099450196,0.8700964369099825,23.297857782069087,13.80778333875868,302.49176531114284,0.8668168780164002,16.29322407579651,7.561739966982887,216.7723151381084,0.8981257774324929
T0_S46_SARIMA,189.50585385359213,138.50081654932916,500.0,-1.209241283350436,71.6011298841114,265.5293188974914,217.21988589315256,500.0,-1.706189615004162,216.42141367131188,161.92129250317555,500.0,-1.271844151930687,181.75635508320556,133.9279662850478,500.0,-1.2851979437119536
T0_S46_XGBoost,23.03693892363931,7.517737935229236,40.940252802359424,0.9673526878161174,0.02207265794277191,24.70812921550363,12.908252033094564,26.555700108472223,0.9765678041848724,20.54323404772902,8.296908609569073,50.47854506690912,0.9795301007747168,20.294727110398625,6.2625328838891745,38.93779052696883,0.9715087799503302
T0_S46_LSTM,90.69650058950339,32.15333958675987,288.9877451870839,0.49396686925553235,4.85546875,49.596795685447745,26.774007161458332,87.34459861566522,0.9055851086331977,43.00700429098659,19.709730360243057,143.3762075814816,0.9102867766386498,43.54221481261555,16.027337937127974,248.4384921970866,0.8688507996318007
T2_S34_SARIMA,197.447224052967,104.88484456471377,500.0,-0.883955657324172,0.0003764610813489301,253.70096285936094,166.32796113912508,500.0,-1.1215118123138472,256.7715367200065,161.56765325563026,500.0,-0.7204278613121631,199.31876955233395,102.2231521671051,500.0,-0.8628449327150582
T2_S34_XGBoost,22.226397607953853,8.331847191337078,69.25803674113767,0.976127012515895,0.2131730243563652,25.695567067284344,14.541137516188124,179.66087008537522,0.9782370564224885,29.798500291944876,14.373204801645544,88.0480485553824,0.976829707239691,19.5276399931281,6.366438873072011,58.38427376041307,0.9821194929731714
T2_S34_LSTM,89.43901256012107,28.69482421875,198.4828729145274,0.6134349344841314,0.0,31.067740795867834,16.637451171875,408.0071098025289,0.9681858320494322,38.90466789279438,21.020490858289932,321.333100323817,0.9605046350462744,25.92302032887399,10.683285667782737,305.1645729903412,0.9684897745377258
T5_S32_SARIMA,102.71019524389172,51.017014120105905,500.0,-1.6507646450917255,0.540746719086691,40.55572763210087,16.563811940377068,500.0,0.0,121.08543140436934,70.77335731302846,500.0,-7.002252022343583,94.68495456556373,45.04231252649544,500.0,-1.7489023105693526
T5_S32_XGBoost,14.257055401219807,4.477154484508853,51.407004523148295,0.9489255457899441,0.06478463858366013,0.10402989276337211,0.08535000402480364,8.535000402480364,0.0,23.651928352737738,7.66285011306819,39.868364274879085,0.6946755752375049,19.004346390167125,6.343354318002683,68.84168407316639,0.8892603283635677
T5_S32_LSTM,47.06716302223194,16.361298337507478,250.9718108448991,0.44335270388210624,0.0,4.471546299748505,1.6596730550130208,165.96730550130206,0.0,30.413941887280952,12.763743082682291,316.1493767253719,0.49513663032452726,25.59444895687691,11.394712902250744,373.6822276198557,0.7991420973318566
T2_S19_SARIMA,149.80684597987673,80.24535329317824,500.0,-0.8702007387039923,0.0010748196874112137,190.9621375567888,128.37762526158147,500.0,-1.0701784246676405,191.6290829252306,121.75089961128502,500.0,-0.7161358654411585,151.83453134078084,78.37639536866688,500.0,-0.9340308916729267
T2_S19_XGBoost,26.234013548592756,9.803311272909749,53.55913859327115,0.9426472323699983,0.15928618609905243,19.10865500409725,11.099465903515616,159.79695107636857,0.9792712324001697,26.595903594102435,13.394347718502912,75.62721973511803,0.966943389138522,17.414150407466874,5.8361082593771805,41.97901788835812,0.9745594273683954
T2_S19_LSTM,72.13766088261696,24.69992912328985,220.27701809991038,0.5663403500128439,0.0,22.928574817008137,14.693684895833334,406.88171302814027,0.9701552898654111,33.16717591956295,19.931081136067707,317.13851069627583,0.9485902118933459,22.424569222577382,10.593052455357142,341.0325585740735,0.957813789240195
T0_S51_SARIMA,89.59825272192101,61.747271019520866,500.0,-1.1869309826022847,24.781313652926965,131.99577206148382,106.13119664506905,500.0,-1.5151252384791487,102.41610756572197,71.99434719277004,500.0,-1.0378878513104683,87.95299339175358,59.55924117164304,500.0,-1.213387578967669
T0_S51_XGBoost,6.7016478971267235,2.5833513467117553,24.88584158025812,0.9877651342255098,0.05099749378859997,6.501131381507227,3.9804682987354076,19.872229090503847,0.9938987691206067,5.941642006443952,2.958161946502514,17.11568486243137,0.9931410646247697,5.299794940162335,1.9903427541188041,20.65332317887058,0.9919633630241063
T0_S51_LSTM,40.33461465335892,13.057974345376048,122.79846737307167,0.556808093528517,2.0859375,12.772440967806215,7.094492594401042,28.43584401165476,0.9764501913722715,10.147354646203823,4.977191501193577,55.86013078775773,0.9799944992514372,12.75239491466535,4.790383475167411,94.22065131479707,0.9534692850369169
T2_S57_SARIMA,221.58438481330276,120.87441710164231,500.0,-0.8617526097920993,0.0012499299215011752,269.3071456976821,179.87760598536457,500.0,-1.795024489059744,263.85342983961016,170.11197821467212,500.0,-0.8988111686465894,208.15819925959934,110.73630059364396,500.0,-1.072823569204301
T2_S57_XGBoost,16.710916257834715,6.591102571909691,51.64591202416512,0.9894112622390453,0.006672206334769726,22.30573983406517,12.055488418166837,30.687501254664625,0.9808255406038338,26.613879882452565,14.270033077323912,149.8061270473633,0.9806815323733246,17.425638995571465,6.1871393099108465,71.34371069750125,0.9854737766015474
T2_S57_LSTM,102.90967420794621,51.947986365505386,500.0,0.5984347960847578,30.53125,22.900177846328774,12.903826395670572,166.39674870793334,0.9797899413554647,35.43770165031506,20.531188117133247,208.47858872057148,0.9657478856985813,25.941595374744185,12.714525858561197,480.892490287797,0.9678064658070201
T3_S25_SARIMA,160.31089411520537,89.75096261229716,500.0,-1.3464494705057382,21.10727405032153,40.177988907291834,17.18168420330039,500.0,0.0,153.2837068534004,88.69350338908377,500.0,-57.609493647581125,151.5023146975966,80.53671435962126,500.0,-1.2237919134255297
T3_S25_XGBoost,12.964774012758411,4.59166734024791,82.07453219394732,0.984653298861832,0.01812063157558441,0.9791147135190649,0.35741502061137,35.741502061137,0.0,3.290665789173711,1.2719021491777514,65.60306616372087,0.9729888215010133,12.46739627941557,4.3580911361066335,106.71772974705047,0.98494061841057
T3_S25_LSTM,165.32855548667527,104.5422258879009,500.0,-1.495633898784455,8.94921875,1.9809350752277823,1.2072703043619792,120.72703043619792,0.0,4.605413118145419,2.487306382921007,222.0075376803282,0.9470929961477069,10.308603931984107,4.463579177856445,163.8207502784211,0.9897043133092539
T1_S52_SARIMA,114.22682016610628,57.466474710561066,500.0,-1.372867232918443,5.723543391117887e-05,73.81423799043169,25.041674886894054,12.431659396261557,-0.1300613456205637,42.616670173810235,8.347244813284332,4.145871564051881,-0.03989462523522147,124.77247487371376,66.45357444059123,500.0,-1.054153306544165
T1_S52_XGBoost,12.679097356876854,4.2801373469148665,71.27927413918553,0.9707642702872092,0.009983459487557411,10.167011454727122,3.3706807419657707,185.6595761894849,0.9785608104446889,5.901909800385856,1.2673637302230216,76.26687368660477,0.9800558541052778,11.239469727415429,4.199113088194281,84.5133481562992,0.9833318685070567
T1_S52_LSTM,51.32498351415826,16.13953125876103,148.2950848919404,0.520934493548583,0.0,6.338956026833743,3.4202473958333335,179.2457245048699,0.9916659286047951,4.204713499990857,2.0893978542751737,154.6801137346962,0.9898771424536869,18.155748823475253,8.321124122256325,265.2773972197622,0.9565065752885223
T0_S56_SARIMA,128.05734367611672,81.1301401388729,500.0,-0.8194467356985211,15.71694529982636,176.81600241121845,143.72237189525035,500.0,-1.3982585803775938,134.20549023917818,89.41891561665324,500.0,-0.6154722807198454,130.48650099392034,82.40111429585939,500.0,-0.8837237776381102
T0_S56_XGBoost,13.821119394690925,5.762166258407775,66.380004593464,0.9788058108628765,0.1399134173989296,16.088967506515655,8.857302525391182,49.907087633690566,0.980143201849299,18.13237165228461,8.636022601464195,70.1414171164238,0.970510448403079,13.540670206772356,5.345317647384945,55.57831533742736,0.9797154036579729
T0_S56_LSTM,68.53052629075343,24.873247794557415,147.53554919147214,0.4789270813880926,0.6591796875,26.223754180951993,17.5205078125,118.62969000804571,0.9472475539041253,25.372163328760156,14.603068033854166,173.87392561866423,0.9422603772931347,29.66855994856812,12.99908447265625,215.18420224779166,0.9026179343220799
T4_S49_SARIMA,56.176896129060175,25.22788862379511,500.0,-0.8108780787627601,1.231939389514435,16.769051904110228,4.808263467581782,33.14311977596796,-0.08747530676392934,38.44014340310994,12.55807859966663,500.0,-15.27763755624521,60.72828075343678,28.91813711389743,500.0,-0.7412361422929805
T4_S49_XGBoost,8.078015877232174,2.694635189925688,42.39869779818682,0.962555922422458,0.005498338956385851,8.155467753060256,3.18086798657896,200.9749883798865,0.742782723187968,4.710089117680638,1.0967552038879755,70.63825029612771,0.7556121422852909,8.936092403447613,3.034792623252586,55.50613415183056,0.9622974258672954
T4_S49_LSTM,30.338201565070914,10.6638458105936,277.35943000811545,0.47185472794478756,5.44140625,3.4826232033964035,1.8953145345052083,168.51662416811342,0.953095407766347,4.158176723054177,2.32550048828125,225.54510573398917,0.8095297018127942,8.616559494806877,4.024380638485863,135.41860465058946,0.964945523746122
T1_S60_SARIMA,176.86821220432213,87.07198566541673,500.0,-1.2715746827290735,8.519071052448502e-05,118.07289516416404,39.62502035819325,12.456909368845585,-0.12692040017343587,68.16941780705656,13.208388933206624,4.157184503835686,-0.039006346078019005,190.1234185655652,98.70936272734644,500.0,-1.0132372892309087
T1_S60_XGBoost,24.57793866214314,7.529842864100389,121.08486180737619,0.9561349771547263,0.04405069723725319,15.53191612032632,5.215141862475623,218.27461630700498,0.9804996283217858,8.967936067180577,1.7880154172889888,77.72168508204642,0.9820185778452789,15.82869754156435,5.764018840780149,102.87255790994804,0.986045505858728
T1_S60_LSTM,83.95878168556278,24.473147451592403,234.15266901935178,0.48812996837161093,0.0,18.46253418498489,6.7537841796875,269.60781710828826,0.9724465845173473,11.32152632890421,3.904056125217014,255.1487455682141,0.9713417945388823,23.1499157602884,9.51397705078125,409.3219481933182,0.9701514961869985
T5_S51_SARIMA,66.38603844871945,33.613174760353715,500.0,-1.4256689048948221,0.00031149061965503094,54.24529769210307,19.953770439585792,500.0,0.0,78.16986930976837,47.25161583797374,500.0,-3.607448076559886,63.54404746320626,31.139518436877406,500.0,-1.2044375237923401
T5_S51_XGBoost,7.920361884936681,2.4404574210875842,23.476012159699287,0.9654722669734235,0.010828336700797081,0.07384308996097481,0.0252941968695571,2.52941968695571,0.0,14.005493055627769,4.190715369354519,15.017472370385404,0.8520964892158656,10.040804695504228,3.08775304213521,26.186525983117075,0.9449591557929418
T5_S51_LSTM,28.63451803546232,9.725758675753214,194.3489919440821,0.5487078596513302,3.029296875,2.3260277871436403,1.423723856608073,142.3723856608073,0.0,11.744136754661403,4.561922709147136,124.16587709024698,0.8960022658044738,10.584867935887125,4.860202970958891,166.04853284090336,0.9388327529395143
T2_S49_SARIMA,162.29788353467612,81.30991242992187,500.0,-1.254547220678003,8.472264952747981e-05,231.91800911125256,150.83579263194778,500.0,-1.2494875896768738,228.1696611369317,137.6119297410363,500.0,-0.6770946551055599,177.1999562431146,86.14294701590052,500.0,-0.8838011254832687
T2_S49_XGBoost,34.3774904758288,11.69094687914888,61.09973855351684,0.8988462555321816,0.02957384940236807,35.85998853923922,18.101003603602294,256.1879700428655,0.9462182479663921,29.454516095771226,15.595419959818376,106.98501186898737,0.972052332716117,19.289977275940217,6.818657620446867,59.34134028203667,0.9776760385706489
T2_S49_LSTM,66.76264156475007,28.154597086199164,334.62699866117947,0.6184946375215474,0.0,43.941613610698184,28.423624674479168,500.0,0.9192455144149363,58.75527198142213,37.451989067925346,500.0,0.8887921455342899,39.26197932088053,19.023206438337052,500.0,0.9075190651124881
T2_S58_SARIMA,98.05589053757309,53.2131772662547,500.0,-0.7698414365042368,0.00019675707241315998,123.41883615996099,83.09843893927562,500.0,-1.298567704236063,122.12236025461014,78.90781600272102,500.0,-0.810569584406098,93.31804928484848,49.30875323514448,500.0,-0.8556366857107831
T2_S58_XGBoost,10.644722586979805,3.9713530149870624,28.926666708211446,0.9791428157459572,0.08213166892528534,9.424866504168772,5.116456778986806,59.641760204288644,0.9865956789255352,10.61645303487932,5.533635275268655,41.49315221736732,0.9863169243666419,6.960574843374512,2.4610092372853876,26.727905738753787,0.9896759081058143
T2_S58_LSTM,43.743717561827125,18.21438730048221,500.0,0.6477764743735535,11.57421875,10.682403965479777,6.1670481363932295,80.00546280608096,0.9827800295669386,12.613169042199361,7.494437323676215,96.07262920241966,0.9806859534307706,8.705665045695756,4.195101783389137,139.4939912681129,0.9838502593139111
T3_S0_SARIMA,99.98900342414603,52.15654384756402,500.0,-1.1384713242234925,6.106554152901457,23.038444596969256,8.961285735618798,500.0,0.0,94.89915745123122,52.39782945492214,500.0,-42.15715083117962,93.53320186469898,46.41290134548374,500.0,-1.0761699265570113
T3_S0_XGBoost,11.981745198632115,3.67930845405492,63.418545194042316,0.9692928782629068,0.0917908102273941,0.24777720372041923,0.08989884440476696,8.989884440476697,0.0,2.15014338510027,0.7232952322810888,35.76292357239938,0.9778454518430113,8.943545603830346,3.010924520791464,80.28505555730202,0.981017616439328
T3_S0_LSTM,114.2041122363555,73.17332086152437,500.0,-1.789731688553776,9.08203125,4.928676235499322,2.7004801432291665,270.04801432291663,0.0,7.369491813118544,3.738147735595703,351.40432652661417,0.7397425719012802,11.53972200759441,4.695922124953497,202.4814969971041,0.9683974602366465
T4_S45_SARIMA,20.97123928043867,9.222200477551937,500.0,-1.1089310704220505,1.1967223398366396,5.974420818650255,1.8146186328060487,41.202097165447285,-0.09551732147670022,15.528617142235642,5.638285389945508,500.0,-20.27724012553144,23.821211067355502,10.699633842883722,500.0,-0.7552697706982241
T4_S45_XGBoost,4.382591607948295,1.357505532197499,27.415990634622027,0.9078964860698882,0.00815639365464449,1.8597883327918174,0.8119311476669585,51.0284457921757,0.8938415259633284,1.0753383879481504,0.29059762371737935,19.004872713564556,0.8979671472772192,4.524685203254363,1.6932268484706583,43.07527611758486,0.9366724133557649
T4_S45_LSTM,9.126905133483676,3.561690773119767,120.44119768566495,0.6005510655544247,2.07421875,2.6929013939654634,1.259796142578125,62.682614381285916,0.7774290232562597,1.7634240749594088,0.8861634996202257,67.51735000318038,0.7256131707907751,4.238582351061262,2.005897885277158,66.68223462236176,0.9444278179205737
T5_S70_SARIMA,113.6920393587441,62.36466071371422,500.0,-1.1851905603112662,0.5920996138549917,83.83020833008115,37.43655063015037,500.0,0.0,131.04645553820924,85.0229504530549,500.0,-2.7208887608356815,106.76136205105658,56.67189854572575,500.0,-1.0760149933228527
T5_S70_XGBoost,12.65072462068906,4.902484689727782,69.08106452264983,0.9729442232546746,0.027318980544805527,0.027318980544805527,0.027318980544805527,2.7318980544805527,0.0,10.091652423141426,3.678262366395858,31.926813818422765,0.9779341481997312,12.28392213470186,4.942012426554269,108.74174989048993,0.9725162250416635
T5_S70_LSTM,56.736416756644154,20.5027801659689,320.2135985551019,0.4558069257679934,4.17578125,3.994669660804791,2.5320638020833335,253.20638020833334,0.0,18.748404488672815,6.850233289930555,194.90809259859662,0.9238403818169056,23.082008262878418,10.723551432291666,349.54643252805204,0.9029602970627195
T5_S9_SARIMA,118.89046700110589,59.92101181909799,500.0,-1.4031209219780765,3.2024098810671305e-05,71.60815864983927,25.828565381665886,500.0,0.0,140.65995952655723,83.65512621947975,500.0,-4.527614294658923,110.02549416498611,52.8432227794065,500.0,-1.5180303555679937
T5_S9_XGBoost,18.667716582192774,5.494941819699829,69.83496101228233,0.9407533285782796,0.03920498117804527,0.06393983009278484,0.04899575002491474,4.899575002491474,0.0,31.02987187391773,8.637770314907861,33.188681089754354,0.7309972500549888,24.94388780680621,7.506316594646445,98.16336908832571,0.8705796426469381
T5_S9_LSTM,55.99536681218276,17.663321317097786,216.6956114210683,0.46692815344918537,0.0,3.6225605849950306,1.4564717610677083,145.64717610677081,0.0,27.359566309672932,10.101603190104166,267.0284824188121,0.7908705608276156,22.984696653611874,9.7735108875093,337.476416949217,0.8901115978404603
T4_S97_SARIMA,9.895122969624103,4.7776500894942835,214.93894661302048,-0.388464426426385,1.8485690854610413,5.493435152601466,1.387072906781799,8.949021010064232,-0.06568756979231183,5.845829895606373,2.5801171643629743,214.75895988025883,-2.466114958439578,10.381717089121734,5.213403976878625,216.54978835689192,-0.4298377596913847
T4_S97_XGBoost,3.1094331574076466,1.0270693307554764,18.464713628536277,0.8628945190427244,0.007643490098416805,2.133720449644314,0.672859071715114,25.755063899258086,0.839225586207794,1.2336897666265798,0.24131412483337852,10.287798059253413,0.845630129670578,2.943936237744371,1.0607014708983202,17.284358243156774,0.8850245332761307
T4_S97_LSTM,6.988138798910186,2.3950767699611246,47.184513519539486,0.30750696344369277,0.3978271484375,2.906091096509263,1.4106547037760417,80.08034788532021,0.701763809352143,1.8762223561873304,1.0120137532552083,80.87300116142617,0.642958064800544,3.5656862092622115,1.6359717959449405,60.07834001787332,0.8313312505477779
T4_S19_SARIMA,75.49117812626476,33.241917316484916,500.0,-0.7452699831897116,3.4343211050432054,26.81408726505983,7.586117124041624,35.82024197084748,-0.08548354086171717,44.012081510779794,14.180518624299935,500.0,-7.327648107601606,87.3821237559773,39.26610605037332,500.0,-0.6315973573320839
T4_S19_XGBoost,10.159802017024909,3.796839321350777,80.32770273631144,0.9683888203351585,0.008061293512582779,7.252669833431931,2.737647983400772,180.2906277258234,0.9205867407691787,4.214084595371905,1.0296347448602319,71.80541761460526,0.9236542180981306,11.195817393133702,4.765699497351999,87.71188986635872,0.9732157546477047
T4_S19_LSTM,38.95456547581788,11.550603693181818,159.07958615498794,0.5352847314216884,0.0,5.046946026092646,3.142333984375,275.03655860242804,0.9615448485333714,6.5603804135489385,3.582821316189236,345.2165183405663,0.8149723662538527,9.871788381800158,5.243934268043155,212.37166635638766,0.979176224368718
T5_S28_SARIMA,91.93439819219505,46.55821858471339,500.0,-1.4259810763925014,0.12606307594892285,72.99990804344337,26.391204676701324,500.0,0.0,113.62964413857632,68.59962724310847,500.0,-2.6825457928474994,92.56932909573584,44.7809411700533,500.0,-1.0059484254606144
T5_S28_XGBoost,14.431445053986629,4.494953362089047,43.44632910061889,0.9402206794932251,0.017892269417643547,0.017892269417643547,0.017892269417643547,1.7892269417643547,0.0,11.569298945106516,3.460422156026147,17.284295057952477,0.9618250084796541,12.368301345522672,4.158404266926006,58.22343517710772,0.964189890708698
T5_S28_LSTM,37.667598605379354,12.443803851113936,166.60864506341088,0.5927442717987816,0.0,2.797043143533501,1.692626953125,169.2626953125,0.0,14.342820818620865,6.26576402452257,168.25300615658801,0.9413275790199286,17.32551719691933,7.8820001511346724,277.64130380856784,0.9297319427739288
T5_S0_SARIMA,125.16914933943882,65.14735725271638,500.0,-1.1771608753914378,0.003976185742371635,90.42149402959227,33.73798738435538,500.0,0.0,152.9378876491114,95.00136292748223,500.0,-2.3294654221445903,123.6707750705089,62.041004882700705,500.0,-0.9134154101633254
T5_S0_XGBoost,16.02895716714616,5.164957596686486,37.866198606889,0.9642968564132582,0.027642665430903435,0.12897638312602216,0.05891292076557875,5.891292076557875,0.0,12.004133648440186,4.1155756009069995,21.5580558337198,0.9794880958722523,14.942048014281546,5.606068389856124,50.72161732351754,0.9720684293694444
T5_S0_LSTM,54.73922455477502,16.651926287053303,154.54570958067336,0.5836167972196442,0.0,2.6957333332973303,1.4864501953125,148.64501953125,0.0,13.22843068289771,5.8866992526584205,177.51460537056863,0.9750907308192602,16.760228816441533,7.711689903622582,260.91427118045425,0.9648573110093878
T0_S30_SARIMA,122.87757113962904,88.81408660530926,500.0,-1.319861224019125,43.537169011743806,183.53494458920315,149.52099723368858,500.0,-1.648928107631499,127.91696033794959,94.2756807120649,500.0,-0.6905692807143831,124.13122046943789,89.38604398422554,500.0,-1.5616985240543952
T0_S30_XGBoost,12.10717903683101,4.5171727429413675,34.943298616575426,0.977478220688054,0.01803995482623577,16.25316690358212,8.523182066429095,30.618846415502766,0.9792265498638959,14.394911919900547,6.563807170521209,64.93569213360482,0.9785910811880348,13.146692424771729,4.574367636412804,41.484614518669375,0.9712658091422516
T0_S30_LSTM,54.726130708470016,17.696384849730862,139.98706359501548,0.539842763690074,0.0,24.919112420107616,12.623819986979166,118.49270439265072,0.9511687568975884,20.831346533457083,10.955564710828993,250.53850376303103,0.9551655962349392,14.911691839121612,6.7256215413411455,206.4962875045181,0.9630325233378433
T5_S79_SARIMA,97.30427327737203,49.10215369676439,500.0,-1.5091980712281656,0.00017092729269097072,81.79085291024877,30.706550946074973,500.0,0.0,122.04640134967256,74.03617593376931,500.0,-2.6663686137476037,94.23917784552242,45.705759057959305,500.0,-1.2003431936197861
T5_S79_XGBoost,10.512221013043252,3.6478179741347807,32.76949478711071,0.9707139982278504,0.03505412116646767,0.07232683360043685,0.04658965254202485,4.658965254202485,0.0,12.75244667421249,4.374691162801658,31.85388083513214,0.9599711418251318,10.691115045397606,3.8619135963686166,38.856600008110334,0.9716812908617037
T5_S79_LSTM,39.93862950370516,11.834069356963965,125.05812595728874,0.577275485476699,0.2939453125,3.290963962424873,1.8718363444010417,187.18363444010419,0.0,10.902598572537114,4.77298821343316,156.00825537633645,0.9707418936958868,11.010891468166736,5.305853707449777,196.85808847372778,0.9699619033169897
T2_S53_SARIMA,153.2022133729102,83.11454404913535,500.0,-0.8696466588411851,0.00042566279684473304,191.74017639651987,129.68923036685058,500.0,-1.0139901206460986,197.84574275278177,126.96586026653803,500.0,-0.7181791931787127,154.22485940620376,81.19226649193949,500.0,-0.8464783517253744
T2_S53_XGBoost,15.284913157970559,5.722191865023439,30.849729022620064,0.9813896127804707,0.04041372984647751,21.59973714896734,11.531459115445614,64.68388894473681,0.9744419318964842,28.616176846887367,14.148255827228745,36.73574032746059,0.96405501898585,18.742117253250576,6.202058089370396,29.59587648186216,0.9727307775064906
T2_S53_LSTM,68.73199059722305,23.432490152605414,293.952733267281,0.6236886630939991,6.15625,19.098130303804602,10.970703125,170.41959743524615,0.9800192035759311,28.32526046762095,14.408074273003471,143.38020035522013,0.9647821482698561,18.691440273200705,7.029945736839657,146.95433356462559,0.9728780451316106
T3_S73_SARIMA,81.09574988435068,40.707087899844964,500.0,-1.3360321508029513,3.4909012112383975,8.460252988411542,3.0471398642021854,304.71398642021853,0.0,80.59556919813059,41.46722564280121,500.0,-244.03487548909192,78.58430195072756,37.21810542609519,500.0,-1.0944458504493206
T3_S73_XGBoost,11.046386937890293,3.4283516930291458,56.726899181472746,0.9566565844886146,0.015212588012218475,0.04166662335194389,0.02252209031333526,2.2522090313335257,0.0,1.814122617929088,0.5784789618725578,33.89636053617071,0.875852252643155,10.452952897081211,3.252318635405529,58.37521127373672,0.9629425506326657
T3_S73_LSTM,55.60980443545458,37.095714587343934,500.0,-0.09846282343924684,9.078125,2.6621649389515905,1.3567301432291667,135.67301432291669,0.0,5.668316327158387,3.056610107421875,292.86273904609163,-0.21203099161597505,9.328976282805346,4.280098506382534,203.56725956572706,0.9704834553816585
T0_S74_SARIMA,143.64005185986215,94.2598173642029,500.0,-1.13891458316973,29.660995819550774,217.4927728568995,175.05624790420077,500.0,-1.7207073643350532,165.80257791308114,113.7267485141137,500.0,-1.061973382898759,139.5294345663592,91.22689707355912,500.0,-1.2301192794009892
T0_S74_XGBoost,10.363610961098084,3.864402312776475,34.29599337296076,0.9888656584748766,0.02633337303996086,7.480116834355547,4.517805554748823,24.256349177049984,0.9967818303531121,9.66041892822539,4.592228097006834,49.16997655812878,0.9930000906184879,9.97575806396267,3.4215553927074542,37.614136195728555,0.988600436044673
T0_S74_LSTM,66.33417469938115,21.489249051472786,156.1420901885515,0.5438402148378798,1.9228515625,20.53081429637073,12.362345377604166,56.9222614921573,0.9757559862708296,16.59954617301967,9.00701904296875,97.17861668854003,0.9793322629803147,17.797775195570473,7.912132626488095,168.69236839581862,0.9637149390120601
T4_S28_SARIMA,79.79559379214146,32.19962873651248,500.0,-0.8204014431451505,0.7860853786025723,13.552620508362642,3.836001678708349,24.00059635940385,-0.08539836099358178,59.5022847340509,17.9598889313647,500.0,-58.60970130416494,87.82108698625795,37.67193954314036,500.0,-0.6365518052501322
T4_S28_XGBoost,13.128450863693264,3.7415245185652415,44.4208509429205,0.9507239014009788,0.024844985455274582,3.811781191783809,1.5378631802741438,84.33325304043015,0.9141384880588764,2.2128945896315293,0.5923482777499076,36.083806112662685,0.9175537103200041,17.096936392433893,5.282297253547031,49.184902295734645,0.9379747200651899
T4_S28_LSTM,41.983547411898016,18.342851118607953,500.0,0.4960730178868209,12.13671875,5.347689372838542,3.1750691731770835,246.70788420106993,0.8310045734370765,6.592466149533157,4.221693250868055,398.5696473812594,0.2682790678545035,23.872705371653854,9.293600899832589,311.6917067353636,0.8790696200243814
T3_S72_SARIMA,227.4477191320267,123.35626495248708,500.0,-1.0531020239069675,25.884538484990426,66.06311999828434,25.16713796300299,500.0,0.0,207.85408863388048,115.99700343548774,500.0,-26.976910311765064,226.48451014373774,114.55622254342272,500.0,-0.8656125785901143
T3_S72_XGBoost,40.19841614952368,11.290551498638127,163.96900248347913,0.935869408918253,0.12381335347890854,1.780396727794565,0.6948882720122734,69.48882720122734,0.0,6.995387894834973,2.388758833804685,91.14972591742217,0.9683111696613491,43.85254756335018,12.906876048561008,227.4150166142829,0.9300586343243877
T3_S72_LSTM,256.054102018399,167.5265789123243,500.0,-1.602021222339551,37.453125,15.765414562418227,9.195770263671875,500.0,0.0,23.090786954395377,12.325686984592014,500.0,0.6547290214757534,53.07848454458828,19.976425170898438,500.0,0.8975335993374751
T4_S55_SARIMA,40.624447115621095,18.38629637214908,500.0,-0.8284154346603536,0.9063455042787326,10.796795954679077,3.1663864934426287,15.899293745960478,-0.09292243086947916,27.54038901959414,9.341004040351518,500.0,-19.136864558974775,44.99060385766856,21.322751781573658,500.0,-0.713253548275274
T4_S55_XGBoost,6.500529809514411,2.311333064501771,40.108163458499945,0.9531836598109488,0.012731579132378101,4.225464967672132,1.451890527891616,72.89327371396021,0.8326026561758239,2.4425664685706465,0.5201556435527487,27.91697133020774,0.841603898072563,6.813137835707006,2.674769869589779,39.405120052789904,0.9607108759963549
T4_S55_LSTM,21.706957750370005,7.435803865131579,163.55536812972008,0.4779671006475634,3.0859375,4.568736074550783,1.7196248372395833,81.12056159569899,0.8042996092244388,3.0385525778756644,1.3855251736111112,108.27187665169131,0.7548763475981719,9.628952833335823,4.197544642857143,95.93464701964697,0.9215241345020851
T4_S85_SARIMA,11.50737528967187,5.345611632270347,209.89602583057868,-0.5523121332470717,0.9174783526050699,6.316148927892943,1.8010729920463573,12.717772959341042,-0.08739317967490745,6.497549536809149,2.48221279568527,192.42477082009546,-2.2702601385656713,11.310892378016362,5.761821786641939,224.4804412093453,-0.9517149839704202
T4_S85_XGBoost,3.508725289743942,1.098358927553622,19.66923682891087,0.8556804279498962,0.004123404156416655,1.749010215743691,0.714942238778652,47.73891946894028,0.9166191009260432,1.0118593992041047,0.2604292523335769,18.124490430382718,0.9206908230763273,2.769125243242551,1.0619610458344964,21.958605941100544,0.8830210137540309
T4_S85_LSTM,7.973453389105861,2.893836792576256,78.34673553096736,0.2547200843276871,0.87109375,3.006162609134077,1.4047342936197917,61.693609328497026,0.7536759486867243,1.9782474305086137,0.9981723361545138,73.55729360429068,0.6968592484834826,2.8161945679806024,1.6115330287388392,70.98811006243886,0.8790104200331145
T4_S95_SARIMA,40.298703928722404,16.01195300293748,500.0,-0.9676085030786286,2.0141387273955473,13.820110910677855,3.9430863515666594,10.629121120074066,-0.08833631609413684,13.745145121550308,4.87243750493931,359.3505791484004,-2.0518378516854057,45.69371577588017,19.063156337945685,500.0,-0.9047793348895703
T4_S95_XGBoost,7.412541063454955,2.4219049698223123,42.954369916963856,0.9334281298051078,0.01364352647215128,5.566418181022512,2.1483481749892235,161.20206168741726,0.8234402423051487,3.22327165308323,0.7824181335357329,60.36422808307158,0.8321750162176392,8.118481168320013,2.9345390340313315,50.805830816297494,0.9398713720403709
T4_S95_LSTM,20.879439826421354,5.972753059350703,98.28554775873539,0.4718050814087542,0.0,3.464926659180925,1.9432474772135417,119.11370830390027,0.9315886505280999,3.4823726671495496,1.8402947319878473,158.95912672630007,0.8041095395394335,8.920827534915798,4.057900201706659,142.5072872711491,0.9273990998488293
T4_S107_SARIMA,55.72523664673134,24.848196044029915,500.0,-1.0257016258010836,3.2734773019454684,17.702803838763344,4.669926946784344,8.501766322756987,-0.07457981666200908,29.07777584969632,9.572255973529016,500.0,-7.285120933625262,61.71359708944385,28.04950786159298,500.0,-0.9512138578723619
T4_S107_XGBoost,10.746882118818933,3.6159123510755062,71.69705759388003,0.9246580937734884,0.03164396807551384,7.552106750585935,3.2335779177956283,164.38914604553182,0.80443514721394,4.4266142777611375,1.2265622976960406,69.66668119159372,0.8079917700177977,12.399139882194879,4.681670445194912,67.2886946304714,0.9212362709910934
T4_S107_LSTM,29.72925640416543,9.389740866337096,125.20179886671123,0.42344634845764484,0.0,3.6184481805677313,2.3647664388020835,188.4705582285315,0.9551048651798894,4.5308710747631515,2.4638442993164062,230.38240138108165,0.7988408034615264,14.159720738189677,6.450511750720796,172.70232873396552,0.8972805875729666
T4_S21_SARIMA,41.706546356316544,16.92032571071735,500.0,-0.9423187282262142,1.6985806183701238,14.772918397518222,4.046915713335001,20.335478950984047,-0.07998326365447106,14.558745532974717,5.156897503245575,387.57105286371876,-1.9951083754686687,47.83190117229121,20.14339131421321,500.0,-0.8059539417987542
T4_S21_XGBoost,6.200154397629909,1.9598596532133956,50.93308354354912,0.9570743331730124,0.015285922214388847,12.076682231410398,3.8975949496186026,164.31222224173706,0.27826177753672776,6.973883077534018,1.3546151140859972,60.312420501891985,0.31275125604172194,7.674963284318478,2.4641188426896754,59.866362351891425,0.9535031002083986
T4_S21_LSTM,20.544770934021795,5.780061712675688,111.21469098876908,0.5286813249052738,0.0,2.5046867487210807,1.71209716796875,161.56335825345764,0.9689550286220305,3.773746747460288,2.026148478190104,199.39939497120466,0.7987619341427099,7.763563720101726,3.754120599655878,157.07226147360015,0.9524233753414625
T1_S13_SARIMA,38.8265609301617,19.54122598695155,500.0,-1.0728978902221886,0.004270297324825265,21.033767060544456,7.084437381925642,12.363539389738163,-0.12792145199517146,12.143851518394424,2.3640741583765927,4.380682903383951,-0.039294265288285724,41.9024237298518,22.33924682486822,500.0,-0.9583249675154659
T1_S13_XGBoost,4.954762198089677,1.635806520241112,31.514236775653,0.9662428563748622,0.01680915802717209,4.560333625962042,1.8598046771561105,30.245143650630123,0.9469802142178791,2.640421683093116,0.6735129148388902,15.439516795562044,0.9508671207714312,4.147554057115832,1.5599542313942774,26.753120889110626,0.9808137286374338
T1_S13_LSTM,20.634400126544353,7.367393092105263,144.9726923240097,0.4145312002165502,2.3984375,3.374940408442534,1.8690287272135417,90.71358091199696,0.9709613144217285,2.203060622285467,1.1813422309027777,86.07112582049203,0.9657958714692172,11.209136703161747,4.137300037202381,100.44560883942452,0.8598636492792585
T4_S26_SARIMA,12.77933185135318,6.49874041056439,300.9151456138652,-0.35637987240676905,2.1953834453221335,5.659076790264928,1.6205822035603819,20.705874091786672,-0.06454792636394013,8.29225678297784,3.8833256108080274,341.2151123260523,-5.531437498612961,12.49024189742176,6.738720195362463,294.628038302938,-0.4064537899217311
T4_S26_XGBoost,5.005501798834688,1.5995546855488079,20.720944899693926,0.791905652190323,0.007156395353376865,2.3917904143688444,1.0029594273073599,51.62743219953422,0.8098395107058165,1.3814498080879967,0.34926278501128155,18.703441657394233,0.8187268374628257,4.072718756113848,1.5342348150082952,20.721596926892058,0.8504616410938945
T4_S26_LSTM,9.401007788921438,3.636452414772727,91.25383956097951,0.2659699059573196,0.91796875,3.041422822183475,1.6420491536458333,91.21777398551488,0.6925123728543437,2.0005582239029684,1.2138943142361112,97.06038429725497,0.6198406452239347,4.597521878462099,2.3064022972470237,86.97704053521846,0.8094401606103161
T5_S55_SARIMA,66.50330310078076,35.73031399402639,500.0,-1.1123128711500478,0.0012300919753513967,63.81563020243333,29.431201895835013,500.0,0.0,76.60783995289222,48.22345903874791,500.0,-2.283980362109038,68.09923857157037,35.11165716440285,500.0,-0.8134908736475883
T5_S55_XGBoost,9.615411239390346,3.6401610935160345,79.17459325576277,0.9558421887419664,0.03205963596701622,0.1892982748614396,0.11596670451884468,11.596670451884467,0.0,3.2664442672916367,1.3440979133204867,24.9676650751169,0.9940295835884133,10.367950899059103,3.798925207877931,112.72792339162841,0.9579644508041589
T5_S55_LSTM,32.23278160564694,19.822412810257177,500.0,0.5037878617874427,16.5625,5.588828470266077,3.5713297526041665,357.13297526041663,0.0,13.875643353085788,7.059156629774305,309.4657687457471,0.8922641172484866,24.442917974449983,12.458841959635416,486.63348145718476,0.7663655058716954
T4_S68_SARIMA,26.750705472483748,11.40953273842883,462.339208844203,-0.45165627457689084,1.168819908605413,8.240660799529126,2.2647975646580996,13.277580996879133,-0.08080159370639373,14.757833015650636,5.427369037311744,471.6695119081973,-8.887313409004394,29.440862435088,13.344147208977652,467.94003366591926,-0.33508381901648
T4_S68_XGBoost,6.621605473319259,2.1880343119350916,40.23351899630512,0.9110553319919789,0.011812926270067692,4.278273202433173,1.6549433273418497,92.81821675827847,0.7086876284567187,2.471277372795204,0.5799888873007149,33.77351673810266,0.7227470969914167,7.592912589525378,2.6840310491277792,45.76498309171178,0.9111976871908503
T4_S68_LSTM,16.871671901072343,5.187321859113338,58.55596217801252,0.42255641833918844,0.195556640625,1.7251054367896281,1.1097920735677083,77.05973496255,0.9526354748309885,1.6644824539831857,1.0099521213107638,89.68872133300277,0.8742258011876668,9.915440908872425,3.930392310732887,70.96376779841863,0.8485631603304509
T5_S18_SARIMA,107.9591160892201,58.00688733884708,500.0,-1.360633992584809,0.004741569150790078,83.92048685511648,34.702418408403666,500.0,0.0,132.78168190373347,85.29837537302721,500.0,-2.495700418286712,105.48171943548093,54.99089761229468,500.0,-1.1101710113896286
T5_S18_XGBoost,12.433366850699445,4.3785334847172335,46.27917182134669,0.9686896795853033,0.024627935141324997,0.16392544960330055,0.07677130742619435,7.677130742619435,0.0,10.914383045434963,3.719343133413026,38.3947468272555,0.9763812853838962,10.516626165133108,4.2027085424522825,55.87070450506872,0.9790243163645724
T5_S18_LSTM,48.166165912500176,15.454355048220695,154.53842440024027,0.5301121982532111,0.0,3.1826437314707614,1.978271484375,197.8271484375,0.0,11.53576959271958,5.428120930989583,154.19758338192082,0.973615369167726,15.151086957972135,7.715701148623512,287.2550288855813,0.9564637685644561
T2_S33_SARIMA,219.53430791048345,119.91723426953628,500.0,-0.8930425735350576,0.009687834552671002,275.59219335700914,182.89006737933755,500.0,-0.9680107715929898,268.41197509992696,173.03303351195686,500.0,-0.7530195484584816,214.30022152127162,113.95961564134689,500.0,-0.9544033558661884
T2_S33_XGBoost,18.141864841905328,7.31463053831346,49.548153112847636,0.9870723544509926,0.01991699729114771,27.576695279126852,14.620798216599118,91.19830168503475,0.9802949251403065,28.08417851143635,15.152238792574886,129.11489461971036,0.9808086099070178,18.389301710632058,6.581610815163003,64.11437381439534,0.9856087195600817
T2_S33_LSTM,98.77185059715056,36.457992042651014,500.0,0.6168031207546263,16.21875,29.222078706979577,17.987141927083332,298.20862356304207,0.9778733400781746,31.61665249232496,18.557210286458332,245.36327515206705,0.9756771335599765,21.06674157514829,9.466182890392485,256.4649661133487,0.9811129689028999
T4_S40_SARIMA,28.127325836040665,11.661325611074236,454.40261844283924,-0.7139068669375688,1.2058200382293678,10.162583323058938,2.9176130051557236,19.88027624306305,-0.08811226214473145,14.150979496601618,4.492357586867787,358.60875059594235,-5.000873711218693,31.209227684584558,13.352225569807056,454.41366715674957,-0.6840222723681737
T4_S40_XGBoost,4.449917897532144,1.4399575878505073,32.061569239760615,0.9571022684874746,0.011341742239892483,4.4409640502454595,1.6850036447867751,131.03294466449705,0.7922122306771453,2.564156438257132,0.5750271175186046,45.013571813800304,0.8029708338849366,4.755480626177746,1.5279652537678234,34.02275395994418,0.9609005524369585
T4_S40_LSTM,15.869051268147478,4.369321686229067,47.628029809345996,0.4544528933272318,0.0,2.9343526572249297,1.4308878580729167,68.32108109085647,0.9092827075090872,2.3452307315171503,1.0989718967013888,84.97462143132715,0.8351789651361747,4.88754350573384,2.0912286667596724,58.71939963438351,0.9586987628976282
T4_S46_SARIMA,24.340069745426586,9.070435933435746,263.07185535489316,-0.712771910794852,0.879762837134677,11.913840307561427,3.4540171527479315,12.13855104159277,-0.0877175821333005,8.888790652871224,2.854121174977677,174.32439608670097,-0.7141999942187958,26.85951994352789,10.714578371151845,292.92861861450467,-0.7454548048312117
T4_S46_XGBoost,4.442721516188591,1.3464771788188536,27.017550325363555,0.9429370686809652,0.00907132402062416,1.227545662806896,0.5728382361897578,39.38819832008836,0.9884525015690625,0.7513101570434271,0.25480371586874956,19.515163153912482,0.9877534247946548,4.371173986519042,1.5520667863893323,35.5463464041707,0.9537716596877879
T4_S46_LSTM,14.146626257731166,3.817454068854665,63.040213898559195,0.4214223472608315,0.0,4.767685426673746,2.0810445149739585,87.01234875635691,0.8258081686343846,3.466231180969045,1.5526038275824652,114.89634851123355,0.7393299213945094,6.4330023656634765,2.5681675502232144,86.8074898643667,0.8998756896608169
T0_S67_SARIMA,101.71921509749104,82.51476447832648,500.0,-1.4889077825920878,57.25960733711364,127.92842272563786,106.00943115550051,500.0,-1.3712943345705613,93.97202830233381,76.81136071059797,500.0,-0.6200229161244564,103.71993620378316,83.32926159678142,500.0,-1.8007554595472088
T0_S67_XGBoost,9.586819196995219,3.5044763050279935,29.43530340562103,0.9778918766645948,0.044903719797730446,13.27991353489757,6.737544032900284,33.668563498406144,0.9744470016024536,9.765474770937189,4.676209666817966,36.33895351582118,0.9825051315584579,8.171807103286346,3.110898072033056,31.018332935358107,0.9826145105308206
T0_S67_LSTM,43.364926455435494,14.645173725328947,108.93844409160369,0.5476443351078926,1.671875,23.459210940554733,13.384272257486979,37.36037709113338,0.9202596433584233,19.307538696844784,9.9022216796875,58.127211862378616,0.9316123336527709,17.750202757255824,7.028130667550223,92.56422024725731,0.9179729022389203
T1_S38_SARIMA,142.49287381244434,69.17846719486269,500.0,-1.161247671374762,2.400646727181343e-06,101.96506756250419,34.54166696383248,12.449294692015904,-0.12963487319817446,58.869559205150175,11.513889709113734,4.149837014296028,-0.03977420832541734,157.30561849454585,80.37683599729915,500.0,-0.8428293933467843
T1_S38_XGBoost,15.991436920972724,4.953817302661777,72.31046404309785,0.9727796800229689,0.007122485898435116,13.169425187913573,5.230947470796916,161.7240624163532,0.9811561817199494,7.603862237195309,1.772679500669862,56.81105517920674,0.9826529371308732,19.034117545031208,6.4377119601589845,80.90186661355263,0.973018744447835
T1_S38_LSTM,64.50350624143333,19.16301117673445,199.1739754835152,0.5571211994821588,0.0,14.267104779276156,6.6390380859375,244.4693565310096,0.9778839802060343,8.79122007886963,3.608547634548611,221.04327943394767,0.9768124012156902,22.338845530316558,9.580671037946429,348.97142690107484,0.9628363713735912
T2_S15_SARIMA,129.63492262481958,70.65585013101429,500.0,-0.8113668988414617,0.0019685773103380716,155.512513610692,104.9136423028602,500.0,-1.1445337706069436,158.9869725547931,102.92959419117459,500.0,-0.7727882062762637,125.24903187097348,66.79817708392541,500.0,-0.9204647999656643
T2_S15_XGBoost,11.596175781618996,4.602128327518654,40.49403740443585,0.9855058756964029,0.17437958717346191,10.61824854386207,6.017245430188875,73.72193408411523,0.9900021185935133,13.09738925378507,7.453051260465549,54.30666503604985,0.9879689579531034,8.596830559667968,3.385801686495099,42.43797107357916,0.9909523804511804
T2_S15_LSTM,59.56634881864637,25.394413998252467,500.0,0.6175590729333091,14.421875,15.148462171241013,9.559326171875,127.1884469872463,0.9796511766869761,16.471487971831635,9.986653645833334,132.57085855308347,0.9809717240189929,11.49474343089548,5.559813726515997,184.79801292434976,0.9838245578707401
T3_S78_SARIMA,85.97193517053094,42.572964387597786,500.0,-1.2027386628480912,2.7867288949163034,20.39739466319548,7.417708568021664,500.0,0.0,83.95834326042535,43.45540437906844,500.0,-33.10123756277961,82.90423644536746,39.02519293738664,500.0,-1.0036855148569717
T3_S78_XGBoost,10.469972307954517,3.4446799398291827,50.746717561175046,0.9673306393216072,0.01269732229411602,0.014826060073296813,0.013817858649417758,1.3817858649417758,0.0,3.5207306169434442,0.7110188567183084,19.71559183707439,0.9400335949461325,10.457999253673457,3.56208422489553,67.65604336457002,0.9681159615612004
T3_S78_LSTM,113.2799518233866,73.14431258936247,500.0,-2.824332823028323,13.98828125,7.469334652793879,3.9738871256510415,397.38871256510413,0.0,10.593542542742464,5.511450873480903,500.0,0.45709373917105856,12.51662145743226,6.112971896216983,333.8433882883423,0.9543279666636523
T1_S6_SARIMA,106.5095622886194,52.5353120491709,500.0,-1.0399450674967436,0.002447944671943859,81.2614442985207,27.833906321460162,12.495332611632632,-0.1329107954923272,46.916316771591184,9.27931901313005,4.300134801543804,-0.04069812708612752,114.46259650927072,59.4683702995289,500.0,-1.0108196812106915
T1_S6_XGBoost,12.249188002087593,4.230642781485959,83.33264362009332,0.9730191347168797,0.016485240310430527,9.087947181136053,3.493362030169616,240.41633028681798,0.9858303791434359,5.251183544660413,1.2312899055476818,86.82236631138697,0.9869625892003462,12.283781630876486,4.574151602351949,93.79770758804676,0.976841516581444
T1_S6_LSTM,56.52292557018518,17.795739570873206,140.82902095471067,0.42549933238992055,0.16796875,20.38528189669799,9.64520263671875,291.75347935067657,0.9287048340674898,11.953775810740462,4.43061998155382,218.80640338164912,0.9324403849707626,26.34607026390108,10.987798781622024,235.40836836764703,0.8934686005840229
T5_S48_SARIMA,77.72942414442076,39.06797238080162,500.0,-0.7458139965402544,0.0034640193345371537,48.946743904082034,18.07479017217192,500.0,0.0,84.11811861718782,51.71172606376209,500.0,-2.4464701658242913,66.56855150710929,32.98120868846917,500.0,-1.0507909585957593
T5_S48_XGBoost,22.079651290596185,5.733559299048992,29.6726384735511,0.8591322782410592,0.02762148529291153,0.14431492060741874,0.061065890826284885,6.1065890826284885,0.0,4.633040770119064,1.5769051984987326,22.394506931318542,0.98954491264322,7.248518983994376,2.6702275985104884,34.49591306240067,0.9756845819165678
T5_S48_LSTM,45.668586943872896,12.628244938462545,90.41048540825686,0.39735408283745355,0.25634765625,2.1064952696451638,1.2703348795572917,127.03348795572917,0.0,4.351379080883228,2.247916327582465,107.5163370710658,0.9907774873183173,6.70584028088415,3.351404462541853,134.79530846770754,0.9791891609501002
T0_S50_SARIMA,310.73069894347753,199.28319923220664,500.0,-1.0872256397596676,59.316604338170926,474.1519030004399,375.9908183263057,500.0,-1.468782234996488,365.216472259339,242.7046308048931,500.0,-0.8991991958570646,310.48739289259646,197.83656608414898,500.0,-1.125568982621711
T0_S50_XGBoost,18.002435430172863,6.759580909717342,29.104219879970216,0.992994105372388,0.010442303493618965,28.646038021175663,13.96341268524217,25.038380135805788,0.9909889185388252,20.935502180043077,9.124524999309667,48.64377298282487,0.9937592531105333,14.945212233690452,5.064350821880258,26.717821722527525,0.9950751678176966
T0_S50_LSTM,142.02644866438314,46.931870747981456,500.0,0.563946744980518,6.75,44.07842898655602,24.125569661458332,110.39679751367511,0.978664638671341,40.61397622805854,20.74126519097222,339.9017063488654,0.9765133636276601,42.992365664310206,19.001796177455358,500.0,0.9592460274579764
T5_S69_SARIMA,75.08009488042708,38.72272343138792,500.0,-1.3010476322278333,0.05461502316129943,53.62592298219105,20.195974957054542,500.0,0.0,93.0592229508932,57.62835193552766,500.0,-2.407088186368704,73.41744345151155,36.60537602021751,500.0,-1.071248504978557
T5_S69_XGBoost,8.388993135286688,2.699068673057526,23.00946464393981,0.9712726436779171,0.013722250238060951,0.013722250238060951,0.013722250238060951,1.3722250238060951,0.0,6.793912490998174,1.9850356985245727,12.206299322454967,0.9818404773499384,7.964768230989589,2.603608933266341,29.37535921482922,0.9756230156505601
T5_S69_LSTM,32.98330044940295,9.188603013326107,83.8887678405749,0.5559169420515735,0.0,1.6423713653742567,1.0391438802083333,103.91438802083333,0.0,5.439029434964702,2.6159193250868054,99.64812052124091,0.9883612229433834,7.278128857119386,3.385187784830729,135.60984257670415,0.9796449031117641
T4_S62_SARIMA,88.60020491531836,38.80513469030291,500.0,-0.7118762875024789,3.926668065268267,94.42188584533216,26.465747085074383,55.79945335729114,-0.08451657058305484,64.80059139641757,20.482377172733052,500.0,-0.4529932732571669,97.17996427263807,44.90670695716807,500.0,-0.6425574498647328
T4_S62_XGBoost,16.508902645771084,5.165127833247264,100.05130698071214,0.9405654010530833,0.02707512304186821,23.425981457325424,8.40133680201446,347.9735537835809,0.9332445939106516,13.545947332635604,3.010895683413158,137.0361928686941,0.9365072072225089,15.888158641351625,5.891595908899035,116.29052967499267,0.956094974543297
T4_S62_LSTM,51.18039923266267,16.18368369654605,267.3956808657493,0.4287709807204957,0.0,65.3041955779739,22.42620849609375,479.48209833977194,0.48123218975759474,39.13552020587396,11.825737847222221,500.0,0.4700341481856446,31.04885058795471,12.022982642764138,375.3901789670407,0.8323289233209441
T4_S15_SARIMA,21.388692557035156,9.038297344351616,340.14466250401836,-0.8373435610016615,1.3947763559912443,13.827860219302725,3.8197704775967813,18.561541177267124,-0.0815645305346615,10.538129417619094,3.4674704704148502,225.608544847348,-0.7915709701432545,25.554155692648834,11.096757493394573,332.5075837020498,-0.6495735417426323
T4_S15_XGBoost,4.545598732445857,1.4640913655898984,27.350878636391577,0.9170141424158107,0.013081525452435017,5.105948268907707,1.6371912611260389,70.00967767539251,0.8525328470754221,2.9486818349637045,0.5690299596042476,25.666513148020965,0.8597306482674715,5.047208572468487,1.7184662821486458,23.123893327648634,0.9356496203803598
T4_S15_LSTM,10.101572637583564,2.879271292800538,40.98494053732142,0.5901736501490775,0.0,6.790122967444899,2.338170369466146,56.45946522869131,0.7392059051771946,4.175024667264755,1.2957271999782987,70.45352942518876,0.7187936957995755,5.211241134703758,2.0982418968563987,50.67553812064608,0.9313989208054038
T2_S27_SARIMA,299.84457399087665,164.24444099249303,500.0,-0.8012665397829821,0.0014990812275993337,404.36056852168366,278.487674708004,500.0,-0.7647547557177876,387.7113332192813,253.81533054766695,500.0,-0.7028285798552627,300.5880185330306,160.12628054800265,500.0,-0.7928940921176748
T2_S27_XGBoost,30.81772601077544,11.422110624907987,49.83269298992929,0.9809722790967511,0.04424301162362099,77.26373418476024,43.549300133095436,136.0240455902611,0.9355685133905853,56.22759392694875,28.90521677349332,153.43222730290486,0.9641859910407942,36.81061856545005,12.452991513106445,72.26081557646152,0.9731120596634271
T2_S27_LSTM,135.21691987352332,56.11598315079247,500.0,0.6336909310282748,33.125,89.86884500068871,47.506184895833336,257.27542264286643,0.9128303937498032,66.07963188305796,36.498375786675346,246.71708740328899,0.9505360074159764,43.949129177871676,18.191077822730655,360.6275717312459,0.9616723798731244
T4_S102_SARIMA,51.305283786373636,21.585306450380777,500.0,-0.8887700999301749,0.9652308509812748,9.894358687308817,2.6164575042933556,26.6686562488665,-0.07294010746402146,35.73863537028392,11.257757928722135,500.0,-39.27631025904818,56.120550915986406,24.917067560292562,500.0,-0.7636359059014906
T4_S102_XGBoost,9.301496671528547,2.51946892856696,46.55549424382534,0.9379187317219213,0.016780124977231026,4.411569518580918,1.8957420791654538,112.62718378307505,0.7867021714828216,2.5581655683187443,0.6991453013486333,44.265522090373224,0.7936373743129685,10.492752006250353,3.1318188779322162,49.95761614007276,0.9383484644885595
T4_S102_LSTM,26.33683337554658,8.871952038632626,278.21367177413254,0.5022835177961075,4.787109375,3.088578289365937,1.8395792643229167,123.42461480034723,0.8954515958342235,3.049639524293406,1.9226515028211806,172.08737973813658,0.7067278913924977,7.97921025077856,3.489654541015625,136.1258184405316,0.964347917873183
T1_S70_SARIMA,68.60729798133407,33.178010162223885,500.0,-1.4382749216957507,1.2794989067323936e-05,23.47871391756723,7.666669910804782,12.241240953324738,-0.11935248801549725,13.55544180053725,2.5555644377993225,4.0811937375477525,-0.036851926716102046,75.729057335689,38.85219040465283,500.0,-1.0587363481283103
T1_S70_XGBoost,8.800139063075925,2.707532024813112,24.545881014035213,0.9598836777711233,0.007854141294956207,8.233314524929328,3.3502205131420246,66.41054451694171,0.8623527074064616,4.7538498363974035,1.1346388781805419,23.92671888563395,0.8724794127638401,9.554072427221774,3.4107798011751758,27.358554706549732,0.967231792193129
T1_S70_LSTM,30.83496104992278,9.571545468563098,91.16193757203959,0.507474354080776,0.0,17.05067350157623,6.641255696614583,87.81991565473844,0.4096611874970534,9.903347841151893,2.6666971842447915,74.56783375557254,0.4465817812577244,12.255201240937048,5.269297281901042,162.8239836140876,0.946084141491583
T3_S15_SARIMA,91.50805192732305,57.88218215161578,500.0,-1.4520385184721865,23.679583998207285,22.76012528600006,10.770318051534597,500.0,0.0,82.9019823796925,52.222427074036304,500.0,-50.49197713892967,85.96855457712326,50.56902331791722,500.0,-1.3422761999798718
T3_S15_XGBoost,10.399318223836435,3.774884723908653,67.01868086681499,0.9683321627544009,0.08253921195864677,0.3499325804408391,0.15793696232140064,15.793696232140064,0.0,2.2572080082843518,0.7767808851430245,34.93845690758712,0.9618272980595055,8.94670827189674,3.2045397584928046,84.95541601644794,0.9746320479189287
T3_S15_LSTM,74.16020343070221,48.50401780707985,500.0,-0.6104620420973379,7.203125,1.3793750178664494,0.75543212890625,75.543212890625,0.0,6.173998497442441,2.56427001953125,169.26519675241528,0.714410145403943,9.22167343065221,3.8445899600074407,155.57843780246645,0.9730487859911371
T3_S36_SARIMA,94.01827544853424,50.580488283645614,500.0,-1.2708385649490612,8.610086229955208,24.47382618440074,9.87856971106831,500.0,0.0,91.3296401808554,51.26931470215568,500.0,-35.34275167834222,90.1302111622245,45.80779699336493,500.0,-1.1068277815056748
T3_S36_XGBoost,13.131807854102199,4.160620797785338,59.93398049840278,0.955699284713089,0.04701036959886551,0.05165043500399942,0.032410943026964865,3.2410943026964865,0.0,2.190081085240483,0.7626606158446521,36.325827489069496,0.979101519889571,11.72920319673534,3.6055288278203945,65.06365354731484,0.9643199643583439
T3_S36_LSTM,107.00562578795511,68.21954491720246,500.0,-1.9415411072354343,8.05859375,2.367361160581936,1.3011728922526042,130.11728922526044,0.0,5.835386773500258,2.682530721028646,207.5793174971832,0.8516342669256738,12.937139234029337,4.686638605026972,128.3719303695236,0.9565925010110865
T0_S58_SARIMA,114.66988066768467,92.19868839090277,500.0,-1.9584611039023123,62.0231884288673,159.00068612203748,130.35784317658928,500.0,-2.1037519544203835,133.39511496899786,106.72836821638836,500.0,-1.8481095556209417,111.1970530417268,89.3296571725157,500.0,-1.9699881656706038
T0_S58_XGBoost,7.8371364670180625,2.8330988915526847,26.884142748756684,0.9861808299510432,0.018681153655052185,9.509415824846709,5.242843438017492,11.23704468531472,0.988898115973304,8.911325470011795,3.952594669833262,14.532775577366886,0.9872895346485372,6.89075747839938,2.454265746847904,19.318037910984977,0.9885948213172544
T0_S58_LSTM,45.66111614613442,15.521554171183462,130.70570287160328,0.5309056640044414,2.0625,25.758277819876,14.366912841796875,27.768319175818,0.9185440795957898,21.428248864676597,10.305538601345486,66.26421792920884,0.9265062846977653,20.107135939428197,7.894885108584449,111.66352280986263,0.902888963022864
T1_S68_SARIMA,122.49021844665867,60.91098813695373,500.0,-1.4797527019858907,0.00022914842869508495,95.42667513133715,31.91669909221305,12.446899854700318,-0.12595540230474667,55.094616575037065,10.63897779298616,4.156776176414604,-0.03873276168485229,134.92205807831607,70.85822188912623,500.0,-1.1194066091180512
T1_S68_XGBoost,17.16769713847056,5.757279306032436,77.93749249946713,0.9512887089715142,0.019661249592900276,14.53238288725828,5.10804867806534,246.44654929213465,0.9738870902447337,8.397627305834545,1.785658424668428,90.44640296204301,0.9758677012977264,12.219078749835923,4.5203919882686545,91.84982110664028,0.9826169772966131
T1_S68_LSTM,52.67345078233271,15.777050547622608,141.97167759822685,0.5414474677654197,0.0,19.673202942750777,6.486226399739583,187.57519021103573,0.9521445120990282,11.49308872630384,2.994572957356771,145.77481248136954,0.9547978576693991,14.951219579803803,6.520124889555431,250.8025643035631,0.9739743485379139
T4_S82_SARIMA,88.19748149877151,37.55597684502809,500.0,-0.7475422261958389,2.017483470435206,26.644166893479316,7.5734029954235815,54.138863959264384,-0.08550331447253945,51.11984497542938,16.88439268202509,500.0,-10.404182713037345,103.6045435654007,46.442720473841746,500.0,-0.5508465706040129
T4_S82_XGBoost,11.858963580417287,3.9362536546546947,92.1628180233222,0.9684056968237663,0.030260147526860237,17.162284980721083,5.758660627994686,359.5917709317384,0.5496220896271223,9.928108826529929,2.0323051343051097,131.13908280793422,0.5698517418861444,15.834648556904545,5.534869100599151,101.54655135557167,0.9637733572606307
T4_S82_LSTM,43.390874321722144,13.600622149745814,193.35549376983562,0.5770275186263967,1.0576171875,5.209530104151359,3.0178629557291665,278.26587242431845,0.9585023056812049,6.714141564636933,3.6595662434895835,358.1164832994256,0.8032720355343683,18.854807771806456,7.888535272507441,211.7770037381052,0.9486364007791853
T4_S127_SARIMA,88.17239699764121,34.79464857205307,500.0,-1.1104656022660833,1.5087363027848706,16.863601960101093,4.877997012849689,35.79286530544919,-0.08891627180834583,64.6982752107941,19.28822758139295,500.0,-44.63672714594933,98.20251865221549,40.64929514789701,500.0,-0.8311103449012223
T4_S127_XGBoost,12.853806027988103,3.9404314427024407,45.2240918717596,0.9551485521544211,7.408077362924814e-05,4.8463399003967655,1.9106453187317431,133.6806291258225,0.9100664902293298,2.8113024885236713,0.7150357423476331,52.3756066523127,0.9138323518785466,14.554581946092979,5.109671072390657,53.07630135985,0.9597775301846363
T4_S127_LSTM,42.68773585690909,21.99454012784091,500.0,0.5053258405423915,17.875,8.41179360271699,5.283040364583333,404.2100049268018,0.7290613153796286,10.393154408144527,6.679578993055555,500.0,-0.17767063020238827,27.39898285637759,13.200590587797619,464.16494444509607,0.857459543796957
T0_S55_SARIMA,88.09204779640216,50.63441104961502,500.0,-1.0643668130645967,5.769120901364248,131.30566765134552,102.16783260437421,500.0,-1.8230104191121983,97.67321661315592,60.060732321147576,500.0,-0.9247425255897268,86.04304296863315,49.320603960396454,500.0,-1.1759237039509727
T0_S55_XGBoost,8.418726464695354,3.1565796369703434,26.737034321646103,0.9811458805115201,0.02414940670132637,14.256498738835496,7.32339056271788,23.53245122756671,0.9667209211704543,10.879828806182449,5.059017561185303,35.20929396663723,0.9761182699586134,8.794611731819582,3.230791703663445,26.825502275585038,0.9772675898760618
T0_S55_LSTM,41.62856216733866,13.248147334778707,60.96642544137008,0.5390049323012334,0.0,12.44571499883074,7.635609944661458,34.368650688016814,0.9746378983010627,12.47558737757924,6.423956976996528,59.77268329867255,0.9685989864879636,12.190693923963012,5.148026239304316,101.02126937825989,0.9563213712188557
T1_S19_SARIMA,60.50432035924935,30.076928761815605,500.0,-1.362093531433409,0.0007822687117369641,33.75463764712064,11.541810027236906,12.36797150494809,-0.13239442966801285,19.488249136717,3.8476102514612265,4.156681406541819,-0.04055257502655385,65.82476443581962,34.61623563660051,500.0,-1.0341229857114604
T1_S19_XGBoost,5.850139220101458,2.0953870207370975,40.01955313107566,0.9779170688016137,0.005586226470768452,6.0423264046896925,2.607677414547652,94.44858516402356,0.9637139923365731,3.489741319904649,0.9015655223952813,34.71683347594758,0.9666339455858871,5.889819770185146,2.348832682523477,47.360720054069965,0.9837144439660546
T1_S19_LSTM,27.918204370361195,8.421183900970021,71.38826297593485,0.49707956709986556,0.0,4.47677474575619,2.1827290852864585,86.25974913466017,0.9800812853682205,2.7429451077024622,1.1516215006510417,71.15776360044228,0.9793864583387041,7.760486571374029,3.5312133062453497,122.29675250363503,0.9717267011504959
T1_S2_SARIMA,151.06170599241864,75.06908965892276,500.0,-1.619110202678471,3.312021277446752e-06,113.81747086198723,38.41666726548609,12.453805116106095,-0.1285734602035684,65.71254744065074,12.80555720138324,4.151412994156225,-0.039474259088842834,163.52722195963167,86.12193357608574,500.0,-1.2312450843563267
T1_S2_XGBoost,19.489209423519622,6.7054226809497655,138.92705558275458,0.9564053247238686,0.012839645147323608,16.846009131735364,5.868910384674867,274.40101081445846,0.9752767229966588,9.740127851617132,2.0933903254723796,105.17568999622857,0.9771626111186533,15.318467952606325,5.667571799607859,129.51229286393428,0.9804206701241931
T1_S2_LSTM,64.61742337156875,20.098974200527064,209.82001760422247,0.5207696932392132,0.0,13.256537597746286,6.370035807291667,276.0330370061773,0.9846901058871228,8.369262695807073,3.8135782877604165,261.0343142017119,0.9831386815153403,22.091746760253365,9.742716471354166,364.04607478848214,0.9592781714302726
T4_S51_SARIMA,80.11054760735833,34.882362509762366,500.0,-0.8753807729925274,2.110059288857639,15.356734399947326,4.637151142332766,44.46127158185682,-0.09677414869346257,62.943859993410584,19.33607901692561,500.0,-51.34588949126439,87.31813988643148,40.16119406009728,500.0,-0.6777608210069515
T4_S51_XGBoost,8.57692682916788,3.183388285869153,50.70776729364663,0.978503217199238,0.017501216381788254,5.94306839838736,2.480526076629758,144.92007188671278,0.8357365589168003,3.4338770574639614,0.8690015194523666,52.52264001981565,0.8442079386189614,9.904418788518111,3.9308543417247988,61.282493231091685,0.9784136562701861
T4_S51_LSTM,40.46954760268178,17.401309948788874,500.0,0.5214065424507179,10.99609375,7.494145507784398,3.9985148111979165,277.8131496139437,0.7388056960751319,7.587198538511255,4.577874077690972,417.1079639338146,0.2394307955370789,17.10057745578698,8.105044410342263,284.34639903268993,0.9356508744545818
T4_S87_SARIMA,77.58921664921044,34.732236621570294,500.0,-0.5762745606766388,1.0180190424610318,31.822676853221633,8.57695847775659,11.543903917676888,-0.07818433212921638,50.994012223751874,17.32686199327555,500.0,-6.8968115804165055,85.19693534172073,39.80061486288001,500.0,-0.48134276871876014
T4_S87_XGBoost,15.206130084381725,4.79385825520622,85.74798283812072,0.9394566378313468,0.01783451996743679,20.707954033611028,5.738493374936904,500.0,0.5434440746447038,11.972708763254456,2.0395194116540045,180.8812989552121,0.5646903997593442,19.15354159639808,6.439026379054191,122.739531315633,0.9251303514476865
T4_S87_LSTM,44.05386413496122,17.66633335825359,500.0,0.4918438941170935,11.375,10.659627315379707,5.335673014322917,305.9840611049107,0.8790227686636096,8.984717771284787,4.962802463107639,420.41916620163687,0.7548554246547114,18.72907754038921,8.551199776785714,255.2996711314325,0.9284119732888201
T1_S51_SARIMA,177.56486332975192,89.04183804814053,500.0,-1.3155209556410377,8.954704098499555e-07,126.13270129297754,42.625000177481766,12.458500271327361,-0.12892544955138208,72.82274904511524,14.20833382260679,4.15287643506237,-0.039573772360534276,191.04452789310596,101.10913038912601,500.0,-1.0497863792468913
T1_S51_XGBoost,15.496482257676888,5.720513034785728,133.24203137525868,0.9823639671282881,0.022927217185497284,17.692981701017512,6.533819800242782,388.66420059778886,0.977786759095191,10.221778927860505,2.296891763081981,141.44991649936833,0.9795179159887384,13.503438890195056,5.273262074206113,143.11425999111168,0.9897593348836589
T1_S51_LSTM,82.18594315925344,25.23483524596292,279.3036258569825,0.5039451047147574,0.0,17.000156142415307,7.5537109375,297.6666728594723,0.9794923597425327,11.112523594494073,4.69618394639757,317.0502543429144,0.9757926880197132,25.521335602234917,12.184363955543155,488.4647324247598,0.9634197899819981
T4_S104_SARIMA,27.81744696994803,13.116997473230168,500.0,-0.9703510176180694,2.3182863652962444,10.156583743724182,2.7296422516412786,17.820107962882194,-0.07658798292711899,12.774486504887246,5.178768160588518,432.82877699177,-3.875564248508881,30.998821950891323,14.788590194370748,500.0,-0.8992440115136264
T4_S104_XGBoost,5.267691561298431,1.7725893743091117,36.627824888583355,0.9293438872222547,0.012983436696231365,7.824136242255559,2.7874453542560027,141.25186235577726,0.36110861966753416,4.529947096780095,0.9993489592452534,54.10400490125099,0.38690998895249684,6.273814277376339,2.3137475148874467,42.98251661914313,0.9222046385684058
T4_S104_LSTM,14.835830735842082,4.7705440247458135,77.21266320965559,0.4395552510369951,0.0,1.914447126215049,1.2764994303385417,116.8823840571385,0.9617491603292914,2.5687132426821506,1.4312405056423612,139.53486423866423,0.8028625069493618,7.3042261400763975,3.231022426060268,104.93840621479025,0.8945518881815249
T1_S62_SARIMA,34.991464609190984,17.537043081826937,500.0,-0.9383380466460449,0.010804216488798441,22.500169146486005,7.752723439703698,12.554700014289374,-0.13462975009492828,12.990481243084293,2.5906482710154637,4.825612449519578,-0.04119177434668009,36.313254785590786,19.379080695991124,500.0,-0.9300155262207317
T1_S62_XGBoost,4.8907125617933564,1.617889014712165,19.088859206137755,0.9621339889710865,0.014242454431951046,3.1586901926505453,1.1724552632464718,25.635116154950012,0.9776387197464144,1.8276192304075303,0.4255002271772052,12.013219327821467,0.9793912483227568,4.470589906792165,1.5267262950406544,19.281474804904384,0.970747693469392
T1_S62_LSTM,20.42817022764277,6.153199994392943,32.05563893374928,0.3393609893032159,0.0,4.026582641659741,1.8227335611979167,49.725147844743574,0.9636624339092522,2.382807514136818,0.8071085611979166,36.528120028108965,0.9649685454596396,8.185564874828485,3.108553931826637,47.155306123833505,0.9019319005392972
T2_S40_SARIMA,87.16436358502193,44.76005869299916,500.0,-0.665809805875132,0.0025558558186237973,90.40859200992612,55.679211935506224,500.0,-2.541054797895515,97.90542320574572,59.42252856682204,500.0,-0.8105480937888792,76.55841873415496,39.24479323871411,500.0,-0.997682142598602
T2_S40_XGBoost,16.39516036008571,5.475875184318701,43.82201275509037,0.9410642486235263,0.009116641245782375,11.642818971120528,7.28528309900624,57.3213958492744,0.9412741210274138,13.462512048783548,7.663323075523497,84.64841936045059,0.9657666990986473,8.814929639071654,3.3333995166800117,41.18971387147301,0.9735163293675136
T2_S40_LSTM,48.462635637179645,29.591900839189595,500.0,0.4850541693807686,19.296875,15.342160517775708,9.80889892578125,120.65011628983227,0.8980267454086898,24.74679117890127,15.107930501302084,222.29816696033646,0.8843263726266006,18.091983535520715,9.10563732328869,358.3516395417811,0.8884388851559682
T5_S10_SARIMA,100.7900058996186,55.28841565470271,500.0,-1.263814287980105,0.0025651892938584643,77.85261374920385,35.56659591604501,500.0,0.0,116.85462634270067,75.70764455864688,500.0,-2.928995829915374,95.99800355571035,51.08899826307613,500.0,-1.1267547991897078
T5_S10_XGBoost,10.198899712795901,4.0285663419028825,84.01188514217779,0.9768200498294621,0.19951239228248596,0.2227852561290964,0.09303587302565575,9.303587302565575,0.0,9.542019800754248,3.5848318476022945,54.444737137221196,0.9738018651864392,9.613516707654929,4.027617519189205,103.83235771969146,0.9786716337477873
T5_S10_LSTM,47.33235918263716,20.094682173295453,500.0,0.5007453041672584,11.1953125,4.68608943908696,3.0596923828125,305.96923828125,0.0,15.95932548275744,7.341783311631945,246.47797167437244,0.9267143726554785,21.52887593415404,10.246791294642858,407.6739762421462,0.8930364694924757
T5_S21_SARIMA,157.98416074219608,80.80966126807438,500.0,-1.395366575068624,0.22609340161898822,137.091159061965,51.379711001423146,500.0,0.0,195.9007239666368,120.23429952947953,500.0,-2.5570666844063705,154.04878803688248,76.08455778845602,500.0,-1.1056795280000427
T5_S21_XGBoost,14.863211312956798,4.738726061993862,54.21461100130244,0.9787983239303144,0.01902155950665474,0.10665217643684959,0.04722974821925163,4.722974821925163,0.0,11.865749467777189,3.368239564096762,22.841508350796047,0.9869500071432148,10.604805393721623,3.8581092997698025,66.85845128150495,0.9900211358655192
T5_S21_LSTM,65.52348547896891,18.55500508723647,187.6969714455047,0.5879604795551675,0.0,5.096893144298871,2.817138671875,281.7138671875,0.0,9.690348529921124,5.122022840711805,246.93203558384062,0.9912964040784227,13.958104879103256,6.588230678013393,344.5962504539603,0.9827126423312345
T1_S7_SARIMA,111.72617097333304,54.99611653778721,500.0,-1.3233192693141018,2.0309816885859515e-05,61.51456491212785,20.95833802254237,12.418643315901535,-0.131324171291044,35.515450611102594,6.986123952760429,4.140675629931005,-0.04025079504511608,123.75324558423284,64.2437188234475,500.0,-0.9538817634245709
T1_S7_XGBoost,11.847519585742228,3.8928168916987906,74.3952970154508,0.9738751422190953,0.021770015358924866,10.862100216630623,4.42401432331341,214.51701223978282,0.9647256707997414,6.273335040988749,1.518977490434837,75.93627567963097,0.9675435988063279,11.8886295261893,4.127808074095464,82.285809268869,0.9819678018267419
T1_S7_LSTM,49.12264308709797,14.834232604104367,116.39696919483455,0.5508798741681056,0.0,7.031237192495479,3.4017740885416665,121.93543742825099,0.9852193119796554,4.241223009305903,1.6798672146267362,95.23939765403505,0.9851650660997138,15.337840525780267,6.888283865792411,209.60980837360958,0.9699867158522407
T3_S13_SARIMA,119.67396597762051,78.59605763323009,500.0,-1.7360028404860013,37.205270754727735,18.771017752811165,9.82709742228093,500.0,0.0,110.16870904040512,68.72270503529904,500.0,-130.23454044674511,120.75571904660188,71.24080369631322,500.0,-1.2377886154149733
T3_S13_XGBoost,14.41123910730089,4.87872147731122,93.93325263131061,0.9603247360818323,0.06829825229942799,0.8494304419453278,0.36091954878065735,36.091954878065735,0.0,2.1476684235058214,0.6910291031817906,39.327935437524225,0.9501269305509825,16.108083017281054,5.823417768835844,123.95314017303023,0.960180907143897
T3_S13_LSTM,99.12586323479317,63.63058646900232,500.0,-0.8771161285135245,7.09130859375,2.1288424001095625,1.0982259114583333,109.82259114583333,0.0,5.265309501060606,2.5372382269965277,231.6220826980966,0.700236022117692,10.903657848887455,4.6896006266276045,192.89131208347945,0.9817548233026469
T0_S41_SARIMA,134.37543680470478,99.35455591812571,500.0,-1.163680182976373,54.52161973419068,204.7167431804921,162.51377637565267,500.0,-1.7119143419715814,143.2006072803649,104.96766403600412,500.0,-0.7038548652385015,133.85512829934638,98.7144668619222,500.0,-1.3808785340754999
T0_S41_XGBoost,10.661297151703856,3.973939750147493,39.50923183078453,0.9863801167193945,0.03525133058428764,9.995438111580794,5.404940220022884,13.488158736084069,0.9935349347968603,10.117851681468734,4.732002918556747,38.51101997529033,0.9914941151950276,9.250900830967929,3.1997884460946633,29.399692112363816,0.9886280416381156
T0_S41_LSTM,65.75483365058955,23.105208839526018,190.92285546675484,0.4819058885113535,0.0,42.035342228930645,25.901021321614582,199.5146084194745,0.88565994009516,34.30623745610037,19.90953911675347,348.9117258963258,0.9022112132540687,24.077690009812642,11.146029517764138,280.51395460153697,0.922963445996665
T2_S12_SARIMA,285.72753380161055,152.43129932694757,500.0,-0.9037893863524278,0.002020591206142482,375.56974308407433,248.46557928434925,500.0,-1.1058088224057032,354.3115903879939,226.3913020534884,500.0,-0.7779965548593268,278.9942843849233,145.2964575403701,500.0,-0.9577006014969294
T2_S12_XGBoost,24.77679565478843,9.44131752849795,30.420932959497048,0.9856845503443062,0.010267743840813637,28.811155147454134,15.405748456406096,74.04498830523491,0.9876074953943272,27.187968304342107,15.38335600470115,53.914650805730034,0.989530794943606,17.798860714290555,6.616317186713873,25.4513116723651,0.9920321697919368
T2_S12_LSTM,129.3355571129728,45.24886340273624,500.0,0.6099227769488871,16.796875,41.1862673775206,23.407185872395832,345.16130680497645,0.9746753987506156,37.763550101398096,22.939222547743057,282.20875453695504,0.9798021181999345,25.146422249458453,11.462742396763392,284.1113110031891,0.9840959376573087
T4_S113_SARIMA,43.11285137443494,18.7876245412892,500.0,-0.6267435864166899,2.7543765966171225,19.88670707279763,5.57198378855275,30.550360488640425,-0.08359237804805053,23.574977483836893,7.941259525618913,500.0,-3.3427608472144454,51.13725511961491,22.355602023086895,500.0,-0.5027155264173915
T4_S113_XGBoost,6.752243867293743,2.335937820024327,48.02692578576312,0.9600973400200411,0.007657730020582676,7.3969416397490475,2.607235624377305,112.72038854779332,0.8500851782946404,4.271586720175875,0.9014874134445563,40.81435004780989,0.8574255201498503,8.164079196997822,2.9057287096456137,46.10127510937146,0.961698448538955
T4_S113_LSTM,22.2263400747912,6.622883481842479,77.80328847521207,0.5676439710975856,0.0,6.921379655938691,2.8704045613606772,109.1422356499566,0.868742075629872,4.78888858725088,1.995836893717448,140.2842825430411,0.820802144846088,8.952094975634676,3.940047127859933,102.7052318975731,0.953947701576217
T2_S18_SARIMA,55.15805499197449,25.929460710626607,500.0,-0.6944098148339153,0.0238915019503445,58.398872467912874,33.195456477679194,500.0,-1.9575574548916301,61.71173230441255,33.912675526159035,500.0,-0.6583762536902942,49.89023407386337,23.583109881787557,500.0,-1.0455653169519756
T2_S18_XGBoost,8.99571486340958,2.948400193916853,35.99037413122277,0.9549316214194766,0.0069849309511482716,10.074733340627148,5.4476466641450925,92.46098978149323,0.9119779688231799,8.128484978389976,4.313831272644974,49.920112089644746,0.9712282147453183,5.336662159503617,1.9437971387260837,30.89556451195724,0.9765942970353033
T2_S18_LSTM,36.06948549071159,24.029532838666267,500.0,0.27542980368215964,17.8046875,14.510501922481106,9.160237630208334,110.9978369678055,0.8174048927499427,20.75634475238914,12.336412217881945,225.7094628777215,0.8123928671916689,15.50939087583676,7.810044061569941,349.03365233821995,0.8023158947916659
T1_S61_SARIMA,24.770925170852284,12.305678322743955,500.0,-1.0251818811063567,0.0026783088542270943,12.298404639485954,4.083892906089177,12.118816074096557,-0.1239026245637167,7.100487426209835,1.3626197247208385,4.171814293810114,-0.0381532993840723,25.930625839783314,13.7358801607781,500.0,-1.0636316786478823
T1_S61_XGBoost,3.5429774044026328,1.1512471641654496,16.882601553203383,0.9585698654606096,0.006237444467842579,0.9631001267974555,0.44258820863130194,21.85454382027233,0.9931075438871888,0.5569377361891883,0.15679857429737845,8.211765082118557,0.9936129773904728,3.7804384131094513,1.2716358143647777,21.55458117809558,0.9561377886178669
T1_S61_LSTM,14.073447300613982,4.959424762634569,97.22105350652662,0.3462968754136505,1.283203125,2.184983536267614,1.4375,82.17284771473601,0.9645245864213058,1.5220164542677854,0.9658406575520834,76.05834832678701,0.9522993981977439,6.683846440517286,2.8836277553013394,80.10282752593311,0.8628931617751812
T1_S4_SARIMA,45.750373094884786,21.95830973798139,500.0,-0.9550876099614554,0.0006991387057106234,15.421850677470196,5.250085556059287,12.189638693059923,-0.13108163670593687,8.903809643821813,1.750233716176385,4.083732646682272,-0.04018286733226972,50.273417669941864,25.21976874644866,500.0,-0.8678148305147102
T1_S4_XGBoost,7.011861400111552,2.1052867676711835,28.957164855789664,0.9540755896003377,0.013990669511258602,2.8865188654998657,1.1705180079831432,34.85353120683697,0.9603749553430537,1.6727234953823087,0.4254752516927611,15.148101972117,0.9632881493896512,7.193694551916218,2.5189282308011096,32.992059395696884,0.9617562046249181
T1_S4_LSTM,27.06512885933926,8.51209138569079,66.94236746304088,0.3157778306689545,0.24951171875,9.131023900798816,3.7442220052083335,78.45922039451101,0.603484724175761,5.384700366577057,1.7518039279513888,76.52606608636478,0.6195644904377792,20.732286054904183,6.755158923921131,95.07589601564108,0.6823481539220316
T4_S35_SARIMA,20.369722748323937,9.150136474197287,354.08728838190314,-0.9283904087463857,1.739553595167496,5.4165417354346745,1.4474801794916476,11.050303294624834,-0.07038386357375637,8.914601190674398,3.4778837721861793,303.22247233377124,-7.293201404931983,22.605874064368276,10.580172048308361,371.8958408581411,-0.8947760399557267
T4_S35_XGBoost,3.738014357755906,1.3568703252755319,33.44069021220759,0.9350608413870315,0.017701514065265656,4.391663184993099,1.61599066760391,98.05511579920466,0.2963553087456252,2.5521002536351682,0.610688167029164,39.88749971585428,0.32030537457382435,3.7389571458256166,1.4344800030258262,35.080491539373654,0.948165817722917
T4_S35_LSTM,11.022700390511643,3.389335960862739,49.51254564287388,0.43532217540890694,0.0,1.7630802695784484,1.0252278645833333,71.2392327724359,0.8865930850456901,1.591593022415323,0.902099609375,79.78210970886752,0.7356481052978919,4.002540285194173,1.7891206287202381,64.53821564994881,0.9405999651073755
T1_S28_SARIMA,107.01996854523402,51.810447663637966,500.0,-1.208842386622325,3.515064499968438e-07,58.39377821033992,19.75000006006185,12.411035808872512,-0.12916957010094388,33.71366356873906,6.583333498579341,4.137026458829896,-0.03964276423678692,111.40610584784648,56.87765628401206,500.0,-1.067436667212192
T1_S28_XGBoost,10.14954242420177,3.370073368561757,72.70820908333549,0.9801331955932154,0.021903356537222862,12.668675787368468,4.087119689570197,189.77147375277877,0.9468518125833094,7.31507644198196,1.4095968803449068,67.97952296641037,0.9510548148541668,10.482962387604232,3.6286899723248403,70.35360845132355,0.9816944710854173
T1_S28_LSTM,54.05762874910559,15.025662800912082,120.5489702728342,0.4364284354404817,0.0,6.478331428204018,3.5134684244791665,152.50521741355604,0.9861019989893308,3.9627854297910847,1.7399224175347223,107.711700075352,0.9856360675838349,12.051904225827032,5.5220831008184526,216.9958266554934,0.9758050031359244
T3_S6_SARIMA,90.39855047154592,45.30352655360931,500.0,-1.062354382558798,4.4265783825718135,38.064617105162746,13.500707507808452,500.0,0.0,87.51139038458115,45.0849667362554,500.0,-10.261231432092831,87.32679420067431,40.96417058319787,500.0,-0.9014048733589737
T3_S6_XGBoost,11.184285386112919,3.422667263799824,46.909395975385785,0.968431289593336,0.06110947020351887,0.27113684237235247,0.14367314629877606,14.367314629877606,0.0,8.194877326303937,1.509775110779123,24.467924166020374,0.9012489710769773,9.230271890074118,2.6223178562885594,44.88623212814721,0.9787573567358279
T3_S6_LSTM,124.74867713663802,82.12077076013009,500.0,-2.9274644122426636,19.7265625,13.23311147959771,7.083719889322917,500.0,0.0,19.304776224763277,10.38563707139757,500.0,0.45199280640371386,18.780540477785305,9.449675060453869,500.0,0.9120581209344603
T2_S54_SARIMA,122.26401611519161,67.6570142411837,500.0,-0.7721487954795843,0.00025903116864645136,142.13618360787967,95.45066860581113,500.0,-1.1322355256645156,149.846427277702,98.09467000133003,500.0,-0.7906488483601504,117.02044577502696,63.023240833922486,500.0,-0.8809683940221726
T2_S54_XGBoost,9.774648815146255,3.9398109844805558,42.56211969003573,0.9886732531273996,0.03198978677392006,11.723032921179714,6.485251102596521,29.846091496439765,0.9854953970982999,14.316614422970776,8.126436716049081,74.81199745757382,0.9836544966263149,9.39183819576046,3.614633483917541,45.24977375718224,0.9878840016493556
T2_S54_LSTM,57.1538036134621,23.80233487215909,500.0,0.6127484670584242,13.125,10.682937021661006,6.8345947265625,141.47959847130798,0.98795498873421,19.34256519007411,10.766179402669271,139.5177170562146,0.9701636439744891,13.091862412789174,5.721702938988095,170.55591252278987,0.9764570507302663
T2_S52_SARIMA,98.999710697793,52.59913831235247,500.0,-0.6597637299501324,3.592678162461061e-05,119.00079644386963,77.69634527465165,500.0,-0.7499607250605633,120.4743701763161,75.80155939030989,500.0,-0.6429180030788411,93.74433328133767,48.31466237049114,500.0,-0.779646280758191
T2_S52_XGBoost,13.294690893570648,4.460311173599516,31.172367901545627,0.9700680571379197,0.1352148875594139,8.545774242858698,4.825122066385423,121.83892652684638,0.9909753286107368,11.246084867683624,6.360531530200711,58.763237567449856,0.9856837500355192,7.3673341785600694,2.8209869117057504,34.688727405165956,0.9890083122806568
T2_S52_LSTM,50.54825258535822,15.928184691798744,58.47684776037426,0.5672961963287322,0.0,21.89948613472841,11.737864176432291,114.07438937665688,0.9407352557705212,18.098432630981808,10.262583414713541,85.46346104706905,0.9629226667343695,11.947958384742641,4.907091413225446,87.51133542642245,0.9710911347698319
T3_S62_SARIMA,156.66537089396775,96.09465693942316,500.0,-1.7536970897008044,38.564325128596444,19.400230764615603,10.489752646880897,500.0,0.0,151.48998003361268,87.47610869257915,500.0,-116.0556845850558,153.29391917728245,85.53687474745291,500.0,-1.3605965178710604
T3_S62_XGBoost,22.051775245088617,6.430442844518643,65.32989427330051,0.9454421486651885,0.026539450511336327,0.3766578917250681,0.14404668915085495,14.404668915085495,0.0,5.85461103085434,1.4996769198979665,39.12671238491676,0.8251680563034672,22.72949986697877,6.562610467976247,76.32028561984238,0.9481018751815614
T3_S62_LSTM,100.17901268912603,67.58814396470358,500.0,-0.12596175056876113,24.4140625,5.7512807700295046,2.4850972493489585,248.50972493489584,0.0,15.956383094246211,8.21316189236111,500.0,-0.29865443158323046,19.527990809326738,8.664077758789062,499.97453677402365,0.9616922159311031
T2_S3_SARIMA,238.34379730698012,127.08434429670749,500.0,-0.9087117311263508,0.008694620386249696,303.98282233192873,199.13057062416934,500.0,-1.5022551970246578,290.2744711289708,183.82706011449216,500.0,-0.8526112542831317,229.76219756074414,120.5465242053265,500.0,-1.0372664375015028
T2_S3_XGBoost,27.2886575746795,10.251867008088023,64.68401765062568,0.9749794427677456,0.02496303617954254,30.363071970550394,16.04426988082317,232.3478232698819,0.9750353815906443,40.76678193722306,21.048116154063287,235.73157202919631,0.9634590803205432,26.689134272913552,9.076886148580039,106.65431055351871,0.9725109550776617
T2_S3_LSTM,110.77898544066893,60.26587556537829,500.0,0.5876676578290616,53.046875,31.11403055464141,18.470682779947918,183.2744301992439,0.9737852293870293,65.40650089210935,35.71941460503472,226.14949229240278,0.9059392483505941,44.87802616918573,19.830317905970983,500.0,0.9222754577985154
T4_S137_SARIMA,17.61645359163293,9.867574007562663,500.0,-0.4482534972470553,2.815556024995522,6.297234768242192,1.7254926043149184,9.729925415431367,-0.07788096165270053,12.158888194389398,5.047402905421625,450.46717887014233,-10.449840980788274,18.773395907526933,10.241019434568571,438.0829584255844,-0.3872589225446281
T4_S137_XGBoost,4.70339482746243,1.6732128594353635,23.474893689496977,0.8967641608661829,0.01746380515396595,2.9774210814966047,1.2127461269653093,54.937422380106725,0.7590363405782041,1.7215418304538919,0.44350449699494576,22.238052927353177,0.7704660741849683,4.653403415062762,1.8805616072356879,28.10872805827085,0.914765924031069
T4_S137_LSTM,11.494792284284223,4.565132980711723,100.33065881601,0.38339098014661865,1.4111328125,1.994699388034621,1.2621256510416667,88.28345488249178,0.891850145174442,1.567957536190245,1.0416531032986112,91.52227358930283,0.8095941362489978,6.035329317552818,2.7990606398809526,75.10930709152342,0.8566248802913725
T2_S28_SARIMA,245.55846636853158,132.06603487224393,500.0,-0.8032198998612858,0.0005861253634865512,313.3816492770549,210.8344156250865,500.0,-0.8004823728747976,299.53450174350473,193.75035760640282,500.0,-0.7056245475418328,236.14317740018984,124.39155033388224,500.0,-0.8673082464894313
T2_S28_XGBoost,18.318289639232912,6.796886376374285,28.366770133322728,0.9899652002583345,0.0220230333507061,43.2692631851086,22.51041884631074,77.01350166464184,0.9656757742338963,32.03457839053235,16.794336062532643,45.36060251331511,0.9804913258096305,20.975142712916075,7.284621736857973,28.145172082962006,0.9852675471824837
T2_S28_LSTM,117.20951209702567,38.04503284801137,420.54376117551493,0.5891676979312719,8.5,51.75516710269813,27.906575520833332,288.2567246880049,0.9508923467675796,37.304873030968444,20.90265570746528,234.90942197628178,0.9735442021810514,24.69378198046722,10.242106119791666,229.0579767919184,0.9795807197855737
T3_S65_SARIMA,74.07171658333816,33.69474711613686,500.0,-0.9410279289722219,3.0587284015685845,42.280166228253606,16.17888764857697,500.0,0.0,72.88508837606663,34.517967163287835,500.0,-10.935394833169752,69.10874627786464,29.445623619837946,500.0,-0.9527145976260285
T3_S65_XGBoost,11.504969506374756,3.526326594484355,65.92529673457386,0.9531728302704522,0.031949013471603394,0.05367278419401456,0.03804148081690073,3.804148081690073,0.0,4.349337596288912,1.501419020920164,73.78105090815816,0.9574983628811864,7.045928442036905,2.563678417909181,68.68783366801087,0.9797021891777753
T3_S65_LSTM,109.96663608543713,74.20863510204845,500.0,-3.2780794496692796,23.546875,15.154536312266975,8.252848307291666,500.0,0.0,19.57978953203002,11.272752549913195,500.0,0.13865832750253426,18.74386570807893,10.161955333891369,500.0,0.856354815245278
T0_S34_SARIMA,100.52730144883354,56.97878387370548,500.0,-1.0903000432624812,4.42805759154019,150.8447348947674,117.359705662804,500.0,-2.142522713499328,109.56732352452414,66.44108759289993,500.0,-0.9444909025184218,97.18348387600695,54.819644541221614,500.0,-1.2976206713849523
T0_S34_XGBoost,10.22198882124281,3.9627340002849913,28.939672299098056,0.9783871826206733,0.04962619207799435,19.516688422665077,10.922584895432616,27.116896795724916,0.9473945947244903,14.891641336883257,7.277648510256161,39.0570739411076,0.9640806106209453,10.815821372476844,4.068090704253076,25.17674720586203,0.9715414731916382
T0_S34_LSTM,47.11822186388587,15.501937355151016,113.86618416714398,0.5407825675268665,0.0,14.1531885064144,8.076568603515625,83.8477482529124,0.9723352534801945,14.190839933579491,8.258473714192709,181.17041183379988,0.9673817984064257,10.594110437497555,5.412857782273066,171.44371758381934,0.9726962440081487
T3_S27_SARIMA,19.956556590039735,8.51960234092343,450.82178990701067,-1.0145943675027178,8.405576686335097e-07,17.31032426373838,6.12913277596796,500.0,0.0,21.162996080798447,9.667562996613718,500.0,-4.535629991089607,19.59877510087456,7.905146286513005,378.00576798918837,-0.8505306772347707
T3_S27_XGBoost,3.3632142351985346,1.172970314222192,31.53648624419727,0.9427829497435052,0.05042391084134579,0.6279127744298099,0.13906601963875195,13.906601963875195,0.0,2.1660334216496047,0.6412927494643049,27.956612295516276,0.9420113420992248,3.4258420187403544,1.3239013444510332,40.49046911072842,0.9434577490330327
T3_S27_LSTM,30.845945207361964,21.26402465236244,500.0,-3.8129634663940317,7.498046875,6.137193477309214,3.4051310221354165,340.51310221354163,0.0,7.983678634138708,4.323221842447917,337.57939466459186,0.21219479718536205,7.803554664625298,3.8514258975074407,218.94238092580372,0.7066248096871395
T0_S23_SARIMA,52.56094494265117,40.575676667588084,500.0,-1.4264093461290157,21.460236814325555,74.19146303495945,64.25423973480078,500.0,-2.521237757778748,60.264490993665184,47.91220056607849,500.0,-1.7719633745860985,48.62698850650919,38.168175436645704,500.0,-1.561323199205762
T0_S23_XGBoost,7.689296329027915,3.1181812594738303,36.83486249440771,0.9480708830665371,0.046848829835653305,12.248075366628292,6.995409212773666,27.022576436961028,0.9040327213740958,8.672910738154753,4.3822755511436196,50.510512058046466,0.9425891131736414,6.919018009477984,2.771910713830342,37.21971505845861,0.948144054584372
T0_S23_LSTM,25.34528660595871,9.905807276091506,100.82769946713807,0.4358012045717612,1.3583984375,16.73978213477246,10.465250651041666,98.66770899231754,0.8207384768200355,14.271541254904076,8.090223524305555,94.11220706259417,0.8445444410145777,11.062130272544096,4.942507789248512,81.9121544402157,0.8674477293476068
T1_S32_SARIMA,77.24321812041357,38.4881389127801,500.0,-1.3320610661781895,0.00027210546998574864,57.63535058004865,19.583382255215597,12.416712442841838,-0.1305189406617442,33.2757851725609,6.527911437407598,4.15063938118732,-0.040023808395050375,85.83304017410455,45.19388011409832,500.0,-1.025076470889807
T1_S32_XGBoost,9.607022216613196,3.165862580732906,41.732748418175966,0.9639257932306047,0.00660877488553524,8.05239905749889,3.033863231433012,151.55318354084594,0.977932631709533,4.651116680074654,1.0494304188792336,54.33199535377159,0.9796810563088297,7.830878220893647,2.988245710199754,48.37313083654367,0.983144044444887
T1_S32_LSTM,34.53487090923816,10.84545854632364,84.55510377148727,0.5338401405936946,0.0,8.18199842466998,3.728515625,136.47950647474977,0.977216588846477,4.960826625590387,1.974760267469618,118.68534140521172,0.9768849543097841,15.513808314637219,6.2778607323056175,140.3278842892401,0.9338439938092031
T3_S35_SARIMA,64.47494615382463,31.844261103994267,500.0,-1.2627429240671173,0.20987147827124558,17.188112117004483,6.270843114047946,500.0,0.0,64.17097624875946,33.2360549593389,500.0,-23.83730607556921,64.2622123599307,29.881757241010185,500.0,-0.9156837175807973
T3_S35_XGBoost,9.543289764388792,3.06227003910296,51.162654735120036,0.9504265138971066,0.00794737332034856,0.5730534313705903,0.19554775670439994,19.554775670439994,0.0,4.578486317461931,1.159050572120072,25.660539848766955,0.8735639155628019,9.298934640962369,2.9314399554440613,73.78023849854604,0.95988758106115
T3_S35_LSTM,48.585311046914555,32.54416842665969,500.0,-0.2848819084973664,7.9150390625,1.1468693131939032,0.7259928385416666,72.59928385416666,0.0,7.974622177172711,2.610626220703125,102.50199149076522,0.6164275303145763,16.70141132261591,5.696382795061384,107.58604451270114,0.8706046093821574
T5_S47_SARIMA,88.22672895051204,45.82179673945278,500.0,-1.2103624470924115,0.0066121110592124305,65.88255727593665,25.855300523128147,500.0,0.0,105.27467660171024,65.37055561072589,500.0,-2.597747199174284,87.03454325400966,43.63201141716798,500.0,-0.953001518331142
T5_S47_XGBoost,9.381541977754699,3.246150721697823,40.97124366443271,0.9750073912704224,0.02625701017677784,0.20000956078499682,0.0812750575132668,8.12750575132668,0.0,7.747661043813023,2.2661119727288477,26.19873290082066,0.9805139399562397,9.755566909711405,3.2554316051980656,57.631755514653605,0.9754628399511548
T5_S47_LSTM,39.72590941185716,12.113307533081638,124.29227072688971,0.5518629677930729,0.0,2.525092946991974,1.54595947265625,154.595947265625,0.0,7.843365675666265,3.505459255642361,128.13721793346446,0.9800295551806226,11.794468852553333,5.722817557198661,222.89662601288302,0.9641345695537582
T4_S57_SARIMA,72.52383149187236,32.794782136532646,500.0,-0.7339167930908959,3.6438413188636773,27.813563133463244,8.145942486401275,37.52420565049837,-0.0921759516235634,44.226257552037985,15.306651142166048,500.0,-6.832066263204348,82.25935608908117,37.86066787415058,500.0,-0.6180763294121323
T4_S57_XGBoost,10.812743299911258,3.7683013622319264,79.64025565451315,0.9614576174230837,0.04265626519918442,11.409297649417182,4.568373200328399,302.4148215233362,0.8162204548136056,6.598085562998568,1.639432171644229,112.4690509945883,0.8256781372636144,12.277600592299935,4.419745272873635,79.92596420589257,0.963954139667132
T4_S57_LSTM,38.86409857830277,11.751475941051137,131.2526995586553,0.502074955820605,0.0,7.762565731685562,4.04248046875,235.08002151268116,0.9149273554808187,6.6693551530389685,3.4858635796440973,292.1970161769701,0.821891903812803,12.906906054612675,5.820191882905506,171.845264857774,0.9601642781365263
T0_S28_SARIMA,171.6150436853756,131.85759422403532,500.0,-1.32739264607577,77.30627681482477,244.66496765221626,201.03453059186486,500.0,-1.4098746088919851,174.21966872781329,135.33669909886214,500.0,-0.5934902780848834,175.0771528509102,133.37808374280075,500.0,-1.4942413866728126
T0_S28_XGBoost,10.087912776367041,3.677442806805751,36.59861307870813,0.991958046004735,0.07960410043597221,13.825300640275358,6.138079835878064,28.63364222595794,0.9923051521786646,11.43524376159857,4.937345625700093,41.364530943150456,0.9931349152265448,9.247543614908794,3.073033184316176,27.75899553607197,0.9930412328130978
T0_S28_LSTM,74.49981278163108,22.577994022643168,131.53394510830557,0.5613993105264514,0.0,27.079715979184034,12.102783203125,37.36149601594812,0.9704784553550527,21.1001528107778,10.128133138020834,171.1400877502266,0.9766263653133355,21.67220062295713,8.617162431989398,222.43774680427828,0.9617804512507668
T3_S1_SARIMA,119.69138428761636,71.16493174504078,500.0,-1.0219949422028263,26.709875163815063,18.065924403399833,9.864420519109208,500.0,0.0,96.77796390901591,60.68341480969267,500.0,-78.72625696064344,103.3990630019406,59.71795776952279,500.0,-1.2282670004599598
T3_S1_XGBoost,24.555675876096473,7.620792985938347,57.95951959593011,0.914894413345095,0.024370238184928894,0.12214214110309045,0.06985040629903476,6.985040629903476,0.0,3.3478366806943045,0.8735429330004586,29.99953719735917,0.9045937249091015,15.39886332306318,5.3287884507195225,75.23247688845768,0.9505790202570855
T3_S1_LSTM,102.95040269762148,66.84014454526765,500.0,-0.4959269444862613,5.0625,1.2519944953331843,0.56353759765625,56.353759765625,0.0,3.103114082097235,1.3265736897786458,112.9317399825099,0.9180320832025197,12.67820267477351,4.591404506138393,105.27896677417941,0.9664996455181778
T5_S26_SARIMA,38.18142462270024,20.53213066449548,500.0,-1.0218544624208112,0.19640300537485655,33.51825428433812,14.29906500153986,500.0,0.0,44.18657665324905,27.364846348904,500.0,-1.682991021290162,38.2562414552227,19.57016466141215,500.0,-0.6903967802482593
T5_S26_XGBoost,6.088860473627408,2.147681461208228,36.37824929252878,0.9485817042365807,0.058325959369540215,0.19152491938231633,0.09422902405882876,9.422902405882876,0.0,6.159236098341084,2.032889750527425,16.295574270126213,0.9478694614864298,5.604268205467996,2.09257668187742,35.711762117390094,0.9637237923040489
T5_S26_LSTM,17.82298447371614,9.71598969235945,410.6182312107993,0.5594385518985714,8.7109375,2.6696076746595425,1.5951944986979167,159.51944986979169,0.0,9.288234163637096,4.323160807291667,125.77429056805391,0.8814491099568478,11.822493769262584,6.322393508184524,226.51105591281967,0.8385633098945962
T5_S50_SARIMA,57.00297773056808,29.604575948894013,500.0,-1.2721639756424272,0.21808552993730423,41.89219014743507,16.330294390718496,500.0,0.0,70.98178869621945,44.33493908593319,500.0,-2.0929496151924774,55.54701212497583,27.84490804482706,500.0,-1.0236229049382377
T5_S50_XGBoost,6.734599186974078,2.273910932797932,23.650340504669668,0.968284753507383,0.009609159082174301,0.029095643768402072,0.014828934178998074,1.4828934178998074,0.0,6.889400260053517,1.8065961343947694,18.35594335023537,0.970863203459945,6.203023094525624,2.1715320615164404,25.307865912078363,0.9747643220612048
T5_S50_LSTM,25.642077263449757,7.661253860692659,58.0197811335858,0.5402190292830167,0.0,1.4609373402042947,0.8268025716145834,82.68025716145834,0.0,10.358928493092163,3.7174919976128473,72.0430866022216,0.9341268187648775,8.980875036537975,3.8360755557105657,89.91572173450297,0.9471012405881801
T1_S30_SARIMA,115.33866093865514,57.325276811273376,500.0,-1.1895266521431758,6.310511329406266e-08,83.93896592199302,27.750000006987463,12.430437225596965,-0.12270567966513712,48.46218457056149,9.250000019377815,4.143480780065258,-0.037808975842173353,126.9765845133398,66.57310991140437,500.0,-0.9152099913101186
T1_S30_XGBoost,13.72487518003415,4.591127252707516,80.39540351383074,0.9689960353570214,0.012081281282007694,11.637697851453119,4.370873474360754,170.6002570272621,0.9784189363664592,6.727230176117065,1.552242513280362,66.3952211917651,0.9800021170040223,13.433897985743087,4.925066009330164,87.2748989998264,0.9785625458381678
T1_S30_LSTM,51.661713942830595,15.059965726861543,114.75707913480578,0.5607234228520246,0.0,14.356783456264598,6.104899088541667,145.940329341492,0.9671562308974,8.359571769513813,2.493557400173611,94.50588017980289,0.9691198423185886,14.579440733288196,6.492156982421875,209.95654604416836,0.9747506125691867
T5_S67_SARIMA,108.10858150645774,55.69214152802514,500.0,-1.1938991171914162,0.005699137235747977,68.1046132410916,25.796891617421085,500.0,0.0,131.64315385515945,81.45426328671486,500.0,-2.4447700818658937,106.66358209770976,53.28644184582494,500.0,-0.949812027817871
T5_S67_XGBoost,10.364305320408668,3.5560907974625318,47.15527370629579,0.97983599892096,0.03818301111459732,0.10373139922046083,0.06771312917893131,6.771312917893131,0.0,4.224736590634141,1.5879340666449733,23.906674064032334,0.9964521687385933,8.829547958074668,3.346991631146964,51.37084728037997,0.9866390494833678
T5_S67_LSTM,48.49420023965815,14.269016977702602,146.85360324362142,0.5585556952642703,0.0,1.8831661447564167,1.158477783203125,115.8477783203125,0.0,7.40448858909091,3.5764668782552085,160.59225725268445,0.989101823927331,14.872655376927106,6.351688203357515,233.5005695042296,0.9620914262147378
T0_S70_SARIMA,85.61202045751844,71.0862841066254,500.0,-1.671576142475634,49.97109001099168,115.92057627017905,98.86586766419731,500.0,-1.3830073748463034,84.20596778374201,70.86542063387576,500.0,-0.6413917837536776,87.44969229085036,71.96160663692267,500.0,-1.8641704590586055
T0_S70_XGBoost,7.8525958253578905,2.779201897017159,26.724087286509484,0.9775237138300321,0.025642733089625835,10.196745622455715,5.528957295328534,67.03605292176874,0.9815614190747508,8.138360768305345,3.9837899957007417,39.379520509029874,0.9846679443169148,7.213879559498528,2.5596924378575445,21.78723603880336,0.9805096308755937
T0_S70_LSTM,35.59809996344626,10.464549963554127,44.80596877555135,0.5380960247903266,0.0,14.506784857702062,6.041666666666667,18.91130673601673,0.9626795678411656,11.866697613984343,5.129859076605903,47.4738032835142,0.967402352157253,10.468389207554322,3.763461158389137,66.93787180063802,0.9589567245866546
T2_S17_SARIMA,47.81340292271884,22.432421264925704,500.0,-0.651296630699443,0.06347441724178639,61.05711214804403,36.48680457650079,500.0,-1.8202181296044295,57.77335091912749,32.55276367463406,500.0,-0.7337152704756593,43.58485634633217,20.813051391736984,500.0,-0.8603684867063448
T2_S17_XGBoost,12.604712963916453,3.6160121541336605,44.33697587702225,0.8852396913665053,0.1362936869263649,12.66003812962793,6.513139322943364,79.0978650262169,0.8787504295441252,11.855537649366873,5.503617167033048,55.02394090147605,0.9269928883693039,7.771545638119025,2.44263803677833,31.976185477049217,0.9408516628246931
T2_S17_LSTM,28.848268332882792,17.536162599992522,500.0,0.39887431507715,11.32421875,12.609246519207046,6.059977213541667,86.66026594530081,0.8797213756223613,17.618870274223188,9.486002604166666,164.2583158583208,0.8387577778988496,12.635589021013141,5.8351018996465776,247.3636422967952,0.8436424992102851
T5_S7_SARIMA,115.40328403166349,58.079089574109375,500.0,-1.3773307321976778,0.013477793433673887,83.12254554231876,29.011930491634924,500.0,0.0,142.7802601892842,86.36537646772348,500.0,-2.605381260059659,113.51427111576513,55.214567652920366,500.0,-1.0624977931579762
T5_S7_XGBoost,8.80746443708308,2.9130835027554247,34.085917156166055,0.9861530199758276,0.043885406106710434,0.050492995284086545,0.04747233741606275,4.747233741606275,0.0,7.211992635019481,2.181876187962997,20.280140467182306,0.9908013221818737,6.446382231737997,2.2871229394139454,35.028659829296934,0.9933484222971939
T5_S7_LSTM,46.69442974624894,13.703614449386961,152.35623934806094,0.6107905099216626,0.0,2.5556420813725325,1.368377685546875,136.8377685546875,0.0,6.822368992538319,3.7280171712239585,199.05263326390076,0.9917683808544133,11.41961950162955,5.504058837890625,243.7846773611336,0.9791264733848235
T5_S77_SARIMA,97.1652520109078,51.20841028811175,500.0,-1.3562341198198578,0.008663703693304438,62.07227819491773,25.39449396234218,500.0,0.0,118.59229181818819,74.92614289979822,500.0,-3.011860005649548,93.22381070228244,47.37929096064771,500.0,-1.1707615553738075
T5_S77_XGBoost,10.688300423150004,3.642644505498738,69.69838099825938,0.9714889125379751,0.05129147693514824,0.08027502432939804,0.0554515008504192,5.54515008504192,0.0,6.113140141750133,1.9697741425415087,34.661879174714734,0.9893398933451274,9.628910231646703,3.489295512698369,89.45123179413395,0.9768413790662552
T5_S77_LSTM,44.31882067791419,13.461444471441387,139.73507705276836,0.5098004949836934,0.0,1.8068505313006131,1.0252532958984375,102.52532958984375,0.0,11.5762980651546,5.068418714735243,143.000713815359,0.961772821298817,12.082546432395137,5.894801548549107,227.32780792247294,0.9635350717025808
T5_S41_SARIMA,96.88732069579957,47.33456831978517,500.0,-1.9291462290640595,0.012141690265218004,81.58632256006337,26.97045978758004,500.0,0.0,125.511277401939,74.70536711972387,500.0,-3.158155098785987,98.99006165521676,46.960168941788965,500.0,-1.1797111596141532
T5_S41_XGBoost,22.68840941786472,6.833937941673858,25.343271812020546,0.8393742154915051,0.007393027655780315,0.024813217342810577,0.01489409210626036,1.489409210626036,0.0,13.96707474491597,4.460055314754653,17.795797638566853,0.9485072484023257,10.971589918711532,3.661587812821381,24.487006382392856,0.9732234332477604
T5_S41_LSTM,35.55460736830656,12.369484057266746,175.8032917590956,0.6055436653362284,0.0,2.3701521623731994,1.32623291015625,132.623291015625,0.0,15.89160550875782,7.278544108072917,196.15565615700547,0.9333391669924339,15.738305328801221,7.851614815848214,279.7310677992831,0.9449025256693154
T5_S49_SARIMA,182.70920886583576,93.36164972351237,500.0,-1.4562760205941832,0.0003325143891125089,173.39407833266517,66.57297885902184,500.0,0.0,223.90599476112786,137.19438765173496,500.0,-2.886403329372904,175.1716291427393,86.678930584604,500.0,-1.2299220986520916
T5_S49_XGBoost,24.090267794197192,7.3299461665950965,54.590083889203875,0.9572988521204738,0.05271236225962639,0.0709553250070224,0.0651213222493728,6.51213222493728,0.0,31.473652404656246,9.120924926362932,52.52532153240133,0.9232089306929354,23.325952693735445,7.623400357330129,58.660100907680544,0.9604596112940986
T5_S49_LSTM,77.29817081901251,24.585492439817585,263.64888870653965,0.5603625015535139,0.89404296875,7.0991628668229705,4.051188151041667,405.1188151041667,0.0,34.487245070464006,12.925211588541666,336.734729345523,0.9077994666713851,31.427843257064367,13.067074730282737,421.71350547035945,0.9282220070764322
T5_S59_SARIMA,114.23919041833823,59.22391628890302,500.0,-1.4347503801073138,0.035620345601564046,89.48212766408916,35.46705824225936,500.0,0.0,142.05307918662777,88.60699413622648,500.0,-2.674548381177447,110.3765960638138,55.00792418369107,500.0,-1.174374249702295
T5_S59_XGBoost,10.219077480609313,3.893558960621865,74.28520384104867,0.9805173695511399,0.06753411889076233,0.9026711879293061,0.3852512836456299,38.52512836456299,0.0,10.928999340704893,3.778303120569843,70.76937085898948,0.9782497894560935,10.110652603162332,3.914151225006208,95.50979910754953,0.9817552179353832
T5_S59_LSTM,50.06070163632393,15.122851650110272,147.8958161010019,0.5324607526290701,0.0,2.823507838119857,1.6348368326822917,163.48368326822919,0.0,15.496952363302942,6.804965549045139,167.41703610941326,0.956268410593571,13.63376460189929,6.4892153058733255,252.59026861847954,0.9668249271217622
T0_S75_SARIMA,80.1142632193831,53.494022555449966,500.0,-1.1665508502296018,19.731210690955503,121.24075703501464,96.04644448622689,500.0,-1.2552489571495444,87.73965625671488,59.729867076079,500.0,-0.5391264974034855,83.07985496868115,54.94574876540818,500.0,-1.2322239653624334
T0_S75_XGBoost,9.05342239273684,3.481898275007378,22.613929169250135,0.9723321911330312,0.005955904722213745,6.939962366097202,4.003070817018549,35.40089397737612,0.9926105614403983,7.108988044523098,3.3368327064931185,26.86115755455234,0.989895890932698,7.822463600126885,2.8069263812919547,21.04317514421602,0.98021056436803
T0_S75_LSTM,35.87819209150251,11.067054273979515,47.06787403305443,0.5654794684578446,0.0,14.237180311969462,6.686319986979167,22.425407018213228,0.9689010889303412,11.787542893351816,5.3447418212890625,49.12786781627905,0.9722202054214771,9.619157999727022,3.7734186081659224,74.49157736918505,0.9700759464247362
T4_S38_SARIMA,49.95258966695031,22.06988633383493,500.0,-0.741824320244165,0.7192437090147719,8.560116253694641,2.334103042118391,23.63647344336146,-0.07802257865288853,33.60107100332492,11.22757021462798,500.0,-46.637239108326135,51.980871918196094,24.295323599735994,500.0,-0.7931718453110213
T4_S38_XGBoost,8.714739590140757,3.086068898867192,48.948954504523066,0.9469851957112058,0.01688016578555107,3.7270864939181267,1.3552897283419345,72.90095729572673,0.7956345507179039,2.16474679566102,0.5263353097123198,31.757525791743063,0.8022782008931908,8.918883707076834,3.5172881842535433,52.6501533930055,0.9472094977652213
T4_S38_LSTM,30.47432793150798,11.228669819078947,331.1110012870007,0.35172898040515377,5.544921875,1.9574912743112078,1.4004720052083333,116.68738579287836,0.943627382425761,2.340678852680154,1.5460137261284723,146.8147677035289,0.7688339748393745,16.524656211495884,6.206877208891369,140.39607423476357,0.8187826992619331
T4_S130_SARIMA,29.903348102751117,12.77172807948083,486.3154192081794,-1.0871137047204074,3.084159056315669,10.953228474215829,3.42611850738828,40.22585354120285,-0.1041185413948762,9.783298689491435,4.437839088945815,342.98857649537297,-1.4969093880544104,33.823271494986194,14.844927236226221,490.9765219148067,-0.9679337355052267
T4_S130_XGBoost,4.182018746820368,1.4677930363168734,34.14181875197724,0.9591794898919246,0.008036930114030838,2.3462096288421606,1.0005418313667178,69.73871321026837,0.9493400175346124,1.3584004741204445,0.37156767302399707,27.05161066026524,0.9518620263063773,5.02109130641317,1.9412839621904172,44.70355057480947,0.9566313917596301
T4_S130_LSTM,14.882752751419746,4.288570568321995,82.38855665459477,0.48302087091758883,0.0,2.828342987848445,1.712646484375,110.06766516390383,0.9263800431906914,3.004950879411212,1.5946621365017362,139.06721922564154,0.7644370900214219,6.9785702508412735,3.1161106654575894,117.77736818420578,0.9162254397266744
T4_S140_SARIMA,25.06974478928966,10.29942054014999,396.2041553203048,-0.6388989286816735,0.5899298582601185,12.375247008991556,3.3069251387891305,25.10435956169904,-0.07514621369857988,12.463076108260221,4.351019961732594,333.23927806752135,-2.128398939202251,27.699211148265316,12.033448696910181,415.46965429082564,-0.5179961136216833
T4_S140_XGBoost,5.382904468519932,1.8221432536951283,28.494821366600565,0.9244410889295669,0.008819232694804668,6.1752576240520005,2.0943711600654447,80.76689479484826,0.7322867055140894,3.567573676474461,0.7421545617528156,31.325382438049488,0.7436593169077822,6.620870214288134,2.3843202689230174,30.182937888703208,0.9132706668187675
T4_S140_LSTM,14.79597252494551,4.244546406577078,49.955249504882694,0.42912716442074705,0.0,5.2426034966440325,1.817718505859375,61.64111504372155,0.8070459924230995,3.358525707449271,1.2350472344292536,83.46114492885337,0.7728205784014744,8.66091795269232,3.3625826154436385,66.06350544522334,0.8515898148877319
T2_S46_SARIMA,150.47335516968997,77.76117469238277,500.0,-0.8678237732684402,0.0017870839399455874,177.5293206219232,108.17454493857059,500.0,-2.266576883759062,175.42868079936918,106.96099117906846,500.0,-0.899130514149795,140.32867127077913,72.45221946722558,500.0,-1.1513881275408875
T2_S46_XGBoost,17.330137902489348,6.3687133498508794,90.85906998498412,0.975224597063511,0.046313900500535965,13.01666428451217,7.540327018223858,89.82423991889874,0.9824388840562308,19.77612545132088,10.706461775545096,110.70264906725684,0.9758656262780758,12.947900980387557,4.642090378876587,52.80466853597897,0.9816842511182902
T2_S46_LSTM,77.97365842423334,49.138085470245215,500.0,0.49845198984827377,36.328125,31.501858032172596,18.933736165364582,160.964017377664,0.8971450867711678,46.42694316154148,27.601155598958332,258.7419861064453,0.866987089536505,33.252406907834036,16.476728166852677,500.0,0.8791985591918982
T5_S58_SARIMA,118.72212555630756,62.82615546350997,500.0,-1.1517466841932227,0.12370761262246907,84.56789870267887,33.805049854401425,500.0,0.0,144.8719989995236,91.86932662951706,500.0,-2.0851594100774595,115.38147080743119,58.97067678481699,500.0,-0.9340318940923407
T5_S58_XGBoost,10.271152447749177,3.53714931314771,42.1383105694695,0.9838947983868778,0.016147632151842117,0.06577470199321397,0.027552499746282894,2.7552499746282892,0.0,6.618366864605684,2.125764309325152,27.55471791567815,0.9935611193157143,9.41961095212304,3.6006855662368857,50.62655708169833,0.9871098662946124
T5_S58_LSTM,55.62118962271884,17.49550384083433,152.84424203808885,0.5277104220398421,0.0,2.377176692732978,1.5668131510416667,156.68131510416669,0.0,17.868406892450935,7.184102376302083,167.84186191271127,0.9530667779341225,19.4629005668534,8.789495558965774,260.46661692469775,0.9449690996804296
T0_S35_SARIMA,66.65510139829773,49.28497780643577,500.0,-1.134262200599827,26.012074143757992,101.16330753078557,82.32876921428486,500.0,-1.617572911348561,71.21010972924509,52.94902090733786,500.0,-0.6608293272097645,67.13369116474061,49.51299812717174,500.0,-1.2499806640054305
T0_S35_XGBoost,6.539979002607765,2.592321263634155,25.935289917343614,0.9794536967439069,0.050599634647369385,7.821671960651391,4.495429957285523,33.271414801688394,0.9843522484158428,6.437202635791301,3.237209296785295,39.92737028658593,0.9864282435963297,5.9014674112940835,2.221205482458962,23.7143860856649,0.982613276019066
T0_S35_LSTM,30.14759292241525,9.717689331638756,58.07999376333618,0.563397447094866,0.0,8.805686529008975,5.230244954427083,45.51284448403256,0.9801674211570524,8.30574697255899,4.668362087673611,86.94247646132538,0.9774056897319958,7.166444306439562,3.3190670921688987,79.73216664467289,0.974360757297987
T3_S49_SARIMA,178.04026924395632,94.39384449561906,500.0,-1.359004477668845,14.674719464505172,55.26281652696065,18.824101566490768,500.0,0.0,186.20107956521522,97.36753234142037,500.0,-16.64251097223629,168.72207585172427,82.82276682535787,500.0,-1.1174620173399612
T3_S49_XGBoost,23.66612654968623,7.505789976243964,85.32237121891951,0.9583181827210075,0.025639206171035767,0.03149709790691349,0.02821627212688327,2.821627212688327,0.0,11.895521387790355,2.4799524559898094,90.4603510531209,0.927994947511432,28.937099041629402,9.021624264606674,89.39203874061192,0.9377152407466663
T3_S49_LSTM,217.57872333071745,140.53452545604068,500.0,-2.5231012846763607,26.828125,12.513780494565049,7.228261311848958,500.0,0.0,25.481228179575712,11.999928792317709,500.0,0.6696025241664709,29.61448452510783,13.622277396065849,500.0,0.9347650755221345
T5_S60_SARIMA,114.188924994139,57.955221557903116,500.0,-1.2985046432409448,0.002289969698891888,90.91196905251888,33.589372295274735,500.0,0.0,141.91734547870607,85.82245081613516,500.0,-2.2809123460172778,110.51765216673111,54.27439093102196,500.0,-1.076952912027488
T5_S60_XGBoost,8.919605728757405,2.8600186848061595,35.125797503836445,0.9859754565541108,0.046488046646118164,0.15810726782438367,0.08863118228813012,8.863118228813011,0.0,6.9825568602802175,2.424930467037484,21.86190689198249,0.9920575839846812,7.113837486890367,2.758891190939938,46.95077345525001,0.991394596687462
T5_S60_LSTM,49.79628112297097,14.360059236225329,140.78894597208617,0.5628895022535014,0.2042236328125,3.5799266840732744,2.0564982096354165,205.64982096354166,0.0,9.539855597100981,4.467220730251736,178.3327439598539,0.9851745709351114,10.702193152817882,5.182092575799851,235.42947064962138,0.9805235894891506
T4_S74_SARIMA,30.086975363663296,12.658393025205307,500.0,-1.053068239940007,0.9601814707614583,5.253294108905381,1.4760084683151151,28.782324409572997,-0.08135571570912581,21.386843547750892,6.876617018050293,500.0,-50.65896398335708,33.1920574174792,14.461364532655201,500.0,-0.8562242151622936
T4_S74_XGBoost,4.88936269584867,1.5761633270591973,25.399851454394877,0.9457810836546763,0.00445100711658597,3.5021164012186343,1.478787132111999,75.76170806269535,0.5194193258703194,2.0244430771481388,0.5279437013580011,28.75536841963193,0.5371252962695876,4.87333003324769,1.773071682561879,28.658220956714924,0.9599858371450565
T4_S74_LSTM,14.639454477964374,4.98511413866253,138.64731063111034,0.5139330291379703,2.75390625,0.9482097692215716,0.6474507649739584,56.65870079627404,0.9647698899677821,1.1972314180139556,0.7577489217122396,73.07943360418336,0.8381142887589977,5.565984329221109,2.5520804268973216,74.43293991886935,0.9478029394937643
T0_S10_SARIMA,134.3665437204365,87.68729943315712,500.0,-1.1055798561531796,33.85283702277043,217.30961923135837,165.74981910008785,500.0,-1.7736273224064107,154.49474255303917,101.3830106517092,500.0,-0.7299143562452841,133.77361590204285,87.04365225580445,500.0,-1.2205312610932784
T0_S10_XGBoost,12.440211085978662,4.435124531208925,32.47165635744467,0.9819513416499889,0.08283811062574387,8.978684946436639,4.676703618684162,28.864474672812012,0.9952650470178989,14.42874124105461,6.344200138507101,37.627620367449,0.9849112215121372,11.325279825266641,4.070982355419325,24.073504465543845,0.984084736185499
T0_S10_LSTM,66.08408426549133,24.349705454265102,229.21440432342015,0.49068885746933055,0.0,54.83334701425832,31.3857421875,262.503080533823,0.8234044657281745,48.48381375929903,27.628772311740452,459.42128030162894,0.8296309344198026,32.71176752141472,14.472479684012276,322.7535753771638,0.8672226546708742
T3_S58_SARIMA,180.82310840128605,93.56154758104675,500.0,-1.3003357099119972,11.828292275591153,23.632178239450432,10.056005843446991,500.0,0.0,176.54950607340822,94.53071258003553,500.0,-176.54927917604806,183.4710070404545,89.46396321628842,500.0,-0.9439746632048844
T3_S58_XGBoost,24.541978221402314,6.905644323344846,85.96155095617064,0.9576257043000072,0.026663709431886673,0.06735705755227507,0.04243503914525112,4.243503914525112,0.0,2.3371816525345483,0.9050803820783686,59.35564842818734,0.9688849261318212,28.32225451711483,7.954637219658165,105.72138647059579,0.9536754346379283
T3_S58_LSTM,157.59722281754665,101.28903738505532,500.0,-0.747352317334665,8.12890625,2.9949422394867127,1.413818359375,141.3818359375,0.0,7.201210569535205,3.463412814670139,264.8069814018942,0.704609230485907,27.440214007106018,9.34284173874628,205.87423093547298,0.956515878651668
T2_S8_SARIMA,252.71310776607405,140.3542737560689,500.0,-0.7650833031637654,0.09987691225798692,305.3555325734286,209.67268821404573,500.0,-0.7852365745541965,305.7264399192873,201.91205513528212,500.0,-0.7266059935900002,245.30902929937173,132.86369044199563,500.0,-0.9194539980372478
T2_S8_XGBoost,28.621277387764334,10.925629818081214,65.40232416375133,0.9773594123480882,0.05190163105726242,26.9130752672428,15.909052163052062,90.77304768879277,0.9861320955275243,37.14906301785019,20.275004604934818,98.07818599781726,0.9745068809188459,24.325958968457627,8.827829115824509,55.88765108430882,0.9811248426810497
T2_S8_LSTM,118.51166622354795,51.243525016821174,500.0,0.6118211420737045,31.640625,39.26697879496116,22.979573567708332,319.6826257393606,0.9704784493687534,42.610414315839755,24.490397135416668,251.53378907364137,0.9664603319535919,28.889497789910816,13.282200404575892,386.43178711414987,0.973378616320454
T4_S91_SARIMA,88.66225316910342,40.24496623785006,500.0,-0.577606878940961,0.4892713390433146,40.390158512418964,10.98655215408155,14.80624874833614,-0.07966406507309665,49.404001767754536,16.826848039467553,500.0,-3.603918643496973,93.47078027749052,45.251302167250074,500.0,-0.5719800033571403
T4_S91_XGBoost,17.986294353576245,6.1365341126069906,121.2133786794846,0.9350760915340627,0.01634998992085457,13.518574575353972,4.364858193012576,368.4353214874372,0.8790518210011141,7.808551360536149,1.5350035561714321,130.81685634586978,0.8849876901255187,14.453830356254237,5.794214332517835,139.47525613914468,0.9624109640697912
T4_S91_LSTM,54.6453463122484,18.426047585227273,325.7111006075237,0.40072297385313593,3.435546875,13.111144156008006,6.8143310546875,412.26010823118094,0.8862323685422772,11.71464546434078,6.105780707465278,500.0,0.7411419457547483,17.04422902915974,8.27284168061756,287.75843502848994,0.947730300462166
T5_S73_SARIMA,155.47403970911844,70.46908996415115,500.0,-1.672826323140657,0.04314311772191901,39.874571709592814,14.342807782587755,500.0,0.0,180.5014225977393,97.85795396953762,500.0,-8.282061201633665,143.64744395829646,62.01849819041333,500.0,-1.6953624967520216
T5_S73_XGBoost,24.56533864151384,6.695848937329066,64.20201163771239,0.9332731713502503,0.02561447210609913,0.14783636028774888,0.058430518954992294,5.843051895499229,0.0,42.07855489467446,10.953419809100321,43.170047673022985,0.4955654762208328,32.99914384857901,8.759640388501188,101.35954357643486,0.8577583698473775
T5_S73_LSTM,73.55552166515352,25.582725707423744,426.5346292033313,0.4017461068789555,0.0,7.221429361299702,2.5306599934895835,253.06599934895834,0.0,43.31087897131228,19.336022271050346,500.0,0.4655868147978236,45.88439482167532,20.8563479468936,500.0,0.7249881597195886
T0_S12_SARIMA,109.6451989742346,72.80243591011946,500.0,-1.1166760747106461,31.302210554629973,176.0847141680781,134.78058163188825,500.0,-1.806112344804227,121.98606738284178,81.80031926568464,500.0,-0.7767292059272455,108.34147587351298,72.24707855212162,500.0,-1.2611509169934312
T0_S12_XGBoost,10.64659500832537,3.703434266769951,29.34045738015711,0.9800429369720945,0.03524019382894039,11.284481027140583,6.075913722005983,25.916140889457285,0.9884754249006525,12.138664010812906,5.052791681244141,37.42656289432902,0.9824068922993381,11.895113236331063,3.6906461140717424,29.874604715057156,0.9727430525968598
T0_S12_LSTM,53.749426823747406,19.958459589469946,201.41543779094047,0.49134556489532766,0.0,42.768881981669395,27.244222005208332,260.59244169574663,0.8344544404802912,36.461666843573845,20.77402581108941,411.166937177594,0.8412645903471732,26.557016851330015,11.913645426432291,277.53398353776595,0.8641378030442588
T1_S45_SARIMA,84.52113265352156,42.2745069737334,500.0,-1.3680997275645717,0.00045487389538792803,48.940017919883616,16.875066116036052,12.408890263277407,-0.13493719712953123,28.255532520905422,5.625180973840932,4.152190270650643,-0.0412668899055737,91.74173055572774,48.54494714386587,500.0,-1.0810321534689251
T1_S45_XGBoost,9.576960638471741,3.308731542693275,60.41689059105736,0.9695964163858768,0.004878453444689512,7.89844502546592,2.683254928134071,182.69344680324008,0.9704384786025805,4.569152371135598,0.9680022552428353,68.25621018756117,0.9727713350654794,9.733048161622278,3.475278234206295,75.26968754333623,0.976576991340966
T1_S45_LSTM,38.81987141800804,11.74713782716596,96.34556712403584,0.5004516184260012,0.0,8.115761873575348,3.2543360392252603,117.1715023607297,0.9687893959821041,4.8259956563312265,1.6357896592881944,94.15826540822067,0.969624116468069,11.747404880723423,5.192397480919247,171.2994514205438,0.9658784454845292
T2_S21_SARIMA,136.89989845547657,75.76752374862485,500.0,-0.5870912350188393,0.005427717824127274,143.37577421527408,91.5409984293908,500.0,-0.2463195335734949,168.60892977073038,107.40267725262187,500.0,-0.5508474542146686,134.90398422257192,72.40181238220448,500.0,-0.7032544207245972
T2_S21_XGBoost,30.241957322342586,10.26603561007244,101.11837015124534,0.9225510679614136,0.16557011753320694,56.235534621455095,24.29754052280138,226.58610503876696,0.8082658351283344,42.81301732703773,20.38885265932832,143.67581403527092,0.9000092994313781,28.09168634699618,9.084174849031982,96.18486266138605,0.9261440321352067
T2_S21_LSTM,72.8722582443729,35.760596170379785,500.0,0.5503028891032842,26.84375,74.43931377316673,26.9112548828125,220.0275681471409,0.6640438687630386,57.95446524255656,26.627438015407986,207.17601738995012,0.8167762600517129,38.32624174821096,13.469277518136161,294.54155860610956,0.8625254072955572
T1_S3_SARIMA,164.60084351885698,80.39779887937648,500.0,-1.3055054471654044,6.8655233949625225e-09,91.216546379198,30.625000001700283,12.441190266964512,-0.12704124934152228,52.66389760657795,10.20833333800598,4.147063832910138,-0.03904057423165308,184.09056038998187,95.21345040130848,500.0,-0.8801392707173163
T1_S3_XGBoost,23.672620658548357,7.281936998951414,75.20690675404873,0.9523135802424884,0.017374737188220024,16.67038152720515,6.903041703548904,242.53611686173932,0.9623570509283793,9.62914390978561,2.3726356950226344,88.0075516712131,0.9652638352167325,30.442218673654487,9.766592426170106,86.58253292806512,0.9485862142186493
T1_S3_LSTM,70.8505548604065,22.154308556369617,242.14315584894956,0.5728419933719051,0.0,12.560532252875065,5.691324869791667,218.29233736135777,0.9786297970152811,7.930821838425356,3.264797634548611,209.53304691559146,0.9764363317802187,29.646773021905386,12.232520693824405,442.03660358168275,0.9512379631947335
T1_S73_SARIMA,136.0648644672243,66.28509195067099,500.0,-1.2455737233970199,2.7132984289851706e-06,54.82776062678419,18.08333371961952,12.39338793915376,-0.12205958285298446,31.654822356938237,6.02777884217121,4.13122287618821,-0.03762487694775318,154.29822467358997,79.2863439636006,500.0,-0.8421930521788406
T1_S73_XGBoost,15.879754947900922,4.913387620587651,60.338543371871644,0.9694139831531249,0.04772792011499405,10.827802824076304,4.335151995842655,167.51547645096286,0.9562381593584575,6.274053689559956,1.598902978675647,71.22372348979712,0.9592378506698335,19.737584186150944,6.794512631415966,80.70805861515082,0.9698559728356941
T1_S73_LSTM,60.13444256119207,19.59460507625598,196.28440239285803,0.5613865855690969,0.0,29.98668136128564,11.945271809895834,165.43060459341277,0.6643615453472728,17.46068594512163,4.926472981770833,149.6151060450265,0.684293723518227,28.33675773033383,12.213147844587054,363.7296098365596,0.9378682485974412
T4_S44_SARIMA,40.785051087278674,14.882989080085872,500.0,-0.9201081877341739,2.3515606967684457,13.606175371751368,3.587375215097593,24.061692899412765,-0.07324905139284565,11.497865713804512,3.7279324385738732,261.2346343206051,-1.1999818577613341,46.038114551218456,17.27459807694511,500.0,-0.8639912122204656
T4_S44_XGBoost,5.7593943528918325,1.7841147693145896,44.820313738716834,0.9617107102252578,0.014243773184716702,5.892163483599366,2.472746113121199,127.95350631777205,0.7987305030591207,3.402682241054554,0.8551172821769595,45.738026552913325,0.8073240876496861,4.652640787712612,1.8588123862393244,55.104831080462255,0.980962590603231
T4_S44_LSTM,21.83980207573459,5.332523619729366,97.89449351266538,0.44941918447501505,0.0,2.763724563150313,1.4884033203125,94.88115524312585,0.9557189509087203,3.124084642049291,1.6201816134982638,144.03176908711833,0.8375834732534835,12.026577325604679,4.188765752883184,146.8832041874508,0.8727983051157495
T3_S63_SARIMA,138.27054052540902,73.67415793331652,500.0,-1.4899518318409926,9.977050891754658,25.34938727285457,10.338739270060193,500.0,0.0,139.51045393794172,76.54664164203442,500.0,-55.52955364627345,130.84260468682822,65.59358628352713,500.0,-1.2857215232151904
T3_S63_XGBoost,14.159154013386631,4.775184648885986,78.30965613395577,0.9738900382235794,0.04907844960689545,0.5220853973450685,0.21553234135111174,21.553234135111175,0.0,6.369699801856548,1.6858418221430231,51.63953434987799,0.8821580331550973,15.971098502411593,5.703855186944739,91.35412798934513,0.9659439298197878
T3_S63_LSTM,128.60079216668973,81.4869796533904,500.0,-1.1538671478476874,5.87109375,1.7592595482684188,0.7552439371744791,75.52439371744791,0.0,6.237465775915144,2.263792249891493,148.71866666517096,0.8870000102412718,14.925242448898679,5.202372959681919,131.85012637085163,0.9702581660260473
T3_S74_SARIMA,54.83910244051112,27.158575579864156,500.0,-1.049394907806537,0.021051869980006674,11.778753657246684,4.031512694245556,403.1512694245556,0.0,51.55642119517625,27.111955777270417,500.0,-84.66938594227766,52.242108152474025,24.59569071824589,500.0,-0.9170110150995969
T3_S74_XGBoost,8.822081933856843,2.686775078909565,43.27998812647564,0.9469619985856064,0.055555976927280426,0.13965365208325028,0.0557824137310187,5.57824137310187,0.0,1.5957532400490222,0.5553416083793208,27.412427759182567,0.9179286461303491,8.2243104065232,2.5969859464745415,61.5233995715929,0.952490308850964
T3_S74_LSTM,50.3910190627665,32.311697270881616,500.0,-0.7304189369635956,1.7119140625,0.4742290867860388,0.2289606730143229,22.89606730143229,0.0,1.4355584898393738,0.5526580810546875,35.382454147204314,0.9335795349938107,8.050460846525707,2.2871166410900297,36.61113938892915,0.9544776467259246
T5_S1_SARIMA,91.64598417084618,47.058978520551804,500.0,-1.0342880581951395,9.893937109406513e-08,71.88874427340538,27.259112270519413,500.0,0.0,112.47724490161532,69.84212431494527,500.0,-1.5776845587428268,95.87253020483135,47.86365928409708,500.0,-0.6025513482515443
T5_S1_XGBoost,19.794297975304016,5.200191021703894,56.13448288533094,0.9051000948780413,0.0313003733754158,0.0605622462766137,0.03909518267028034,3.9095182670280337,0.0,20.746868234319006,4.850187008501962,17.33714731231463,0.912298801652064,28.99147566296803,8.189034472097687,105.84898302654591,0.8534572900369353
T5_S1_LSTM,40.697272260330784,14.556764447517942,274.9435341748027,0.5988413381034372,4.34765625,3.3102341780869136,2.0182902018229165,201.82902018229166,0.0,20.704945231618346,6.341688368055555,168.48471287323397,0.9126528775346983,28.556804837292844,9.652811686197916,237.56857343966308,0.8578185946366993
T3_S82_SARIMA,148.88849344697005,77.7826993304131,500.0,-1.4218466556864353,5.695509250224971,49.03082779949983,17.72679883940707,500.0,0.0,152.09217621479283,82.83604926978235,500.0,-24.72215258692182,139.8164735978975,68.82748609025779,500.0,-1.2709736343401459
T3_S82_XGBoost,19.658666110850326,6.592250607266095,88.62041559934745,0.9577786161584563,0.053853265941143036,0.280769150556004,0.10790176472316186,10.790176472316187,0.0,2.804014176122063,1.0883753726569314,92.7010569565647,0.9912571309829967,17.4528913044094,5.857323471390243,121.23158669478156,0.964614106066911
T3_S82_LSTM,167.75815985683295,107.66768722899222,500.0,-2.074621628328828,20.328125,6.5689146888696675,3.3829752604166665,338.29752604166663,0.0,13.629920185688945,6.299350314670139,438.1058846944132,0.7934238460334623,21.860508332236655,9.7374267578125,270.80360185335326,0.9444842876685297
T5_S40_SARIMA,117.11511954444339,59.6130821579792,500.0,-1.3869533130282843,0.0009726260598892889,69.1869922434075,26.015513512302178,500.0,0.0,145.08368139288103,88.83066045595169,500.0,-2.8074414144966324,113.09386051727697,55.39740598110094,500.0,-1.1295571396980422
T5_S40_XGBoost,11.441529675278128,3.8084330221139,71.68064049445864,0.9772182975533487,0.053537607192993164,0.0448014922440052,0.0448014922440052,4.48014922440052,0.0,8.439346549038957,2.415611004922539,16.239028261250798,0.9871170969831686,9.42998686068179,3.1533979278479127,82.03963044401841,0.9851941476439597
T5_S40_LSTM,50.46292394762865,15.40144837301884,215.77262116144936,0.5568376929742563,0.0,3.4542402572691033,1.4383036295572917,143.83036295572919,0.0,13.122583009256523,5.631568060980903,261.99128478513734,0.9688516710212844,15.203189075718644,7.1567193894159224,330.0634895144503,0.9615159622123027
T1_S1_SARIMA,67.58388967625113,33.131943257407876,500.0,-1.0994378752969505,0.0012689204809783342,24.78240378046093,8.416988337573434,12.328085389647558,-0.13038414790377928,14.308127526744867,2.80642968143807,4.186052021241568,-0.03998674055944851,75.66746232324691,39.21071611186038,500.0,-0.8839291691758497
T1_S1_XGBoost,11.008320054658386,3.256872496134312,27.614714764028843,0.9442995432011826,0.008910560049116611,1.713134482504009,0.733983747738724,21.539264739928512,0.9945984038044866,1.0047019513479463,0.29029782248350483,11.743412237035855,0.9948721337481297,12.736100223506144,3.9221334137837403,31.026263856976964,0.9466273006491773
T1_S1_LSTM,34.841515317457876,11.068498091264205,68.0834012390489,0.4420301513437048,0.0,13.07977882571805,4.914591471354167,56.91173288567849,0.6851236795629145,7.567846978251123,1.8333384195963542,38.484703876389354,0.7090576906441812,20.308135927949973,7.386634463355655,124.01167478948393,0.8642979666166537
T5_S66_SARIMA,96.85741735374704,50.354826830927934,500.0,-1.2197120152036818,0.007117527871563507,86.08977024169636,33.26258796978633,500.0,0.0,117.31187874100975,71.70032295403666,500.0,-2.407388060104818,94.98902462074976,47.55209122448747,500.0,-0.9893876560404224
T5_S66_XGBoost,10.634750770801235,3.668487633859213,43.2523683252527,0.97324003774193,0.034291937947273254,0.07203503967762996,0.050132023015369974,5.013202301536998,0.0,6.80402104757858,2.1899199987399496,17.183184363334263,0.9885377754044007,8.928115572723636,3.4260379840797257,61.94280591252531,0.9824251280517368
T5_S66_LSTM,42.86756245595466,16.170403147428228,391.22596652051215,0.5652010945918218,6.796875,4.3302434425989285,2.45849609375,245.849609375,0.0,12.431025431659789,5.376654730902778,197.75141972019296,0.9617394219593669,16.359424197844344,7.970929827008929,310.7258904208378,0.9409923131952688
T1_S21_SARIMA,131.84044928016755,63.2501205587479,500.0,-1.1242869477914477,2.810977659680742e-06,67.03543842299949,22.916667360707283,12.426004681795542,-0.1323329990938904,38.7029284187634,7.638890799853623,4.142169522384779,-0.040534928093879374,140.2260143970855,70.96303033708361,500.0,-0.9303494087080109
T1_S21_XGBoost,10.786960662746726,3.5752667790717716,71.4354302670185,0.9857795276583252,0.010808330029249191,8.78263576313783,3.3274821820668876,161.78007948960155,0.980563637085604,5.080828485300208,1.189425334593074,61.953153886945024,0.9820676139982788,9.063901058658011,3.2884737668362156,71.0416900476508,0.991934912966395
T1_S21_LSTM,66.30916626178856,19.119700162604666,163.6408600202445,0.4626429306547237,0.0,10.689701780241519,5.229248046875,195.7318891410992,0.9712063689965933,6.41956545557962,2.5791761610243054,148.85331092029696,0.9713727077076882,21.33478387824529,9.385585239955358,294.75297865723036,0.955315670898432
T5_S44_SARIMA,84.60092409997594,41.03367945253956,500.0,-1.75206745608947,0.017412702878850085,55.18494823607368,17.847438955113084,500.0,0.0,106.20586726166884,62.43764172682066,500.0,-3.6360994242980524,82.61542735811965,38.65418065863961,500.0,-1.369801410338217
T5_S44_XGBoost,13.634858252228637,4.1326266697877525,23.90309373927691,0.9285157910324298,0.019353702664375305,0.020725445323744974,0.020380480059732992,2.038048005973299,0.0,13.023273842033253,3.929761705493244,17.99238835965427,0.930289842008825,11.36220041215091,3.39376891926319,29.791452753074232,0.955175594660482
T5_S44_LSTM,35.401900736739094,11.280003597861842,163.3733668915154,0.518094346807654,0.0,2.8920504929983015,1.05322265625,105.322265625,0.0,15.273129174387925,6.7039794921875,223.35611695749984,0.9041235883219012,14.28279603533733,6.687790643601191,241.23708471254622,0.9291701838128368
T3_S44_SARIMA,82.07996800934461,44.589630633051705,500.0,-1.3458069261894425,7.748138767048414,16.48550931561113,6.709525751059175,500.0,0.0,79.63656270930262,44.469720436772604,500.0,-58.28379314108402,79.63365990148772,40.755116165333526,500.0,-1.1060425826984703
T3_S44_XGBoost,8.423661559359456,2.9624791952071745,65.87561532835227,0.9752930164164074,0.02556087262928486,0.3286712779958317,0.09805516200140119,9.805516200140119,0.0,2.1086473359648297,0.674199954710073,40.47869583446093,0.9584358529132591,8.10108809378237,2.9494113678312197,70.09083912001512,0.9782048177092855
T3_S44_LSTM,90.40548208449908,57.3351913525157,500.0,-1.84582008399674,6.1328125,1.639274015384056,0.9122873942057291,91.22873942057291,0.0,3.439801534963608,1.7310418023003473,144.70747619149782,0.889394240612805,7.169344788006945,2.927730741954985,86.89219422601244,0.9829300310963514
T0_S40_SARIMA,76.99275435571396,65.67019619567216,500.0,-1.933228095651657,56.43982476834602,86.63135216369822,69.65744410490872,500.0,-0.5855760555174412,69.44141573785325,58.067457193709984,500.0,-0.4520419220628964,80.59463374264895,68.30119295970725,500.0,-1.9556446822449298
T0_S40_XGBoost,8.487420114788042,2.8936063094280713,30.203776832476905,0.9643550899934843,0.02601182833313942,16.173800308605188,7.297673764017721,10.822077374609156,0.9447336165203103,12.360015831350768,5.239494000871976,44.13276968291906,0.953997643817849,9.13354104851154,3.0906768981589092,30.989816664905977,0.962040687219626
T0_S40_LSTM,34.29601634735051,14.175003270783494,228.14404638700086,0.4179859372305975,4.81640625,42.593857131495824,23.058858235677082,78.11842815293765,0.6167070490175239,32.01223292273701,14.882805718315971,112.49761395915938,0.6914156061229377,26.60191745623936,9.889215378534226,115.66526571785205,0.6779925983388617
T5_S31_SARIMA,221.35025933960256,113.13093757532609,500.0,-1.4602232025409259,0.022213201493436904,160.3594417871631,57.985064013177926,500.0,0.0,265.14024080802807,161.87086443512433,500.0,-3.6896328769268854,208.42169462477327,102.73327917213439,500.0,-1.3635381393419195
T5_S31_XGBoost,25.363077138639856,7.698809730344671,36.36985122803288,0.9676988246888993,0.008276102133095264,0.11149034804995743,0.032459936667388924,3.2459936667388924,0.0,38.76658449542039,12.031044276178969,19.62831778970721,0.8997457870471538,29.59007264654073,9.175115170669631,49.8218867116975,0.9523603203896389
T5_S31_LSTM,96.98503196602124,28.966239089600776,322.1291779237937,0.5276935611017695,0.0,5.071850210909965,2.5352783203125,253.52783203125,0.0,29.77325596016243,13.585435655381945,412.12046823556676,0.9408655972159975,26.863128623638968,12.913469587053571,500.0,0.9607364148558093
T5_S30_SARIMA,82.41949410750797,42.763917065312235,500.0,-1.2655342359823685,0.01312345007596084,72.12621775857909,28.397662670516326,500.0,0.0,98.35340354846811,60.84290905006333,500.0,-2.619316745306833,80.0003974231316,40.190634851295385,500.0,-1.0065453960281943
T5_S30_XGBoost,7.742480815119097,2.7190926807484717,30.615685142876515,0.9800073199301547,0.011192160658538342,0.01862494595809984,0.014657044860844811,1.4657044860844812,0.0,5.111890963196384,1.6310517787027896,15.317532824920663,0.9902228794764725,7.595772870843049,2.716523856812966,36.546593164910554,0.9819112464968521
T5_S30_LSTM,35.583647719327736,13.565975207461124,414.39244561507616,0.5777091488900925,7.94921875,3.871748463746694,2.3599650065104165,235.99650065104166,0.0,9.075978864388816,4.269212510850695,185.1170447412895,0.9691798493630629,10.52553999811283,5.782488141741071,281.1185799238882,0.9652661061579901
T0_S9_SARIMA,85.6332579715675,51.04716191355718,500.0,-1.0802441594326497,12.39556237435609,129.72215837670234,97.32568386711723,500.0,-1.2742370989157008,93.8283777536253,57.533367271796806,500.0,-0.589306958111786,87.69504068003778,52.015244804883345,500.0,-1.1710345140676934
T0_S9_XGBoost,9.31258602564651,3.3065757981042543,29.0566917349204,0.9753980250560447,0.015135365538299084,8.901303453547373,5.123734035529196,32.84960305465538,0.9892918456835569,6.102392995997742,2.9860743313199944,23.56299294374697,0.9932773621665173,7.685135467687333,2.5196507428661876,20.294754887950837,0.9833267710193261
T0_S9_LSTM,40.418513515868504,13.043707158576929,113.02055630050431,0.5365636967273124,1.900390625,16.928380245018893,8.17279052734375,23.715273778521926,0.9612708274096838,13.871885145808184,5.983534071180555,43.94559149129651,0.9652615578818389,11.706497529348576,4.570286705380394,86.93070352115684,0.9613125045267805
T5_S3_SARIMA,92.32353806099457,49.96570010602219,500.0,-1.406152889181214,0.020503775162551016,57.07911971696453,25.265041823549975,500.0,0.0,112.6007739515267,73.16437942851252,500.0,-3.1534224987493715,88.11000604238495,46.142964743518526,500.0,-1.2416915812653468
T5_S3_XGBoost,9.50326759747676,3.497312522248218,60.43452262444509,0.9745056315710463,0.05028560385107994,0.13547601254669092,0.0735309012234211,7.35309012234211,0.0,8.524507168461785,3.1573025213761463,59.7324911191341,0.9761953434178028,9.329000994818928,3.5813987605229376,87.06766837065364,0.9748698154741765
T5_S3_LSTM,42.32908014602089,13.696290814705442,159.3852241508057,0.49420328722066575,0.0,2.1486483799870024,1.4261067708333333,142.61067708333331,0.0,12.536755989502076,5.992648654513889,186.1836131364111,0.9485134601696792,13.904302033843862,7.009482247488839,257.7213681961417,0.9441756358655033
T5_S17_SARIMA,87.27478663081166,43.967023945881245,500.0,-1.3378423761537572,0.03689055701446159,55.37777851680931,19.412587256033973,500.0,0.0,105.43196607277541,63.58452170648996,500.0,-3.2955386530587285,84.85825064000201,41.04088168860286,500.0,-1.1499985923189722
T5_S17_XGBoost,9.911198888472974,3.3102532971659273,40.1714452400091,0.9698498124876954,0.020514382049441338,0.020514382049441338,0.020514382049441338,2.0514382049441338,0.0,9.50144811843348,3.074478601079641,18.061624525637455,0.9651138837644676,11.082955372096425,3.858910190562407,65.63198087785096,0.9633257538569404
T5_S17_LSTM,38.02210641859153,11.743225973758971,134.84559016800034,0.556279002017525,0.0,1.9226910969928162,1.2251993815104167,122.51993815104167,0.0,9.478001071413415,4.67286851671007,155.17385938481152,0.9652858506317121,12.24045654868632,5.802828834170387,206.40478934432903,0.955265224756231
T4_S78_SARIMA,16.636252938906566,8.340006247397493,378.53492678546297,-0.5639054667919263,2.251753012595916,7.15659950609441,1.9218420826654503,12.907824072134359,-0.0701543112635874,9.950021861277518,4.354395012361394,375.68070650466916,-4.916141776427295,17.221214400209337,9.066111778942814,382.2890400596672,-0.5694476711023475
T4_S78_XGBoost,3.1996200901499194,1.2218939608462047,24.590413650509014,0.942150941089238,0.011167379096150398,1.6633377286497981,0.7185550795596404,47.6096164280718,0.9421912133296795,0.9710850637836251,0.27219370952419314,19.13740710978857,0.943648555676346,3.301860839161928,1.3489846158911296,25.136239788499843,0.9423051798922217
T4_S78_LSTM,10.74439800667452,3.960256476151316,91.43026283732448,0.347675570077142,0.81787109375,2.072832974864224,1.4155680338541667,99.98882403021305,0.9102237222762631,1.7063635755318,1.2542046440972223,111.56447129132101,0.8260062504932709,4.506393813360427,2.285670689174107,89.41125398828983,0.8925323934503233
T2_S11_SARIMA,188.48462974653725,99.94238471629532,500.0,-0.9938876827574707,0.00022906657820333503,255.63760215346602,169.08988452727195,500.0,-1.0719122526241005,239.71999497517143,149.96051639198708,500.0,-0.7246564694351425,189.74836192003755,96.83556684999432,500.0,-0.9622702462690655
T2_S11_XGBoost,20.344368444774673,7.6423236548735725,51.70310666622442,0.9767706405720284,0.13971826434135437,30.550975544341867,16.323286976044376,152.64485927348687,0.9704081543351284,29.438169176997082,16.42585230898112,97.0166824573427,0.9739914778448523,19.27653951055133,7.175144642985071,55.127943538177384,0.9797483275910726
T2_S11_LSTM,84.15931557821838,29.253318093039773,233.74573043776553,0.6024852950666985,0.0,36.23013301669818,23.661539713541668,468.4638329313798,0.9583838648542659,45.89795137882046,27.770972357855904,377.7483605160073,0.9367761868948866,30.56640901456722,13.864018031529017,358.10942803736623,0.94907962557959
T1_S69_SARIMA,177.40764867282144,84.4501310977568,500.0,-1.1594270637939403,2.789912060565703e-05,88.15445741505201,29.62500356545932,12.439529775099293,-0.12731298087461207,50.89599971884687,9.875009891272075,4.14738020359646,-0.03911754870027839,189.5937069901565,95.0818202046143,500.0,-0.9224076891522082
T1_S69_XGBoost,18.70639153140133,5.908305707666967,130.15540539285453,0.9759910094675485,0.037728201597929,16.533494553577405,6.760252333711833,146.6991000193902,0.9603461583727211,9.562771022917987,2.387440140769791,62.301969626381414,0.9633169959037806,20.965613581102044,7.34612923273692,150.94851068133883,0.9764921553146828
T1_S69_LSTM,88.46811560345893,26.532401783044257,269.8093015938163,0.4630084969357342,0.0,22.052095707520653,10.110880533854166,281.2358714147813,0.9294567130303529,13.485105365821966,5.194769965277778,276.1929358708993,0.927053229615833,33.497047756579754,14.826131184895834,479.0689457180594,0.939991782921211
T4_S120_SARIMA,90.66833206565273,38.042713534766044,500.0,-0.8406087067428931,0.07383241553555606,22.371699724673398,6.091382996990691,8.959373967136878,-0.08002254715525092,65.24674386566105,19.7975027608703,500.0,-25.166583560202433,98.13946472548565,44.03270283192058,500.0,-0.7174751896984239
T4_S120_XGBoost,12.447971655220048,4.0464539369323145,59.714174249010654,0.9653065570932666,0.005142988637089729,7.210703153164242,2.870757400911922,212.88344313587166,0.887800713990805,4.168080539368853,1.0211390590605636,77.38314025428284,0.8932171418872366,13.797502310052694,4.950749757261725,65.68513024766037,0.9660527926459685
T4_S120_LSTM,47.34533046477237,19.97237122458134,500.0,0.49811464465789956,13.25390625,7.770729881566166,4.6885986328125,380.73432074652777,0.8696957789260433,9.464059778088934,5.748914930555555,500.0,0.44946582174957683,17.611323761276044,8.782549176897321,348.3826726055281,0.9446921082194073
T3_S21_SARIMA,159.2704788518879,87.75187085793381,500.0,-1.5735560078697612,18.192699024997033,31.262414620474935,11.354446280199667,500.0,0.0,161.59122309149865,88.07303780315675,500.0,-65.02595321173436,145.88286619264466,74.25216893342689,500.0,-1.5488808152725442
T3_S21_XGBoost,22.668178104814658,6.877166837724549,121.84189832073507,0.9478689724794033,0.08562809228897095,0.5741539990996858,0.26180708408355713,26.180708408355713,0.0,5.99883274801437,1.4912371899699792,60.036072081129134,0.9090060221654114,29.79600136521188,8.285089249886195,143.61246296478149,0.8936697280356998
T3_S21_LSTM,141.8807881818548,92.28889662455144,500.0,-1.0422562669828,12.359375,1.932852225896358,0.9046223958333334,90.46223958333334,0.0,8.427709882675323,3.2768063015407987,239.05555043904192,0.8204033227776099,35.22212439538832,10.882364908854166,214.49111971245352,0.8514159996306265
T4_S64_SARIMA,41.76071350268128,18.28552507812439,500.0,-0.7936830311207059,0.48280953609597255,8.961230174648945,2.452434599027534,11.36902766169584,-0.08041904690251145,28.729146475147402,9.401056061183223,500.0,-30.65551652566823,46.625211471257266,21.274540139305604,500.0,-0.6412190023064401
T4_S64_XGBoost,6.252451353084627,1.9727508575682255,26.413933543757278,0.9597921804654901,0.023966515436768532,1.758532371968675,0.6365951697031657,37.29732467111074,0.9583938336102312,1.0423374511581331,0.2776981066757192,18.982413234503312,0.9583302742959801,7.750401631672329,2.5568853949218813,28.046524148689002,0.9546504142201218
T4_S64_LSTM,21.331681672557547,7.58396451667165,216.6605316257796,0.5319846820736326,3.49609375,2.1190119280900954,1.29608154296875,84.40446767941671,0.9395879226945821,1.8377924802949899,1.1678331163194444,101.71541609279168,0.8704620864722873,7.0806373833325384,3.131411597842262,89.44085676141394,0.9621496748310224
T5_S25_SARIMA,100.40959079086242,49.024462350561,500.0,-1.5746074181312562,0.06112614455356297,72.72403966651784,23.217770036926222,500.0,0.0,124.44280086784258,73.21667777823947,500.0,-3.417930298813122,99.917674529019,46.935852851748095,500.0,-1.1637149976672507
T5_S25_XGBoost,16.805407468928593,4.6796671919350326,32.7054292987018,0.927879502175601,0.016873344779014587,0.016873344779014587,0.016873344779014587,1.6873344779014587,0.0,19.024240075108377,5.2564474388685385,19.96954848362554,0.8967490774375583,15.078997657968626,4.392669992208193,42.0145110352372,0.9507211723507702
T5_S25_LSTM,40.72771063580856,12.694164221366627,168.47134357624708,0.5764149547973734,0.0,2.5656595832578573,1.1883138020833333,118.83138020833333,0.0,18.026630181117753,7.564602322048611,225.90009950353993,0.9072938803266771,16.78214281439862,7.708437965029762,259.37497479895234,0.9389606015449348
T3_S56_SARIMA,91.72131009057486,46.15088380555526,500.0,-1.0899607283956159,2.0665912648812634,27.468446312787286,10.055689290610808,500.0,0.0,87.06979169908143,46.14763286975238,500.0,-17.205410240014107,90.21063535537292,42.96524767970438,500.0,-0.8482883954780074
T3_S56_XGBoost,15.894382610711618,4.581344841474514,48.13978827948262,0.9372397083231402,0.03656075522303581,0.01350240409374237,0.01350240409374237,1.350240409374237,0.0,4.693835283173423,1.2117629279123827,36.041911366273254,0.9470920238388194,20.87499965271957,6.223972980620428,62.9431723535535,0.901029171117864
T3_S56_LSTM,112.1651189645594,72.15529636218787,500.0,-2.1254551381194466,12.95703125,5.2763538773457235,2.8035685221354165,280.35685221354163,0.0,10.628915022087087,5.356396993001302,377.38075159456264,0.7287040387104563,14.719430339485278,6.544553120930989,242.08163030034177,0.950791938272067
T4_S93_SARIMA,54.719937370700826,23.064337563036077,500.0,-0.8688995886439572,0.5540550476228323,6.988211707716237,2.153232493542093,22.382879244732177,-0.10154367380140505,40.53559922561465,12.769933843407152,500.0,-103.8809449731692,59.33288864896471,26.227909404586086,500.0,-0.7070160931576941
T4_S93_XGBoost,7.093857597433425,2.375854820837423,43.904264002373274,0.9685905944208184,0.012712267227470875,3.6665664730448366,1.6444072568556294,98.18470104387174,0.6967584277912078,2.1252768173360903,0.6047756105480302,38.39221950757262,0.7116935180655604,7.74414535023243,2.8154206450396617,43.96668388461263,0.9709200522743694
T4_S93_LSTM,27.968115203147633,12.360383102197966,500.0,0.5117736838425637,8.22265625,6.14388323141718,3.0616048177083335,184.51570520078502,0.14855711666264926,5.075096816701877,2.958133273654514,255.2650685087686,-0.6440387892913311,10.536046475840221,5.17810785202753,217.00773640119132,0.9461727756592002
T3_S75_SARIMA,39.20817393795201,19.251291080724275,500.0,-0.9708959182978192,2.440492786618565,13.119684780841478,5.210163325240932,500.0,0.0,36.30678513375583,19.251957538070716,500.0,-14.195189011512548,38.02624668731658,17.642690165462962,500.0,-0.8218677933902623
T3_S75_XGBoost,5.985136346823702,1.881147327728995,22.22904451374927,0.954074007059029,0.01838323287665844,0.030191027711441554,0.022565479467933375,2.2565479467933374,0.0,3.306458737323944,0.7100923154511192,14.495319454283909,0.8739749927190104,5.691955484032816,1.8002675684072615,21.091751602441906,0.9591800070147595
T3_S75_LSTM,53.40560503460767,35.07822691994991,500.0,-2.6566562603472783,7.283203125,4.151128435265068,2.179107666015625,217.9107666015625,0.0,6.334750389409649,3.256466335720486,274.1735916128947,0.5374171470187239,8.928751649788236,3.875584920247396,174.51639352954723,0.899554283097638
T0_S36_SARIMA,54.61243315724486,45.99222702153162,500.0,-1.93420631067334,39.05278320907553,57.41548924091834,46.58553958999099,500.0,-0.4728846907129207,50.01160487943794,41.17106437692095,500.0,-0.34042609364058607,57.8133111191031,47.9410744143666,500.0,-1.895506225453424
T0_S36_XGBoost,6.441384921423759,2.2328779808497368,20.76126943616066,0.9591806486571276,0.06055910512804985,7.875228969002875,3.4170617377385497,11.809834209012598,0.9722899705338748,8.493719773381041,3.4034046329454415,18.18510815475006,0.9613368576950299,5.998958571434865,1.9001385811529221,17.123932068872506,0.9688239892923818
T0_S36_LSTM,24.607162323291792,10.6383331152811,217.14975623665055,0.4042957991277163,4.44921875,27.51244033920819,17.010457356770832,93.89845935378001,0.6618037123826863,24.625821393909863,12.693610297309029,134.18297675348373,0.675000463636363,19.69843615112789,8.086239769345237,107.81501026059424,0.6638506198900256
T0_S18_SARIMA,131.35830243981997,93.09383279643347,500.0,-1.1961602471107011,43.307476986998324,200.65661027210405,159.99795921124021,500.0,-1.6168741174425252,138.73349520305268,99.47089530501574,500.0,-0.7021828173107183,131.91311381003254,93.1803043989103,500.0,-1.3716894933939865
T0_S18_XGBoost,10.622721593085208,3.9992400046792236,31.173711987085305,0.9856378132314947,0.04560020938515663,10.563058582967855,5.928397356532514,14.953969403056083,0.9927480422394412,12.358543144790685,5.643421130332475,30.525480544538237,0.9864924027616969,11.571540752045037,4.117106118006632,28.226312720802802,0.9817499413693727
T0_S18_LSTM,59.647535053351994,19.537196401203648,161.52564334102007,0.547171269645669,0.0,25.741968739592583,14.740193684895834,119.77097357915964,0.9569315337284301,22.40998597791776,12.725928412543404,273.2055334833403,0.955585301733938,16.790267694474718,8.038812546502976,246.12166500819671,0.9615764819411237
T0_S78_SARIMA,51.97404249378497,38.096388058573375,500.0,-0.9036014122304927,19.447003086376295,72.11612905919124,58.68845728569889,500.0,-1.2122963110701743,54.01453871485915,39.782452261107366,500.0,-0.45824974521118933,51.61477188279727,37.196546653444614,500.0,-1.0642149823390934
T0_S78_XGBoost,7.68288088048486,2.579547821657741,18.364691827030665,0.9584040331525913,0.008594730868935585,6.880909665324498,3.2138086842993894,17.383615945801946,0.9798595025359103,6.993878155642723,2.9794461669710777,20.24219280092039,0.9755518112413216,5.234855657801931,1.7864799185024043,13.613590314518165,0.9787667572995185
T0_S78_LSTM,26.213496089058467,7.933671431107954,26.811892966167527,0.515768634237578,0.0,10.048214219509836,5.021809895833333,32.81089517225626,0.9570506840556068,9.932627957484831,4.19413587782118,31.689110298015095,0.950689557107345,8.681653286929109,3.0374305361793157,29.811282969870135,0.9416001439220164
T4_S89_SARIMA,108.13542829439723,46.109888290249415,500.0,-0.5512482965464505,3.275515303786195,80.98674466357114,22.710801375356155,47.54090490797,-0.08462363424430808,61.3977156386149,19.755859365772793,500.0,-0.7730205941798922,114.51816064317853,52.86106771033573,500.0,-0.5689745674474367
T4_S89_XGBoost,28.83338381977813,8.062539228293309,124.04979511241324,0.8897098989676677,0.06883995980024338,20.04124596988248,8.244725694142593,442.1147555670088,0.9335797332884149,11.630620547343794,3.080314860588664,180.57888144311625,0.9363768557887746,22.157828046460175,8.184065618158673,178.15872507939437,0.9412616758528082
T4_S89_LSTM,68.63200955590908,21.06123315546501,333.9650179947118,0.37511695832714276,0.74267578125,48.12773233055914,18.120941162109375,500.0,0.6169618977152527,30.478704683643063,11.204945882161459,500.0,0.5630795565098212,30.326968376363965,13.482012067522321,436.963989113835,0.8899664378116947
T4_S109_SARIMA,43.52401525733812,17.67190732987504,500.0,-1.1376765444610455,3.2132590760790976,14.506790119905629,4.1444938620645155,33.38353846918805,-0.08649913253742714,12.819885534057208,5.088405494028389,381.8186001570843,-1.4204262714133016,49.116408361584206,20.796833475771116,500.0,-1.0877913875446557
T4_S109_XGBoost,5.558748750681442,1.8769116254465468,45.9506222083279,0.9651311058662269,0.013225117698311806,4.492320871585694,1.865527511962379,99.63608862163458,0.8958094654830564,2.5971757904572037,0.6610577630894517,37.13355545074407,0.9006595197809999,6.375584835427183,2.3673817484675617,58.77297351869235,0.9648217722184066
T4_S109_LSTM,22.29980116165306,6.3991512316836126,121.88984629155242,0.4388408282776113,0.0,2.2260950791361296,1.54962158203125,146.65712511360914,0.9744156641517657,3.629965258024,1.9423455132378473,191.4662069606128,0.8059433632970348,11.36775419006058,5.024293445405506,180.79511998048488,0.8881635824525901
T1_S64_SARIMA,94.38551432468634,47.392394517813386,500.0,-1.4821016505569133,0.000813134050802043,57.84643121138561,19.62520585672326,12.431578663190269,-0.13006858792060982,33.39765263734453,6.542226656324665,4.192996629421166,-0.03989693515845505,101.16398405593986,53.70214076826512,500.0,-1.2431410342484526
T1_S64_XGBoost,9.439611059431655,3.10126829414927,44.78307453642717,0.9751734100767555,0.004230407066643238,6.820201504748092,3.0522660854427763,145.95014837144075,0.9842910891789267,3.9425301728945388,1.06015563762695,52.92341037174937,0.9855086627746622,6.930292505900991,2.6797209831364897,55.17811244613837,0.9894729214975343
T1_S64_LSTM,43.518075075978,12.799104170365768,95.77955549811361,0.4723472279241052,0.0,3.5952875638652695,2.0428568522135415,127.8227830835715,0.9956346514365388,2.354183734148674,1.2148183186848958,95.99419782256203,0.9948329921560398,10.397047563326655,4.688082740420387,169.38323210869933,0.9763067415051024
T4_S29_SARIMA,166.0171552821327,74.67951712233207,500.0,-0.5268865645990128,2.09384224147082,49.64915521394696,13.948090524418115,26.830820693996653,-0.08511342931569432,103.84909329278497,35.85648046022228,500.0,-12.493560066326925,172.61005568173715,82.02893117489336,500.0,-0.5084163240295605
T4_S29_XGBoost,35.71905597447033,10.44814491255708,142.37074579079172,0.9293193096842313,0.056094758212566376,17.880554765420424,7.481002540638049,500.0,0.8592613470298186,10.334274321829616,2.6420768436768816,200.48956214048707,0.8663770363514864,26.7211232121679,9.154058637430094,165.78784303006475,0.9638508193966365
T4_S29_LSTM,100.94707801720429,44.51980926659689,500.0,0.4354682881969123,30.9296875,16.068452066265678,9.297770182291666,500.0,0.8863421347320537,21.770714714785772,12.89651150173611,500.0,0.40698387568330363,33.76984174074475,18.350847516741073,500.0,0.9422639472484209
T5_S78_SARIMA,52.25898797509937,27.34795011265465,500.0,-1.2458623860615923,0.06971463326164246,28.386603427105427,11.63626560894437,500.0,0.0,63.01629011683949,39.49700251213577,500.0,-2.7399738058145293,49.76650364718163,25.156251883485176,500.0,-1.089878916112375
T5_S78_XGBoost,6.644783577709662,2.313094437408649,41.12228883909449,0.963690285657832,0.029363136738538742,0.1338881971652861,0.06347491716345151,6.347491716345151,0.0,4.497420506409313,1.2893631641895302,19.198928301822214,0.9809502233453362,5.229943925784309,2.00454517372141,51.140765652823085,0.9769197276747215
T5_S78_LSTM,23.94699765207422,7.513011877616627,83.25663719949759,0.5284114037807258,0.0,1.2040462558540643,0.77947998046875,77.947998046875,0.0,5.516960736807484,2.7028401692708335,95.61044469458298,0.9713342913141856,6.296635586487258,3.3646661667596724,126.91293624298679,0.966544772856515
T1_S74_SARIMA,191.50554570695402,93.6486827127988,500.0,-1.0053318659849069,1.6191282391852626e-06,108.79050971405523,36.54166704600163,12.450564125625384,-0.12716981237316993,62.810230068686394,12.180556600335859,4.150279875407084,-0.03907699496602679,204.10035382312478,104.89353040742043,500.0,-0.84307565910439
T1_S74_XGBoost,18.712531338504586,6.351632266805165,108.26582113161038,0.9808535339297134,0.02389943040907383,17.36250927744103,6.569503302918747,271.9997374664622,0.971290058499262,10.025231861640927,2.233271552624905,95.01029098735303,0.9735286669174749,21.199833497526214,7.984196750565301,103.47113008786462,0.9801152310813731
T1_S74_LSTM,99.3772805950774,28.654938766260468,207.23780920516236,0.4599950239537838,0.0,8.917410130270298,4.624755859375,234.40413080460468,0.9924267061455518,6.209183183729542,2.984737820095486,222.44996363191683,0.98984556166581,32.1994892301231,12.775812058221726,361.5245692378093,0.9541273727850725
T2_S14_SARIMA,158.58112665787246,85.28276157112965,500.0,-0.9723862921600863,0.00013889613447767347,199.9860911659134,130.77225371234255,500.0,-1.0529802758199884,206.66608494333983,130.68804007859262,500.0,-0.7165943851885668,162.67762679807643,84.31742141902437,500.0,-0.8901973610383531
T2_S14_XGBoost,16.205402502458874,5.995767241106569,56.26429607349136,0.9794027793162542,0.1324780136346817,16.114603579000413,10.046665721340105,195.03720609672655,0.9866701750711425,21.851946046826956,10.126854912429634,89.24673305649046,0.980808474291713,14.31700588921566,4.5228850860703025,56.52904081282758,0.9853595001848151
T2_S14_LSTM,70.27700834278681,23.588261709258887,160.7320117108133,0.6126393431197328,0.0,14.236887431286727,9.785074869791666,324.4385270232764,0.9895956418087409,25.32590913645287,13.468670315212673,239.85655441182826,0.9742213985721225,17.04246001597999,7.181349027724493,243.70184115411826,0.9792548746306416
T4_S32_SARIMA,86.3869590384399,37.59210569400962,500.0,-0.8077484331739775,3.477075662223333,48.401623421871285,13.990511515528716,58.11627875434673,-0.08959453115606908,51.441057639952525,16.929985196123937,500.0,-2.49587490191259,96.26406747145063,43.558021012049004,500.0,-0.715851419416516
T4_S32_XGBoost,12.577443035991607,4.032532470124778,76.23043373850145,0.9616799259977148,0.03796300292015076,12.151259595755954,5.049383454645674,346.55925815935177,0.9313267412947442,7.017827639429089,1.7567489404852192,122.8818649467834,0.9349358890349887,11.310439941781668,4.174690492157381,90.04705459635683,0.9763129891972138
T4_S32_LSTM,46.22396284789534,14.207715194191088,212.66180601369902,0.48242180479617514,0.10577392578125,21.30359891234986,9.468404134114584,391.4495950695585,0.7889180916647012,15.136986683542192,6.811136881510417,495.9834153704084,0.697298228514714,18.21702171751099,8.463108971005393,274.34479976064443,0.9385522458825613
T4_S96_SARIMA,77.64208350937747,33.60172272178373,500.0,-0.9368023808700636,1.2572490239956606,23.366660296458384,6.342001168926047,36.34206946930703,-0.07790280780283165,40.05934566006575,14.030969842742037,500.0,-8.06853547847036,88.9566493197114,40.20787305862694,500.0,-0.7428558245259116
T4_S96_XGBoost,11.167027141189712,3.9637545898153435,82.7047729289636,0.9599349128726753,0.026000216603279114,11.193604355030603,4.674810425688823,279.43123680015225,0.7526418532897517,6.470758081816606,1.6599080044931422,103.30753185973754,0.763386357637154,11.607230298227222,4.6611585770705934,96.89938139424478,0.9703269743239196
T4_S96_LSTM,38.248292446017686,11.86558014354067,174.60506887488333,0.5299813932849806,0.0,6.410693077778931,4.044352213541667,292.0324846528951,0.9188672338379938,7.147052363874919,3.97265625,359.7980460995762,0.7113421435869447,15.423339563752378,7.124494280133929,243.02261502942096,0.9476084231050979
T3_S31_SARIMA,199.96272986029976,105.8775815873039,500.0,-1.2280466945165647,17.926139451457395,47.218724808787606,19.92841706220022,500.0,0.0,190.94066125896774,105.39484894882916,500.0,-47.06934561005068,192.17806498695776,96.1091547495318,500.0,-1.0428226041628315
T3_S31_XGBoost,17.06017913915678,5.664497020619288,85.66738173056282,0.9837821474133462,0.03822685778141022,0.21566327418431316,0.11188444743553798,11.188444743553799,0.0,3.865655116311059,1.453019342902634,82.85536002439416,0.9802976706320967,16.882441055244396,5.597059267987442,101.68858881401673,0.9842350170121662
T3_S31_LSTM,191.46812941775738,123.25554755543978,500.0,-1.0427685505890056,11.404296875,2.1318587361501673,0.9205830891927084,92.05830891927084,0.0,8.235185606870711,3.321316189236111,182.7836354296147,0.9105834006179578,28.966240039187912,10.613230387369791,161.26827678576424,0.9535904590297382
T2_S29_SARIMA,123.84403958361801,64.2991124401457,500.0,-0.8305502612852842,3.9702458590208045e-05,156.34932718525067,102.60949979448453,500.0,-1.0272967148608174,164.67195539803183,102.74483296163739,500.0,-0.6667606369331436,125.90503193795755,63.17083126796303,500.0,-0.7699585710956967
T2_S29_XGBoost,15.44314873531276,5.631383009370791,37.119995160984296,0.9715355270255203,0.030486260540783405,17.253533151452405,10.223638828611001,93.94578022694509,0.9753122580897136,20.49452200695691,11.253747468607294,52.037366315080206,0.9741827763059855,13.424858796307909,4.950135078685846,35.01177334902069,0.979876830796625
T2_S29_LSTM,57.16957916977759,18.937877892307117,198.91646293560584,0.6099130430047265,0.0,18.171419787151535,11.781962076822916,338.8200613518601,0.972615614118269,26.85042400392595,15.669996473524305,270.4813155118047,0.9556864802585976,18.359255587113147,8.591167631603422,303.4660495143597,0.9623654210322833
T4_S12_SARIMA,95.50506721631538,40.27978254220493,500.0,-0.6424436048506026,1.011899350364554,39.09600844181356,11.038417772865188,19.670610615554683,-0.08616480290885642,56.26554263036355,17.673446509361483,500.0,-5.38829901173541,106.02750655656503,46.55130648182927,500.0,-0.5597556901348519
T4_S12_XGBoost,14.36892096416104,4.8124786159580655,87.39055093829465,0.9628220063184736,0.011454624123871326,7.023238225544635,2.952503561934767,183.90446017098236,0.9649485744640762,4.0606674174782516,1.0493194889665272,67.81665022248794,0.9667267629657581,15.246896422525042,5.480127591534429,75.7920892213597,0.9677460890811881
T4_S12_LSTM,54.28710856205989,17.93612948330966,343.02998706869334,0.46932203003329676,4.61328125,13.025883490501847,6.771728515625,368.66580039866096,0.8794283332660368,11.159402744530963,5.742321438259548,471.39646010467516,0.7487060021384471,22.53555694074508,9.335397629510789,256.5146592192221,0.9295378203371952
T4_S84_SARIMA,45.37835159525921,19.57787411166763,500.0,-0.5236856182923129,3.7367630784284818,18.538910621123325,5.054342912991698,60.07163721332881,-0.07712052343065823,29.46755048199687,10.836449393721544,500.0,-6.832652250244355,50.677772819072494,22.058448431739304,500.0,-0.38423423214737173
T4_S84_XGBoost,16.587306093411616,3.6990749984756826,37.04249563320962,0.7964131818620279,0.03713438659906387,8.221044132852137,2.955420743984481,100.5129070408225,0.788188352151572,4.759602489815518,1.0873658969067037,43.72686723812851,0.7956558829871985,19.857349142337426,4.32709600427188,43.99935036526285,0.787471543436222
T4_S84_LSTM,28.372398994606044,9.254409717030502,208.83128955409595,0.40435149775782875,4.14453125,9.767360947621528,3.158966064453125,107.41585693577085,0.7010143435431012,5.949025428440699,2.0654669867621527,137.05311550636807,0.6807635861346968,22.123107740071227,5.909486316499256,105.765915232915,0.7362048459308896
T1_S39_SARIMA,92.12543119758789,46.04151701026833,500.0,-1.2980857438996374,4.923079998624848e-06,80.92408991195295,26.958333975307866,12.431826789718496,-0.1248294656133937,46.72154509459156,8.98611294292817,4.144104045794277,-0.03841309699892759,98.90958197719894,52.10723053215626,500.0,-1.0502717777430561
T1_S39_XGBoost,9.854061255929702,3.3422995990111035,64.63321769187897,0.9737071492170062,0.03136741369962692,16.120634769442276,5.775958325907898,316.3853838635385,0.9553629675814239,9.312906688295463,2.026490881379383,115.57893856218789,0.9587421809392623,11.62336108571239,4.007368730575156,72.711812550803,0.971686200000725
T1_S39_LSTM,42.526060759581796,12.658573424416867,106.04229021809186,0.5103142432262584,0.0,23.87563624374756,8.701578776041666,187.98939248343842,0.9020868677867278,13.840650881150237,3.5040995279947915,123.02045775923642,0.908872639316458,14.261916625095816,5.819107782273066,182.84929467861733,0.9573724387301547
T0_S47_SARIMA,67.8330411155906,54.09564631427814,500.0,-1.6614692555185568,35.521091504072544,99.09239251145418,82.09733942852544,500.0,-1.7805356237191585,69.0271906060204,55.07649176128752,500.0,-0.78623465899772,68.7712887261929,54.34757099291145,500.0,-1.8596698399399374
T0_S47_XGBoost,5.580607261696509,2.1777792600396815,23.533522870561757,0.9819863467943605,0.009668809361755848,6.720822562444084,3.531902651380127,18.24849015688473,0.9872093476670969,7.024646153608519,3.3238089659716934,23.51201682276288,0.9815010524350656,6.203526469012534,2.3073342764400877,16.03429244881117,0.9767309395075887
T0_S47_LSTM,27.980859641711486,9.058069840572667,65.48430783729088,0.5471431057997711,0.0,14.283934230190301,8.005945841471354,56.43278394721488,0.9422245257976464,11.22334769813318,6.043577406141493,103.9917633114531,0.9527781550536012,8.08931490872808,3.6247456868489585,89.33898543657153,0.9604337351097787
T0_S62_SARIMA,48.73249431476102,26.43000207938384,500.0,-1.342121779257662,0.9515951891809786,70.55531543895484,53.991789262050276,500.0,-1.9735003288731376,51.98178224908868,30.546806686888374,500.0,-0.9365565610470814,48.32167943454811,26.087299701693198,500.0,-1.5886557210037053
T0_S62_XGBoost,7.772557739599462,2.9951041814251873,37.61401363938048,0.9404200540510984,0.07803881168365479,14.063441479773111,7.907334708143026,44.89985221573784,0.8818614228678076,9.683519559576167,4.751900702409734,44.354672339820254,0.9327961238361466,8.717748198080917,3.295024389392243,32.269443023367764,0.9157443764760246
T0_S62_LSTM,21.392244763780734,6.85603179201555,35.42145802749443,0.548679657528651,0.0,7.519248860659071,4.680745442708333,34.88277641164558,0.966227949303509,6.229137845013224,3.4196285671657987,44.33710291659325,0.9721911046564097,5.243394472126978,2.375786917550223,46.61831625888054,0.9695199749856384
T0_S79_SARIMA,32.82641281360528,22.359817467289353,500.0,-0.8737587909340938,9.930140730414854,48.33896876261063,37.34359016860099,500.0,-1.986168227874768,35.53975616265995,24.376649414546566,500.0,-0.6953916055157701,31.34973845119791,21.613157121838807,500.0,-1.1136723112186453
T0_S79_XGBoost,4.88750864333483,1.74691068205724,16.972830008777002,0.9584623515114796,0.008180182427167892,6.09679776091796,2.7949262157004946,26.806631244809374,0.9524967759475595,5.610655095569083,2.320285959958306,22.64748859743088,0.9577459555278974,4.776097885079894,1.5061960618754493,12.965068142911177,0.9509412755187063
T0_S79_LSTM,18.130088907243305,6.232033031408867,70.62569444846844,0.428433590716612,0.0,10.499658301382434,6.4132436116536455,97.49442161230616,0.8591133510219862,11.277618320230895,5.845592922634548,137.88968641186204,0.829283332143195,8.321165460325417,3.3036063058035716,88.31075025090472,0.8510851083233452
T4_S34_SARIMA,63.3899098521299,27.923967378168957,500.0,-0.7468993527968324,1.1726320158255845,19.323567589982837,5.707859677507766,35.480643843902,-0.09343442957330872,43.78167315240333,14.470437476878718,500.0,-14.92702699544761,70.22869648064695,32.73009960720324,500.0,-0.6077926409138124
T4_S34_XGBoost,8.376516677529384,2.8610285502818353,58.59712094132572,0.9694961588525709,0.0275086909532547,7.527669327165575,2.4976323102600873,205.75674312353573,0.8340645451575492,4.355031032349205,0.9073844901544766,76.06961971462334,0.8424085994590732,9.40417338990801,3.6690134776068764,79.84825111618169,0.9711701702881128
T4_S34_LSTM,33.049835109294186,12.097694798519736,367.2139631884579,0.5251393203664962,7.390625,5.138617860961351,2.7042643229166665,204.16958618902808,0.9226766310722379,5.19812065635548,2.933597140842014,271.2740987166552,0.7754863661996714,10.08197552576591,4.544112432570684,162.84495071801948,0.9668646090395014
T0_S60_SARIMA,92.78187414078322,64.5739749299025,500.0,-1.0663625370810843,28.626025810107286,142.01522653429083,112.7382190034778,500.0,-1.4592102195599317,102.14514432978282,71.5025432136954,500.0,-0.5934388171063194,93.7701629866552,64.51652121160421,500.0,-1.1732392511645044
T0_S60_XGBoost,8.542432628437385,3.0984166362595804,25.268440483174786,0.9824836601531063,0.05649833381175995,13.234350930763116,5.466305882126714,16.38477908281558,0.9786434485586037,11.836370927662598,5.004431223668184,17.985150522422288,0.9786037791006774,8.940024635468324,3.030154862874908,13.851051451298305,0.9802459736091365
T0_S60_LSTM,43.437153456211774,13.883467386784165,79.46812299515496,0.5470993413926881,0.0,21.881930363836208,10.918121337890625,42.13564659069638,0.9416155630413121,19.656775408774493,9.794481065538195,115.56699048787084,0.9409901526758205,13.840605017153582,5.78840818859282,118.97314856182055,0.9526534489493568
T4_S3_SARIMA,72.71268151003048,33.608725382963016,500.0,-0.6421087486722299,3.1610936022482337,55.56731405769542,14.879786929262103,24.324946042614194,-0.07684842795765334,53.45969298455198,19.38436003883172,500.0,-1.8469338151442076,77.445718486337,37.114150108207525,500.0,-0.6413317585381899
T4_S3_XGBoost,12.872729805034645,4.422677440020705,87.35919483884848,0.9485337055570502,0.004504193086177111,16.1012769088436,6.7258320234056255,291.85476891836794,0.9095858494043256,9.309255291274596,2.384714857196539,111.56200791225568,0.9136714729730129,11.574829415766274,4.76166444128224,105.66425256594394,0.96333676816018
T4_S3_LSTM,43.00383261978613,15.97761382326555,447.57754399461714,0.4256244842517827,7.29296875,31.729252366576215,11.797607421875,392.59161773322387,0.6488962673884742,20.040583907934764,7.569810655381945,494.5913573867691,0.5999215191363616,17.453308866439553,7.585149855840774,295.74747771239436,0.9166401172409276
T4_S11_SARIMA,27.032466250822473,11.83834948033115,500.0,-0.6619877686216864,0.509803063080048,4.382240284897183,1.2389746084653808,29.696332184022133,-0.08191717828595735,20.65563676357073,7.2644090032168025,500.0,-68.50041576429274,28.222815793819283,13.054613906278156,500.0,-0.5965356579627366
T4_S11_XGBoost,6.466232082839119,2.121203115528826,30.128344255467425,0.9049046983393807,0.020628660917282104,1.7237190526629504,0.7069826383764545,47.10502638340448,0.8326080353513656,0.9997863754945104,0.26561800254340695,18.697387769593707,0.8371736620883248,6.835747978409368,2.588739754547576,29.82812260578711,0.9063408901696004
T4_S11_LSTM,16.050592471460874,6.467598216955742,264.2848080618606,0.4140795982125012,3.994140625,1.8690951138187126,1.3434651692708333,113.8375946969697,0.8031821665069867,2.044453315932294,1.3911336263020833,132.27705522017044,0.31912933485540307,8.026897937804558,3.5922066824776784,127.62064867137346,0.870856241305682
T0_S29_SARIMA,69.12630697779225,38.74417092807721,500.0,-1.0233624013087308,3.743056097666453,106.66610135782227,81.93299126025931,500.0,-1.5373910758407794,79.97983430148602,47.945818020515986,500.0,-0.8028769192847411,68.25166613088099,37.981302481283215,500.0,-1.1479112962861153
T0_S29_XGBoost,6.530791902626914,2.4610018954327124,25.519880372651617,0.9819399621782422,0.011558763682842255,5.254140450397832,2.884288891994705,24.5291348875229,0.9938434427830121,6.271272646650196,2.956842175746311,37.656255720420816,0.9889154914308196,6.689362905967788,2.435051952709078,23.16405325972814,0.9793671442499337
T0_S29_LSTM,32.63572717016155,9.736421648965498,48.68903580211665,0.5490031049337063,0.0,8.023744762347828,4.2156982421875,35.376071790372414,0.9856421710664384,7.286917832298104,3.8609352111816406,63.182662887376196,0.9850344451290831,5.849974132943427,2.6640626816522506,65.4734958532493,0.9842203372063241
T0_S26_SARIMA,145.69855343157454,118.8564466926213,500.0,-1.837427322898118,82.37870886376632,203.7384079359894,167.60548565407456,500.0,-2.1828043681478038,142.00699161472164,116.796454790949,500.0,-0.9986660904349594,145.73196749770185,118.26341908348444,500.0,-2.328605715211538
T0_S26_XGBoost,14.75333090269902,4.970213937730212,30.902108153804235,0.9709066029975939,0.019504239782691002,30.560554610236807,13.115105927630793,50.21574636847005,0.9283878698728878,25.196057568515382,10.344747111828635,40.11546560510661,0.9370803969610058,17.5719477137254,5.6477386320115155,25.282614405554384,0.9516058905172621
T0_S26_LSTM,59.07931928167911,19.13104817513644,142.49897589645875,0.5334639242325765,0.0,26.937794938624673,16.583058675130207,111.71734417064873,0.9443598599762001,25.99453434921571,14.04656982421875,229.44733360931826,0.9330292944493241,18.049643985786954,8.189352489653087,215.83144084324113,0.9489389221078075
T5_S53_SARIMA,88.45671578265707,47.42004390484834,500.0,-1.4730217175202767,0.02869186982666654,74.94983301778123,31.701910127029176,500.0,0.0,107.16334645933638,68.41230671944658,500.0,-3.03737713920151,85.1532095066952,44.18963053566774,500.0,-1.2194388925688089
T5_S53_XGBoost,7.836340571158427,3.0065167006606495,47.12295221194336,0.9805914579305682,0.040066856890916824,0.05191498210733839,0.04533973258609573,4.5339732586095725,0.0,10.207039458624859,3.286594442661024,26.91020187488562,0.9633725762716697,8.738875460672032,3.3095524606677436,58.281788235017075,0.97662496610144
T5_S53_LSTM,37.72528969917258,15.199871738561603,426.1167869839036,0.5501875461294905,7.8046875,4.244243575519748,2.7576497395833335,275.76497395833337,0.0,13.048501865177103,6.272569444444445,226.59178259372493,0.9401411885534127,13.6800358366828,7.298610142299107,305.9267396475438,0.9427183368358434
T4_S103_SARIMA,48.07888860969548,21.943270401886238,500.0,-0.6984873457502998,2.5820567917698902,22.76928164585836,5.849598037649019,29.20054420328992,-0.06953460164326564,29.718461413837662,10.820329875462878,500.0,-4.238065491944075,57.093000419761374,26.519478712482115,500.0,-0.5424242856774222
T4_S103_XGBoost,9.407709824002609,2.9719878485215756,40.109063341154986,0.9349688697241004,0.012019774876534939,11.220804298441404,3.260720187216066,66.00120119168577,0.7402568177593736,6.4815679420356345,1.1512670075236302,28.43642824238941,0.7508399340948625,12.813932792960998,4.380273883551126,38.551914664060064,0.9223032229750183
T4_S103_LSTM,24.47426859316532,7.641172272166567,72.64564239643163,0.5598781604918454,0.0,9.323787539669459,3.15631103515625,114.71751201824623,0.8206584501359214,5.809161639891199,2.091922336154514,142.22103644965847,0.7998547888669689,11.691990061053913,4.6636846633184526,93.74665547033717,0.935313300120305
T4_S65_SARIMA,51.138612579759595,22.382798031829086,500.0,-0.6038870988407481,0.0932599920655566,8.059784356597564,2.28573294783077,11.369112093288745,-0.08681977901464988,34.6751750331939,10.843697973359966,500.0,-56.123377748564586,54.38381979085894,25.3281729738366,500.0,-0.5685827261424887
T4_S65_XGBoost,9.96730093611106,3.3767066400221872,44.90334718266354,0.9390700175059348,0.0013715215027332306,3.949523751051503,1.742054756730795,117.18666824674796,0.7390242532987952,2.2835857808268973,0.6128710648044944,42.28083733833892,0.7522513960247939,9.966003901364932,3.7095399203022854,48.916015065242426,0.9473243240283037
T4_S65_LSTM,30.771786241667595,11.384817023026315,313.1028112176929,0.4192605545447138,4.828125,3.7480892611689955,1.9195963541666667,103.73914930555557,0.7649660825147658,2.9246002646624287,1.68023681640625,138.6168529369213,0.5936412781388483,14.218935339581584,5.509835379464286,119.8302635243386,0.892773490121685
T1_S37_SARIMA,153.75790311769663,76.37521021726964,500.0,-1.1410356306770013,9.043687677430408e-10,113.31409150381796,38.66666666687129,12.455790134325278,-0.13178622933821083,65.42192123270719,12.88888888945125,4.151930094190572,-0.04038097238756588,161.73144048284198,84.69884515508353,500.0,-0.996978067163915
T1_S37_XGBoost,14.429491981302307,4.743252604636676,123.60706654449267,0.9811439343386595,0.04240948706865311,20.283759608263622,6.053214122638262,449.0610692494994,0.9637345164195354,11.721540247118913,2.168723681973966,164.78558719262102,0.9666024061221133,14.469218393015643,5.150484752012527,139.04936032207823,0.9840164026967674
T1_S37_LSTM,77.83766038648889,21.810538698041267,177.65416068747646,0.45130810292393697,0.0,22.821959265155897,9.88726806640625,247.8763066834675,0.9540905156488418,13.423416777690386,4.406060112847222,193.65584463233637,0.9562002166486164,15.97915100396307,7.373427618117559,314.89097688320567,0.980506411797366
T3_S69_SARIMA,170.6331598342179,94.23556772827114,500.0,-1.326497079549402,18.673988980191112,33.59667893361454,15.164258433135075,500.0,0.0,164.73526833574456,94.42165275556711,500.0,-76.82562577308191,166.20848041461176,86.4880707197421,500.0,-1.1058686781790108
T3_S69_XGBoost,17.8378798198661,5.8906986764765845,91.68824439556793,0.9745749326268554,0.08570633083581924,0.6026377106959034,0.343191422522068,34.3191422522068,0.0,4.381741479424984,1.6533313745425806,79.51128079092284,0.944939145408394,14.00709401888075,4.902755771275787,115.6723927289078,0.985043808584961
T3_S69_LSTM,160.58725495711371,102.14193068508897,500.0,-1.0606194467119532,10.75,1.6883278217332407,0.71630859375,71.630859375,0.0,5.337367099803845,2.3580169677734375,166.87768272267235,0.918303473007279,16.509158796845806,6.117102486746652,152.68274824526677,0.9792233838079321
T5_S20_SARIMA,141.80121443604844,69.46282711681992,500.0,-1.4841416294258134,0.4561477851950294,133.57090342276877,47.8576417944802,500.0,0.0,179.6907497863704,104.78473813279902,500.0,-2.4375762248180686,139.93989729270618,66.08755180291514,500.0,-1.129884118628885
T5_S20_XGBoost,13.183904638895276,4.349693076952437,49.65575701832033,0.9785264148692258,0.032325346022844315,0.2721959382989649,0.1420721236305932,14.207212363059321,0.0,9.383995208768242,3.3412771546799274,26.81577054470442,0.990624888317524,9.859011175761717,3.9602145870393586,75.37450183922194,0.9894284275269861
T5_S20_LSTM,57.45106439159985,19.249366285698265,378.6624558331462,0.5922324980128901,5.42578125,5.936785531140073,3.4796549479166665,347.96549479166663,0.0,18.923918382571124,8.592770046657986,288.49205938309143,0.9618738433534456,18.732759802398277,9.365028018043155,362.36625038196297,0.9618340213880131
T4_S132_SARIMA,39.08663700648678,17.01081175374825,500.0,-0.6188369842554939,1.0884388809074304,12.590230933740957,3.532885417818921,26.800681651720286,-0.08344426404735072,23.829360282554937,7.9825066270632465,500.0,-10.082443546663535,43.2284992169967,19.753738870140563,500.0,-0.5452167485088992
T4_S132_XGBoost,6.682690981564372,2.231314096014956,39.71704502948357,0.9526795065335464,0.0037458555307239294,4.329870636492754,1.7361241044515434,117.45115374542783,0.8718587297825255,2.5028552766659176,0.6157650497690257,42.85608607699374,0.877740606611484,6.353757623223305,2.3275277389274422,38.93681292178677,0.9666181517972469
T4_S132_LSTM,22.414481469903883,6.590602308939519,68.34092820265573,0.4676418592684626,0.50634765625,2.9297642867303955,1.5275370279947917,84.25897474033165,0.9413315595350615,2.2787802082699056,1.2213787502712674,99.30629900741089,0.8986518936821123,6.749856651339006,2.9327999296642484,65.11602272248061,0.9623263074037658
T4_S117_SARIMA,87.1961295799866,37.51597496696674,500.0,-1.0136685648186616,6.154812069553131,25.75513207441257,6.988885971663344,11.49610929238997,-0.07807197099992558,33.151195195793896,11.36307028930245,500.0,-4.091358468813209,96.5263686619577,42.31474283699293,500.0,-1.0024482201725156
T4_S117_XGBoost,12.208402507402981,4.006707500258509,96.11748866309976,0.9605259894370973,0.033509138971567154,15.038337476875709,6.13168633771905,411.2803634444647,0.6324471069042062,8.73159778649087,2.2897437701855474,161.67828690940794,0.6467983378825264,12.082652149721754,4.369191523862745,102.9304686369694,0.9686242653390098
T4_S117_LSTM,46.337867938719526,13.54861114355936,227.77859717848426,0.43132299279104336,0.0,6.280448805540922,4.002848307291667,308.64290110435644,0.935893575954663,8.130408017667115,4.304345024956597,399.88719262072294,0.6937613679521271,16.574984922703607,8.447799682617188,338.765497382684,0.940956017571525
T5_S34_SARIMA,162.28342148261888,83.80440844552525,500.0,-1.3925291622596752,0.10407476229912518,108.5152552869044,40.61327444617858,500.0,0.0,199.95405798745244,123.28700354121376,500.0,-2.988060137255454,158.92313022320673,78.90541866046976,500.0,-1.1223573434717675
T5_S34_XGBoost,18.4463445235131,6.346312249409097,71.45993376736271,0.9690878252082727,0.08341529965400696,0.20475553571948232,0.12643897657593092,12.643897657593092,0.0,16.137357685108054,5.41291409632605,35.44229014459954,0.9740243691162025,17.523881455747244,6.542167911816033,97.91154054167454,0.9741949383759133
T5_S34_LSTM,69.92795179610594,21.80921760814612,288.21083624414507,0.555767278652993,0.0,4.2294829441962785,1.9257303873697917,192.57303873697919,0.0,17.491845426640428,8.3509398566352,340.78435639717037,0.969480844253146,20.541150199724783,9.78220966884068,458.2434414766035,0.9645436681307571
T5_S54_SARIMA,115.1785837388187,58.54363855397679,500.0,-1.3939742951924834,0.06558118073751192,81.97066345226165,29.799692343473193,500.0,0.0,139.3211425543961,84.8503240029126,500.0,-3.137359025821995,110.91473495280732,54.344282436741295,500.0,-1.1914849515024795
T5_S54_XGBoost,12.961323226976557,4.264348113730563,35.58646307999784,0.969683804637588,0.0171663798391819,0.08112118617804236,0.03932759538292885,3.932759538292885,0.0,15.019248993173743,4.999366564883126,19.059647002181926,0.9519176607053312,13.588896870885891,4.893710364953482,55.522665169658666,0.9671051124042894
T5_S54_LSTM,50.59836444810305,14.950403240879186,156.23314277963186,0.5379925565876047,0.0,2.185375615001577,1.4105173746744792,141.05173746744794,0.0,13.961046140095739,6.304594251844618,179.40995352867537,0.9584543958176275,13.516002154420118,6.756955827985491,259.81540753685323,0.9674570809438255
T5_S72_SARIMA,79.29676614470976,41.28434823751695,500.0,-1.202017103505626,0.000719113908108539,58.55456836908426,22.1191064463837,500.0,0.0,96.87074069184709,60.18054157138037,500.0,-2.387058768172279,78.26456431889864,39.174379567342406,500.0,-0.9694940882993937
T5_S72_XGBoost,10.03507157594321,3.2909514397924706,29.2329216295253,0.9647344481699548,0.032897286117076874,0.05167609066888553,0.04260163956011335,4.2601639560113345,0.0,5.928275035311221,1.8234942466337491,10.719424876186858,0.9873148917054052,8.500501605528525,3.0401037620350033,32.73619380989079,0.9767665638622137
T5_S72_LSTM,34.18921377630883,10.220324356590162,88.99757445830106,0.5906564396651639,0.0,1.9989971065355587,1.1934611002604167,119.34611002604167,0.0,7.147061090319753,3.0024922688802085,111.15437308186358,0.9815629055812124,9.118055927330325,4.049056280226934,144.172018804343,0.9732681607398699
T4_S23_SARIMA,47.96549332752059,20.834798222543228,500.0,-0.8080065646715029,1.5830351413809598,16.83457191149469,4.9938609851960925,34.939975759117544,-0.09405067718895754,33.48057133817585,11.104034819349074,500.0,-11.281279313223367,51.60396865175946,23.60721942229201,500.0,-0.7133176329369801
T4_S23_XGBoost,6.940603069175082,2.49737159357463,39.89237417667208,0.9621438374481317,0.010772546753287315,8.467885635860117,2.7233337123931656,204.6587757528755,0.723189058195691,4.890807324650468,0.9496577335966221,72.40757486418184,0.737928982115833,7.272376155662089,2.862620376529646,55.809557329382976,0.9659729462229819
T4_S23_LSTM,26.562970562152376,8.72053403717479,151.33121088340644,0.4455077840560594,2.4921875,4.696861789584168,2.175501505533854,109.27998326652029,0.9148374128145292,3.618160708107411,1.7843373616536458,142.34368040307618,0.8565721152089574,9.291380118473363,4.295774187360491,95.54650925442144,0.9444566417183672
T2_S36_SARIMA,81.96297148061132,44.63618720439517,500.0,-0.7865188593624581,0.0005707267286713246,89.51329957642251,57.28414920248692,500.0,-1.0710715894692702,96.9297131485578,61.15065178544459,500.0,-0.7177990378067012,78.27204309887448,40.97342287338544,500.0,-0.973469052747487
T2_S36_XGBoost,11.31974547805733,4.435984456754606,28.453530122669594,0.965924240903049,0.07521121576428413,21.7204519551816,13.06755756555746,135.3319562048162,0.878056769964067,18.322402646052687,9.958036594610247,63.38831714139075,0.9386205000828955,11.99603505896258,4.324635000372793,32.856924757436204,0.9536454432443099
T2_S36_LSTM,40.95712507481522,13.199304462049566,90.06508840947795,0.553901108438319,1.4228515625,8.961221585680324,4.998942057291667,81.55294454916223,0.9792434862427959,13.569370103349364,6.6765246921115455,61.50978104554069,0.9663350575728579,8.944394351261854,3.2145738147553944,61.68194369027636,0.9742297366110144
T3_S79_SARIMA,269.72815327986547,146.83897617301673,500.0,-1.9809778933586468,35.93701117768641,22.922377916563494,13.651227442174095,500.0,0.0,284.4842898533186,152.55568222187483,500.0,-528.6599922266039,271.09860541168865,137.600554661476,500.0,-1.3670153077629452
T3_S79_XGBoost,48.353877420931276,13.6397308460615,79.28980086618512,0.9041992723282117,0.08332955837249756,0.10686455519880783,0.06336901593022048,6.3369015930220485,0.0,4.150629961996765,1.098773037057577,47.061719593841175,0.8872520570956125,46.41423228832513,12.374560672872965,116.90553290047332,0.930617676036441
T3_S79_LSTM,190.83515861088532,128.67034065210078,500.0,-0.49218605778389946,40.875,8.654428449345252,2.83575439453125,283.575439453125,0.0,28.962319343604673,13.538703070746529,500.0,-4.489683025659001,43.07806066990671,19.401734851655505,500.0,0.9402333674751194
T1_S58_SARIMA,237.14091176829191,114.51024234828913,500.0,-1.1396375648372317,1.8233962043601998e-05,204.4703524656078,69.70833526562863,12.475512488036362,-0.13151285395947543,118.05101303731647,23.236116493236832,4.158977965407941,-0.040303959526547306,244.21308679066962,124.36234796996368,500.0,-1.047918584719218
T1_S58_XGBoost,25.030001967231975,7.4686685453957775,180.1218773685128,0.9761631419150214,0.008293949998915195,31.019386608319376,7.850386744908367,500.0,0.9739585470256608,17.913609543879577,2.7266851997054697,230.65125527652933,0.9760455048373,25.677842668087294,8.282429743369686,222.568877847385,0.9773591937490578
T1_S58_LSTM,122.3535989434476,36.406189256877994,383.3741598773443,0.4304121193591065,0.0,58.24737456992116,23.8729248046875,453.21377941700484,0.9081769931099759,34.69357332381514,11.397908528645834,495.0979525140017,0.9101498345747636,38.21959127028939,17.96147228422619,500.0,0.9498412277346426
T0_S65_SARIMA,92.77975060573577,66.77283765963945,500.0,-1.267565339031496,30.547231590034865,133.20589804371386,109.15683257013502,500.0,-1.7829253545048669,104.58223391706528,76.83967473468553,500.0,-1.2558119837950792,88.92359220805122,64.03745265463292,500.0,-1.3481532293859355
T0_S65_XGBoost,6.861059445431596,2.6526901354211434,31.576303609996554,0.9875995977665715,0.02928396686911583,8.727403856968781,5.361849150775622,37.70626158381427,0.9880539371745697,8.315032667586856,3.9748174189565666,42.13821482148843,0.9857401489068135,6.4225780995240935,2.5067605886021433,30.491107560925112,0.9877507013064549
T0_S65_LSTM,43.13413551338038,14.416559100721441,112.39964938974849,0.5098876962183418,1.7099609375,17.635467150044487,10.222132364908854,51.35574970272749,0.9512214838890537,16.45465783513492,8.286046346028646,69.65364104107685,0.9441575090432043,15.29997844340444,5.9930674235026045,93.50754061295757,0.9304857126844287
T0_S44_SARIMA,136.2563888927396,92.55872807399432,500.0,-1.2829101489215646,45.272031196318395,220.83865957364782,167.31657892331228,500.0,-1.9161660869956014,153.07216204437202,104.02318545981046,500.0,-0.8075556137626039,135.05122752795103,91.56542411450766,500.0,-1.4562682694613227
T0_S44_XGBoost,10.612510936446803,3.818675663000258,36.517927068218654,0.986151224645077,0.0369611456990242,7.6594008246202465,4.552706511380772,39.43439924431375,0.9964920641347556,11.801058331317613,5.086960527321531,52.66155878055376,0.9892566147470032,9.843144249359355,3.358074473505396,29.79231427114137,0.9869519255729818
T0_S44_LSTM,68.00056924160793,25.615882837030878,279.8077980899124,0.4314087587389219,0.0,69.20661473039888,40.766031901041664,365.5379267681678,0.7136103871414061,57.60916571309962,31.96148681640625,500.0,0.7439749808385028,40.46040066780781,17.821261088053387,387.45788801965773,0.7795352885542866
T0_S71_SARIMA,256.37831653040536,168.3026392405065,500.0,-1.2466357119769942,53.099251670503264,405.69517608593594,326.5408571905734,500.0,-1.6644970927005662,308.9247840327615,209.3337479611316,500.0,-1.0125294146019215,257.7312698631938,167.34035910026878,500.0,-1.2540206413462704
T0_S71_XGBoost,23.897219851463788,7.994496672495567,38.14460315992389,0.9804806732932372,0.010369881987571716,23.805151696905224,13.226644411372641,67.40372062872483,0.9908260267415897,16.43982309489252,7.451622247100911,45.269261555896115,0.9943005753954186,20.516778453412197,6.4533144862091705,31.420303814037876,0.9857162579279826
T0_S71_LSTM,113.43414508912053,34.792748556182715,252.62187463384404,0.5601975142617281,0.0,18.424341331658304,12.1787109375,127.69994421826223,0.9945045975270673,16.923462342133767,11.380072699652779,351.7999926187297,0.9939603027161034,17.932226399808926,9.998899913969494,436.19166895232064,0.9890883082636107
T0_S3_SARIMA,29.44519402718039,23.270586276104453,500.0,-1.3594093752296361,15.805380123313915,36.49888760926909,29.23591462863494,500.0,-1.2770561924705297,26.84352565844487,21.522203854256798,500.0,-0.6005426713458668,29.35006850771449,22.928092094181483,500.0,-1.9014813618133344
T0_S3_XGBoost,4.360717382606501,1.6118733424953888,15.268696120926744,0.9482523845666208,0.0016707926988601685,4.997712297685478,2.8731780695185685,21.643959752508835,0.9573069684547544,4.757903853176864,2.277543823687463,22.3797659652691,0.9497171982468722,3.7703735107402685,1.3738149065978913,12.240562985027365,0.9521182188093409
T0_S3_LSTM,14.26378705691517,4.463470605001495,46.92257615483387,0.44633871893476296,0.54296875,7.241462222828288,4.166534423828125,26.990918471136233,0.9103671862622211,5.840268024043197,3.061672634548611,42.224615076253016,0.9242376037954296,4.962012122178072,1.9308515276227678,30.248837505764854,0.9170689453579007
T4_S98_SARIMA,57.95720684661572,24.84443739224851,500.0,-0.5610537789171814,1.7194149223286979,26.33761839193733,7.50602995160304,8.88572101217086,-0.08811002754402408,27.097773540020583,9.89075461193677,500.0,-2.263508137005509,61.38197008274694,28.1699656515004,500.0,-0.7041322191135264
T4_S98_XGBoost,11.449248511518439,3.239936125092654,68.72137762318194,0.9390804152094132,0.020713675767183304,9.87157146365568,3.0983227832863727,271.2652332077616,0.8471405126869629,5.704564170430761,1.1177601617786825,98.92033447090971,0.855368656113056,8.061480451759142,3.053512892946379,84.12680011810187,0.9706065034387285
T4_S98_LSTM,37.43006437662737,10.401878247420754,134.70852466563986,0.3489053621429532,0.0,9.78658115268614,4.718180338541667,221.68032593460362,0.8497613009284524,7.244656125036437,3.4726359049479165,263.884354521604,0.766733145022098,10.514810921542505,5.035855247860863,186.06210037196917,0.9499937167849265
T4_S52_SARIMA,62.62024890379508,26.789150359120185,500.0,-0.7175051801562549,1.0893839045918208,10.82956664566767,3.12407064750162,11.92911513722152,-0.09019753260253771,43.50888106979621,14.088147921794262,500.0,-48.853842852240156,71.33737692988417,31.351835546983132,500.0,-0.5008226375642622
T4_S52_XGBoost,11.414580154240914,3.367509387347749,38.81645145260879,0.942932563957278,0.03411223366856575,2.1760309146212182,1.010641423073442,61.381675702851325,0.9559837377858262,1.2855378116630733,0.428742438819932,29.646755013828912,0.9564776315271125,13.294357768989473,3.9524529509473636,30.438990017744782,0.9478769497008264
T4_S52_LSTM,33.608375714538454,15.814217161333731,500.0,0.5052753797670331,10.3046875,5.437573557571743,3.3259073893229165,231.7913633404356,0.725151527213447,5.685860645613062,3.6879069010416665,335.19089824021466,0.14859688645616875,25.38073599123543,9.320318312872024,272.76850638927556,0.8100219076849106
T3_S34_SARIMA,168.70163036894922,99.11354677557809,500.0,-1.277846484033621,31.80768165018249,30.486868639283937,13.11475134523828,500.0,0.0,154.07385940397458,88.63476118552535,500.0,-68.7467769749721,174.44113203799586,92.85203923225619,500.0,-0.9077698000305403
T3_S34_XGBoost,31.004227648121528,7.505448375000846,64.68001662282474,0.9230643325256044,0.05151860602200031,0.18241872027524522,0.08408012761113544,8.408012761113543,0.0,4.165828565807062,1.1528578899904258,45.97696282945173,0.949011878957534,47.048759537617194,13.367784059790816,81.4205118386989,0.8612207513263492
T3_S34_LSTM,175.3730662042122,111.60972135260916,500.0,-1.4615671203287808,9.96484375,2.6453666381793908,1.62420654296875,162.420654296875,0.0,5.516879618343521,2.8973524305555554,257.2995854260472,0.9105761763643213,31.233185782461675,9.696010044642858,189.61899850909347,0.9388409478743406
T4_S16_SARIMA,16.082646978288015,7.300647623805182,373.2350535691476,-0.8272098854186869,0.21573806827237701,6.748363694119093,1.9576915130904278,11.827925467341522,-0.0909697898730788,12.000516159313426,4.225625170196907,361.24877507245697,-8.776337277490214,17.106537771565396,8.233195606115093,385.80008336292207,-0.8555406682394144
T4_S16_XGBoost,3.634405893312057,1.343966532360738,27.822930405588558,0.9066874121250019,0.010772706009447575,2.699816842868532,1.158452983867998,66.18138400150374,0.8253838659382347,1.5800632023998862,0.4497380209439952,28.419163965967503,0.8305173515396089,3.146871622176011,1.322757759616555,29.014532601021397,0.9372080040407001
T4_S16_LSTM,9.277002247850046,3.293183687200957,82.99297593890121,0.39202082789086834,1.404296875,3.7587922409175003,1.4439798990885417,46.62774948846726,0.661536058576784,2.2686187578906973,0.8726942274305556,54.67934260292658,0.6506189374587515,4.014531472823808,1.8518836611793155,53.645412656560474,0.8978082185492762
T5_S12_SARIMA,71.6453587930799,36.5458653457563,500.0,-1.0838899961629478,5.4138382573856996e-05,59.89079269869634,22.936120145227758,500.0,0.0,83.09874121085595,50.45212747788694,500.0,-2.221094736383081,69.83151372023167,34.497363598037985,500.0,-0.8973829546047309
T5_S12_XGBoost,10.243473590436377,3.1464483928265112,22.88500034350934,0.9574016114893481,0.026861391961574554,0.07381254443961943,0.04770956436793009,4.770956436793009,0.0,4.749149869477649,1.668786735713689,17.32606429082719,0.989479258310386,8.512046778339682,2.7451184299951863,26.333515363503736,0.9718083765792997
T5_S12_LSTM,32.666636537754485,12.97199917295903,387.80354567293875,0.5667809887701456,7.7421875,3.2287686559005477,1.89373779296875,189.373779296875,0.0,7.899100100298871,3.7386949327256946,152.42827628992214,0.9708948499397035,13.357214603379447,6.30200921921503,242.63867882936606,0.9305801150671771
T0_S4_SARIMA,91.24788246533748,59.71749991968062,500.0,-1.0347056283964866,22.304615736420935,133.6748344021751,103.59056728109253,500.0,-1.0564647460669683,92.64347515829036,62.11836265201651,500.0,-0.5053838810526605,91.82631577671692,60.05629033145584,500.0,-1.2608911450984746
T0_S4_XGBoost,10.330866172763775,3.673685241595599,23.67696916709073,0.9739186859780744,0.0022325310856103897,10.335811791644497,5.899322841180644,23.52913018300375,0.9877054922715723,11.820800928448723,5.121948681545392,23.332957112336075,0.9754918012573087,9.688269183642324,3.2668689609965353,18.08266256805139,0.9748326362158968
T0_S4_LSTM,45.25740640660691,14.70199858743038,104.02442525347104,0.4994639976741633,1.4326171875,23.61407560743045,13.498779296875,54.38241699347387,0.9358252983744677,18.901603610641367,9.016180886162651,67.50280447301118,0.9373364652789848,16.690492231105363,6.391454151698521,92.91490022578718,0.9253063602498846
T4_S131_SARIMA,53.737716483667555,23.78859005534292,500.0,-0.6388801903319006,3.413726705206846,14.528008291437956,4.404917924250299,50.0042423110707,-0.09715363065210547,22.059255047148397,8.862845254116705,500.0,-6.197714050780165,55.287110712424095,26.259577827042374,500.0,-0.8539826819275487
T4_S131_XGBoost,15.28307596604269,3.5341786766794074,60.14569821707779,0.8674406597082661,0.028062572702765465,7.9966147989072764,2.8257265492963293,193.24633554517848,0.6675949300364485,4.617873231980363,0.9871577625680301,68.94033646198486,0.6845744140897658,8.931801261057712,3.4199169481261853,63.77974833571534,0.9516121877911761
T4_S131_LSTM,35.041278308812636,9.96997829601525,116.4977409113192,0.30313496865321843,0.0,3.71723657821234,2.3824666341145835,177.27402195785984,0.9281716830131825,4.0031060196026775,2.216586642795139,201.33445046164775,0.76296794069448,8.772611995363917,4.406906854538691,165.2442860897878,0.9533216251932559
T1_S72_SARIMA,124.0011824068632,61.660489877063796,500.0,-1.2668080987267847,1.068217051778574e-05,66.97200914484026,23.16666799006715,12.42937893384658,-0.13592171764834116,38.66630750794382,7.722225892506537,4.1434492263643055,-0.0415428565057534,134.81754248453905,70.79350431910923,500.0,-1.0070022643623435
T1_S72_XGBoost,12.579803512320215,4.190844329898401,73.33839129134518,0.9766702105986927,0.007897816598415375,9.553542719066149,4.170765535828347,125.51643552896647,0.976885173020649,5.540997436288271,1.5223405272441193,55.04734670645583,0.9786111397917356,12.123586452092251,4.415019074842955,84.8395697207175,0.9837700464381608
T1_S72_LSTM,59.77118272496958,19.02394067499626,166.21142599148453,0.47332003027629155,0.0,12.54720115247606,5.095876057942708,159.68525214637873,0.9601291524088621,7.673184055364257,2.8619791666666665,169.56379878403595,0.9589830866777568,25.762894525673726,11.231851486932664,292.2199125830486,0.9267100609099547
T3_S33_SARIMA,130.92414532416618,68.09195083193178,500.0,-1.0654261954518778,7.924485824457346,47.47392819831612,17.351621402234823,500.0,0.0,124.01189858686317,67.25676504335247,500.0,-16.81689630173983,120.32998575478106,59.53594471836044,500.0,-1.0777269543088184
T3_S33_XGBoost,19.07997911362791,5.997592778286549,107.19613338922491,0.9561342079254898,0.13806110620498657,1.626831507830007,0.4947407041521122,49.474070415211216,0.0,5.584060159178377,1.8607542359580596,66.65326090008882,0.9638751945997414,13.511228546353436,5.106729898158283,127.92145134843302,0.9738042749242704
T3_S33_LSTM,165.11779750464942,108.22631018241627,500.0,-2.2851708434938462,27.328125,14.9485873390617,8.034393310546875,500.0,0.0,21.048108187679826,11.489420572916666,500.0,0.4867470265144531,20.99622184889234,11.011999221075149,500.0,0.9367408941190348
T4_S125_SARIMA,104.01720007257937,40.510406908168775,500.0,-1.1638262545695337,0.7635888605518997,10.037079367228547,3.0716681001208106,42.154260952771125,-0.09853560458606925,78.2305308271245,23.136751431984237,500.0,-189.06921143136023,114.69830729165407,47.31850464000693,500.0,-0.889815909898803
T4_S125_XGBoost,12.23366521161908,3.800551733804163,45.34361535688731,0.9700687227285012,0.03423255681991577,5.055281305589923,2.1552354334077486,116.5041469634426,0.72133009126137,2.9360725374913383,0.834977379715484,50.49127251243765,0.7322726246562121,13.738447772120749,4.822452850030025,49.131459014694926,0.972886797499548
T4_S125_LSTM,51.04045483352792,27.98129111842105,500.0,0.4789959022991819,22.75,15.136348746422858,8.696126302083334,500.0,-1.4982832240319937,14.655747896896449,9.37192111545139,500.0,-5.670758069648885,30.664253894971072,15.194527762276786,500.0,0.8649264581733298
T4_S5_SARIMA,29.732200554014824,11.828713060917345,500.0,-0.857243163079618,0.6715391578647114,2.991674800056207,1.0186039693020998,25.00560128157811,-0.12266289872644065,22.262698932748254,6.865601652453749,500.0,-175.27156472178012,32.130709341685716,13.662336443013745,500.0,-0.7512976943908993
T4_S5_XGBoost,5.317432035214446,1.7088690840340617,25.457638414586945,0.9405956078419184,0.01796073652803898,1.30453880645509,0.512003636530911,35.11256262457046,0.7865311013529556,0.7557668986329177,0.19342936982543002,13.98033663970279,0.7968567639490374,4.785671663199909,1.7945820676894593,23.483199598244045,0.961148736508175
T4_S5_LSTM,16.311163341014467,5.333317222777736,147.14792984605583,0.44103510348982256,2.3828125,2.4524565352129932,1.0745086669921875,46.35895297058627,0.24556254335915995,1.6452213906696749,0.8004870944552951,59.68473820265202,0.037334676752220575,8.219914313773486,3.250364757719494,80.90718236626002,0.885381708720157
T4_S56_SARIMA,68.59405158673681,32.214419241842705,500.0,-0.6726020496639566,2.897003981508746,24.354984281911744,6.5805967072049585,15.757348188320183,-0.07831890811483366,46.96013072693993,16.31805432210862,500.0,-10.441005851576065,75.1627715828195,36.42111303635487,500.0,-0.582539954145318
T4_S56_XGBoost,12.348345682421877,3.8669711084009823,70.52766552360364,0.94579525937169,0.022156964987516403,8.359052046203555,3.410620506076763,232.8827807125864,0.8729760622127438,4.832679691609582,1.2091714673313416,84.85739010143753,0.8788337587460665,14.81725916772418,4.397771461612484,75.35187728441325,0.9384986193259146
T4_S56_LSTM,37.410090925928316,13.51841801547548,385.6248152669179,0.5024952395339142,7.52734375,6.446848234379024,3.7226969401041665,246.28153830151632,0.924444443889503,5.973682508056987,3.6523030598958335,323.23425408661655,0.8148644217532244,9.74694872212235,4.875200544084821,198.8003309434516,0.9733874510169369
T1_S46_SARIMA,117.41065382841879,58.39812300131138,500.0,-1.652970793616936,0.00045977912438843077,90.43805885148448,30.95841616597716,12.453469649412709,-0.13273358682606218,52.21443762349602,10.319670566648913,4.171007682123624,-0.04064772874065459,127.73742364329719,67.2910878083814,500.0,-1.2457494148901782
T1_S46_XGBoost,18.16322426719795,6.145410573959427,108.42161217125206,0.936510289536869,0.008405100554227829,8.218875448954872,3.2011980363167822,228.25056526009965,0.99064486386054,4.764015425828482,1.1608068097492732,85.45760151773445,0.9913369893316434,12.754871008964741,4.6413401031292905,96.74471288138564,0.9776088122296923
T1_S46_LSTM,48.72236588886556,15.505168750525662,172.23204663480786,0.5431494063869812,0.0,12.117907333559623,6.1940765380859375,241.77261497230583,0.979663295981786,7.564180417550307,3.5576739841037326,229.88905213161064,0.978160319083663,17.824792817933098,8.446959359305245,289.9496983213685,0.9562705544044041
T2_S50_SARIMA,116.64020569150418,62.20520220810876,500.0,-0.8596515362656163,0.00010926070712945786,146.96307634243428,95.09631952284072,500.0,-1.1870571109413803,144.13027883786103,90.17099474053992,500.0,-0.7515976514725531,112.60486220792743,58.10288422722923,500.0,-0.9079636737472854
T2_S50_XGBoost,14.449065599873931,5.702015721537707,35.38984507943692,0.9714625906366586,0.0565419215708971,9.45408737495296,5.161658480297774,61.463900986082685,0.9909492852247563,21.962256619315617,11.356196759811914,52.3257652381813,0.9593296580295589,14.379369436982751,4.93333699797014,29.064880907152613,0.9688874578162351
T2_S50_LSTM,55.68185595804502,17.168142510373055,63.799588947050786,0.5761985633727948,0.0,17.617130152573043,9.749755859375,107.72738053454596,0.9685721999847907,24.39607847940548,11.590949164496529,86.21937021019077,0.9498161537358512,16.086379013766578,5.564870925176711,96.68328698647312,0.9610621104606129
T4_S76_SARIMA,17.256964506802372,8.063949820816514,377.92949163985077,-0.6554591361106896,0.9907571485521686,3.8327388220679595,1.0516162365006834,8.700982105916271,-0.0782942324245759,10.372496741764577,3.5957773243572038,327.4241852543364,-21.49767100974709,18.303794307809834,8.741790232666338,366.3770324433756,-0.632540412335183
T4_S76_XGBoost,3.6865021876085744,1.1770497301815392,19.271892507736037,0.9244527526199146,0.006052445620298386,2.5241977430185845,0.9330776864274716,36.13771620266898,0.5323019286841562,1.458807647695941,0.33318679726734346,14.26199558004162,0.5549928280654903,4.529269080891503,1.5393687286386488,19.073274591513993,0.9000373104447501
T4_S76_LSTM,10.516633037630253,3.3657209040445575,52.92075878649769,0.3851869270551601,0.408447265625,1.4269312527526914,0.943389892578125,65.31699851707175,0.8505400162039707,1.1910863384299972,0.7836134168836806,68.6873447747878,0.703341064320024,3.947798050892753,1.7591974167596727,50.58869524893771,0.9240563364316301
T1_S31_SARIMA,160.98705859837125,80.96619604341369,500.0,-1.3959452151415368,3.4032285198355604e-06,86.9266932776792,30.000000462503422,12.445000984524938,-0.13521126823537544,50.187149763632135,10.00000127415497,4.14844566022446,-0.04134366982831672,169.9655899862838,89.84501214973422,500.0,-1.222254415376904
T1_S31_XGBoost,21.225419478791316,6.365387148404289,83.99738824100308,0.9583507182340147,0.023837018758058548,14.866845362436724,6.5750262858346105,165.8537491249536,0.966794652990707,8.591167273685977,2.3068257020269005,66.79961038318754,0.9694850004653425,26.899058125579515,8.079825532245671,95.202669872737,0.9443396526451828
T1_S31_LSTM,78.10586894699266,23.544344085255307,195.9434230341572,0.43602183609496337,0.0,16.36897292129185,6.6484375,206.1243934690326,0.9597456113430256,9.714121157209759,3.1975801255967884,166.85156038268968,0.9609863979919585,21.80214770468752,10.107588631766182,357.5644726904537,0.9634346006762037
T3_S51_SARIMA,33.46021111106478,16.624584767275937,500.0,-0.9088801673521949,0.018033245739666737,24.577358784061683,9.116626296042968,500.0,0.0,33.15558428594697,17.455163452491345,500.0,-3.8456642214192733,34.11046646264421,15.980003861387681,500.0,-0.672273324495418
T3_S51_XGBoost,6.642917853133728,2.3367553167423885,49.37503914127858,0.924761682316271,0.017718086019158363,1.6919362766830177,0.4532823250629008,45.32823250629008,0.0,2.549072072055791,0.901096075721499,53.18923958565347,0.9713579449703376,8.69867886114292,3.0382943449907804,53.40682544793693,0.8912476774107557
T3_S51_LSTM,45.813194314605234,31.086695620888158,500.0,-2.578511853878113,11.3046875,7.236466808423036,3.93389892578125,393.389892578125,0.0,11.792423718096579,5.683207194010417,364.67948420377905,0.38702029419657624,13.149150876365225,5.965468633742559,247.6415137268921,0.7514994453551893
T1_S10_SARIMA,200.29910146143945,100.13957017215273,500.0,-1.2465681853376736,9.255526469689718e-08,160.0636592120055,55.20833335421586,12.469977482610977,-0.13503030487249923,92.41279673352788,18.40277783524853,4.156664211861074,-0.04129290585660583,207.73859025424215,108.8907920229941,500.0,-1.1808906789217808
T1_S10_XGBoost,23.738664420904705,6.880812330409031,84.8597596133508,0.9684445655026505,0.00601103575900197,34.066963749295645,13.575622818459427,328.6093678763093,0.948585119373966,19.669549195926,4.5712573611356975,114.1414314570253,0.9528265656483568,30.787989215626645,9.83419284715083,115.36585777784691,0.9520970579067645
T1_S10_LSTM,103.29978598435947,30.234935121673146,273.91150424048647,0.40246899412662085,0.0,41.266100261454575,17.092366536458332,288.0909033800361,0.924558757402458,24.272009348244772,7.617899576822917,288.07470759369255,0.928167638588592,25.75025613085223,11.770057314918155,485.61516541745897,0.9664909093370047
T4_S101_SARIMA,17.386214248750232,8.744791459595781,392.0788174424616,-0.45705543926567715,2.578730368663276,5.20988891824095,1.5736687977225536,15.778565747023777,-0.08211066606285167,10.480977447093567,4.607926501715477,413.59654549647047,-11.396965444744275,18.239814126097105,9.574301590409261,390.49602332779807,-0.4889463081235992
T4_S101_XGBoost,4.576779880760093,1.5685807796313236,22.99375893381744,0.8990314606675844,0.015091756358742714,2.7385141494465293,1.0823646966988842,50.09089548664253,0.7010182160776539,1.582405780733137,0.38746829147243667,19.3649710861617,0.7174160188830239,3.712818148187478,1.519961046154744,26.79243759489303,0.9383056238403176
T4_S101_LSTM,11.788987045072982,4.248692854739833,73.22859832691591,0.33008607814306945,0.599365234375,2.1446425218556557,1.47515869140625,108.93845900990604,0.8166315662504431,1.7282954916954363,1.2577989366319444,112.9207569529548,0.6629084920434742,5.288686327474291,2.7201741536458335,91.0636015213572,0.8748203191180506
T2_S23_SARIMA,269.6969755859628,146.6154284476041,500.0,-0.8315227924250475,0.0019469427978835653,339.6082553074621,230.6408377625834,500.0,-0.9166286917196207,330.2717815746774,214.6997212523662,500.0,-0.7385926812525978,260.8850229888584,138.40117606104815,500.0,-0.9032466057726933
T2_S23_XGBoost,20.996676947421534,7.916167463280114,38.63406346945732,0.9888990203204182,0.008022820577025414,23.881542841324524,13.69290964359728,32.05791136405757,0.990522227741104,23.888304713884327,13.565091723136398,59.227208391636445,0.9909045211325022,15.672762978623913,5.950564645564079,39.07848001840644,0.9931310888277542
T2_S23_LSTM,121.88597888548816,47.12450178958583,500.0,0.6259172567853415,21.1171875,46.33133360894941,24.398274739583332,337.81790359930335,0.9643277001221734,35.9107019840414,20.50531684027778,274.1650837064572,0.979445699647302,24.382849200274894,11.001124790736608,338.8125075073805,0.9833748461072257
T0_S33_SARIMA,136.03491947713138,88.87538086900639,500.0,-1.1761476344804338,31.287908419527405,210.1805096369806,163.22301601811355,500.0,-1.846509238001758,149.53999741828957,99.68555061918833,500.0,-0.753856007932826,136.4852959217356,89.09858470670096,500.0,-1.302857381061655
T0_S33_XGBoost,10.500671204055127,3.760183849333536,22.696160864439086,0.9870335327358102,0.006894377991557121,24.86939079962595,12.503684613543252,24.39107703150078,0.9601472761438661,17.15927281776109,7.259296440390042,24.41435984768384,0.9769071807884797,11.724467997699541,3.8282442025707235,15.345362186305367,0.9830065482765219
T0_S33_LSTM,61.6185588396026,19.179274417566912,150.6790895150867,0.5535111467953581,0.0,14.004676476316446,8.381876627604166,95.92380659931585,0.9873621301865482,15.932108514108602,9.29696316189236,237.67456611042005,0.9800920881691038,12.454525783026503,6.457157316662016,234.61284837238497,0.9808243672712676
T3_S41_SARIMA,124.35667056921204,62.55588743956813,500.0,-1.2522819203543674,3.2582624354055563,26.619351477540693,9.486149496453523,500.0,0.0,125.22624950939777,65.48398271584702,500.0,-43.48511857746129,120.6129286187131,57.294076410051034,500.0,-1.0133427148621643
T3_S41_XGBoost,20.9149247338222,6.266580606122282,56.18966337941824,0.9362915277621982,0.017309335991740227,0.44761819353952415,0.1816331195489814,18.16331195489814,0.0,5.435287633742138,1.650510628009215,87.60865765554883,0.9161951663218645,22.469608295737462,6.9488666290251,77.1110991792101,0.9301251344481956
T3_S41_LSTM,119.00347108163577,76.22558243308912,500.0,-1.0625469185547476,5.900390625,1.2517546339808627,0.5369695027669271,53.69695027669271,0.0,6.239607744795728,2.2227105034722223,104.73899299229686,0.8895569016124744,18.892587512202372,6.626377650669643,79.77209463433849,0.9506016017325662
T0_S15_SARIMA,260.98379047617266,156.4200957230733,500.0,-0.9221095903052767,29.74971545941752,381.5870059236298,299.3936883941587,500.0,-1.4598115528020688,286.42470572473377,182.5614967879511,500.0,-0.8447874969627787,253.70191874222704,152.10581021813002,500.0,-1.0534329097135426
T0_S15_XGBoost,18.987191223993456,6.913478330418281,32.92056426189283,0.989826449966126,0.02880100253969431,23.17560498614094,12.373072696578069,30.504046242588007,0.9909264582454248,19.335740229716002,9.32650928637789,87.05540335761242,0.9915928847502768,17.61933236681384,6.49903447103099,42.71439016057838,0.9900959708347131
T0_S15_LSTM,132.10272868944926,44.564685584255386,480.00401804938735,0.5075358126002865,7.65625,56.10460821705246,26.961893717447918,111.85635392725095,0.9468244794347348,46.12408210651033,20.633565266927082,243.81077694431102,0.9521611348602392,50.62944439320121,19.054021926153276,452.9871577082215,0.91822146289823
T3_S42_SARIMA,147.01150972529365,68.44228949750948,500.0,-1.1813066185621328,0.29913443049014055,48.57819762237942,17.357713858122256,500.0,0.0,147.19783831048153,72.33588881205958,500.0,-21.732697961413376,145.34375379247956,64.32529597261141,500.0,-0.9274281335521741
T3_S42_XGBoost,19.521886893709233,5.779235082010083,83.22987569242682,0.9615357183191837,0.04667515307664871,0.4649136096654095,0.15680859424173832,15.680859424173832,0.0,5.027193640629488,1.2868869779631495,57.34018136882055,0.9734845290403225,25.193720659986752,7.208624799996393,73.20821609765606,0.9420877993615708
T3_S42_LSTM,188.04497113709806,124.81550620047099,500.0,-2.568925556893216,35.125,18.079512655316435,10.343414306640625,500.0,0.0,24.057574485598277,13.62546115451389,500.0,0.3927719910564096,35.83042439611521,16.20688011532738,500.0,0.8828642794946767
T2_S9_SARIMA,104.84884543629877,55.12726050892429,500.0,-0.905596744724066,0.0038852194275484455,140.91228683429352,92.86431369165904,500.0,-0.9093538745591458,142.95063414457508,89.34612152215128,500.0,-0.6552309674898729,110.09561762444363,55.810115272212194,500.0,-0.7858363048910295
T2_S9_XGBoost,16.321010912873003,5.080757570417339,37.351874975280005,0.9538259671511388,0.06980706006288528,23.905678729913227,11.800601681772,106.59465978508196,0.9450470693775546,33.43940598252389,13.951073547734673,57.725533372448,0.909426001964918,21.89831525473039,6.111633125731411,37.999674829847166,0.9293482390598247
T2_S9_LSTM,46.16583105854652,15.889767587470097,153.8534806183554,0.6305590663267923,0.0,26.649391100451417,13.672922770182291,248.9522188988404,0.9317090299537276,31.666188204817434,15.12605455186632,187.34697383842018,0.9187771905166128,21.175988044781924,8.043683733258929,236.40045274808782,0.9339323362843699
T1_S26_SARIMA,63.59479948936391,31.78673960703433,500.0,-1.2077905519993424,0.0011011659700770988,42.87433810633078,14.708446477424713,12.39780868332454,-0.13338625710393326,24.753510649420207,4.903088298000882,4.15988344703919,-0.04083141495059617,69.79971485720672,36.77171369063223,500.0,-0.9189572732914446
T1_S26_XGBoost,7.67752112498385,2.3419123656630547,41.9021636792635,0.9678221734780523,0.010094300843775272,6.211307643957965,1.922239681550612,134.09070343016018,0.9762124800334993,3.598183537365247,0.7199369263964601,52.615937731345674,0.9780075600912088,6.2511303260650815,1.814259337798354,52.7962700595151,0.9846087066822052
T1_S26_LSTM,28.759858753550212,8.34884979394064,59.190082025402624,0.5484683854648731,0.0,4.3332000204320655,2.0635884602864585,74.69638298055625,0.9884228793734164,2.557316022149649,0.8980034722222222,45.912859539525705,0.9888909840900084,8.243706538460522,3.470375424339658,104.83955761782097,0.9732327931774638
T3_S50_SARIMA,63.174873161461065,25.583826571883133,500.0,-0.9268253025018944,0.00016355443935954316,36.02121772554103,12.998023248544124,500.0,0.0,63.085463694895694,27.73151238463248,500.0,-5.499074928349248,60.966675697664286,23.462361638497242,500.0,-0.7733322731165488
T3_S50_XGBoost,9.361989655783141,2.961337789038695,58.358727163265975,0.9576854333765372,0.0439381692558527,0.49725186923074016,0.12380106560885906,12.380106560885906,0.0,8.471988432327079,1.6489917273736663,38.44944140450167,0.8827902733619797,10.154119844560471,3.148848322078785,64.48227818924887,0.950808546238106
T3_S50_LSTM,96.25471290630749,66.35576896119916,500.0,-3.4729865206139445,23.2421875,16.577447784522615,9.201090494791666,500.0,0.0,22.739164396904208,12.67544216579861,500.0,0.15561220394120012,23.626674023565403,11.827718098958334,500.0,0.7336760235900457
T4_S108_SARIMA,33.940249058963765,14.100342652861565,500.0,-0.7302451354981689,1.2422556718996833,11.855430381474045,3.421508595311686,16.385834691751608,-0.08977907884540204,19.735242603279968,6.840983884293637,500.0,-7.567550777224701,39.63722978177783,17.007323884758915,500.0,-0.55494525344821
T4_S108_XGBoost,6.070012338544542,1.8908915012600302,38.009664416009535,0.9446577598198732,0.006369941867887974,4.615479362198108,1.7269888082131122,99.7518939274984,0.8348276134517425,2.6828135234706547,0.6236063313101314,38.04497083307554,0.8416738242815998,7.913393423189245,2.3798475576498146,42.65186199277431,0.9380225034705043
T4_S108_LSTM,17.459847053536386,5.293666127766149,55.4356234306234,0.5421128486170192,0.0,3.55378538603904,1.7333272298177083,86.92191569010417,0.9020766615289926,2.7168693892744824,1.3165842692057292,102.85482449001735,0.8376286994233111,9.049340413352366,3.505942935035342,70.9424392492074,0.9189519882193412
T4_S67_SARIMA,37.40914815505514,17.107577370728634,500.0,-0.6073301223540748,1.7832971963869735,12.067620529912022,3.3713674136860505,15.574541056700534,-0.08375327828883528,21.94759240723023,7.531988759176563,500.0,-9.205682857395812,41.14219293607429,19.144436263446146,500.0,-0.5134357144918598
T4_S67_XGBoost,7.002484820866873,2.420691292825418,43.67084112415194,0.9436811474353594,0.026804868131875992,6.024921569482545,2.4693538513965905,139.93324634251127,0.7298593569295776,3.492202388127468,0.9317378187034693,57.506402271297674,0.7416151142442533,7.0813266682875655,2.914974015982201,49.358276278176305,0.9551648771650076
T4_S67_LSTM,21.37159960339186,6.594720721815191,94.40719093255855,0.47540577668990636,0.78515625,2.2975861844263643,1.4116109212239583,117.71394706066742,0.9607146382986429,2.5700403160856324,1.4989352756076388,142.07781254018778,0.8600579703972637,6.309681017287392,2.870454334077381,87.62260578320425,0.9644037774018139
T1_S42_SARIMA,89.41154524032163,44.35666906305988,500.0,-1.18454470992027,4.2061950310025123e-07,104.10091258433522,34.833333421033124,12.447506295715836,-0.12608132183798126,60.10268990345164,11.61111135202397,4.149189933197925,-0.03876845528485173,98.71626863700193,51.501427421426904,500.0,-0.9550743325709801
T1_S42_XGBoost,11.645875954024062,3.7715717315262753,74.09402834689304,0.9629389212527186,0.009540962055325508,24.237694547732072,8.840470236570885,205.74097911119372,0.938955955873674,13.997511551249811,3.0321076719167954,77.10875234304795,0.94365795538422,12.486764228204574,3.8241095222543837,85.02042840101899,0.9687186393863501
T1_S42_LSTM,40.75862902707964,13.40144224029979,128.30112999658346,0.5460449294132663,0.0,45.96990460375442,17.000539143880207,245.79491959472,0.7804123623426743,26.62228198929509,6.78831312391493,194.07831412705946,0.7961918754477532,22.821917008065853,8.799981980096726,209.66609360941172,0.8955063125402778
T3_S45_SARIMA,56.18876894306093,23.520730569376166,500.0,-0.9902437657137548,0.00044362966318130313,27.472061739937054,9.135438866733168,500.0,0.0,55.723194868596735,24.674581731814026,500.0,-11.741197023133514,56.5180773897321,22.28328107878129,500.0,-0.7722401449535312
T3_S45_XGBoost,13.005589833320757,3.5069832124927807,58.40420513265195,0.8933729621564432,0.012697026133537292,0.012697026133537292,0.012697026133537292,1.2697026133537292,0.0,2.787827754541793,0.7819775794568058,46.30008206582764,0.9681088566865456,13.69803125102432,3.547435170690906,75.2537493196265,0.8958967912561596
T3_S45_LSTM,80.08895138120394,54.43127616626794,500.0,-3.043453497540307,18.009765625,11.099123247205219,6.111124674479167,500.0,0.0,14.229189339830766,8.002688937717014,500.0,0.16919609158662086,19.533607644335458,8.559207007998513,476.3222457895928,0.7883039616424992
T3_S57_SARIMA,206.6598564660659,112.62801205805613,500.0,-1.6930073675110013,27.228124608252372,17.06711216905548,9.496074854673857,500.0,0.0,209.58351196317554,113.7245373588252,500.0,-448.0521116803771,199.40491894734845,102.1192679561448,500.0,-1.3829861070696552
T3_S57_XGBoost,38.87705560408317,10.030195892128969,79.59385731733785,0.904695803065886,0.0382988378405571,0.36618073156650965,0.18115901481360197,18.115901481360197,0.0,4.416560735079653,0.9092390025034547,33.08124481894873,0.8005881648732077,27.290026025351132,7.80847998149693,100.48818215140527,0.9553668359221816
T3_S57_LSTM,137.68671370856862,94.374595532577,500.0,-0.19538929814585226,38.34375,8.117221972943346,2.9605305989583335,296.05305989583337,0.0,22.968891424203584,11.082926432291666,500.0,-4.393399439077565,31.423074749450834,14.472700573149181,500.0,0.9408237919263109
T4_S106_SARIMA,23.626484660780783,10.081970822765692,400.85011644856337,-0.4248959938541115,0.44319417595750904,4.969640596772573,1.2963983650783757,8.202092781972475,-0.07193585508159694,13.234515150329013,4.193596062408335,378.8803583322117,-20.75607994043537,26.124953537625437,11.597667808577372,410.3752667341005,-0.41647269918018104
T4_S106_XGBoost,6.620422387484813,2.013596522007149,24.637117424020914,0.8881189984573965,0.005818886216729879,2.1950035250710576,0.7842081915393161,57.617115510274076,0.790883029640356,1.2678564671546477,0.27759971243277604,20.825403362058424,0.8003337067102048,6.802083747855722,2.291280024515886,31.014864004291564,0.9039757100755472
T4_S106_LSTM,15.04273204164488,4.491338410445948,48.789264200023084,0.4223851007473103,0.56298828125,1.0630712207386672,0.5341262817382812,32.18324449327257,0.9509494866906056,0.8616907138558896,0.4845903184678819,41.38257061993634,0.9077710210898543,6.31104557021913,2.436839149111793,38.50667328968787,0.9173391651627484
T5_S4_SARIMA,118.8320882635486,60.70292256820842,500.0,-1.2041860603880377,0.012209136815908964,77.67041898307967,28.645393102035968,500.0,0.0,138.73996678431132,84.80892679483662,500.0,-3.5123431278397677,114.15917715207198,56.475387678761244,500.0,-1.0620571051324807
T5_S4_XGBoost,14.072391663121484,4.772015240880032,62.299638224673345,0.9690887461939367,0.04324258118867874,0.04324258118867874,0.04324258118867874,4.324258118867874,0.0,11.97715888392736,4.208195843161472,28.979048094003023,0.9663715720131651,12.854093822283348,4.52001456398977,98.30259592707363,0.9738566065084557
T5_S4_LSTM,56.07505785417636,16.823789751700808,181.8042488575325,0.5091822571691244,0.0,2.1706319833627687,1.3254038492838542,132.54038492838544,0.0,15.62107779090493,6.954347398546007,183.28431705678918,0.9427967195945659,18.44172443698818,8.745074317568825,298.55518718423525,0.9461876342517727
T2_S16_SARIMA,163.9660165462808,90.34674996456334,500.0,-0.8319224587635852,0.0006626307916741774,191.64102241119602,126.14476262041136,500.0,-1.3319178750306135,202.6116525557724,131.21493140381392,500.0,-0.8187175971959073,159.66851600963975,86.52516376540282,500.0,-0.9404315188180983
T2_S16_XGBoost,16.69885301076873,6.6567628232257565,88.03608103725657,0.98099916533112,0.06938377767801285,20.557069618029022,12.504895526450127,106.67085986260956,0.9731676502331701,26.10842365171694,14.234924172775614,203.6626672179259,0.9698006403846076,17.095401699976378,6.225191517422597,99.73497314527306,0.9777557195057447
T2_S16_LSTM,74.22190329986324,41.99285450620514,500.0,0.6246265351465863,31.9375,18.608199510300988,11.571207682291666,201.346870288451,0.9780140619132559,38.302691453747535,21.33624267578125,230.1360484630124,0.9350027450398082,26.740686315850873,12.24195789155506,408.41512382045767,0.9455741974758571
T5_S39_SARIMA,91.40473311033881,46.03368469386044,500.0,-1.449939435024429,0.05022720384732665,86.3308825965438,31.129887233122957,500.0,0.0,115.10368217912068,68.24393867787676,500.0,-2.4089230409164832,91.84348740959817,44.35073183198238,500.0,-1.0294760628426536
T5_S39_XGBoost,11.86296425685042,3.612313365449563,36.818302898088206,0.9587328551645964,0.02708890475332737,0.0649077018438897,0.03805320174433291,3.805320174433291,0.0,7.760286478096554,2.428904911994727,27.40926559383372,0.9845049040194587,11.184097176670251,3.5500076988384883,45.86007635243488,0.9699053660649409
T5_S39_LSTM,35.816986270244094,13.416115208675986,331.28215640280445,0.6238196905538851,5.60546875,4.078172135354735,2.3829345703125,238.29345703125,0.0,12.021801775107816,5.355129665798611,192.66351551978974,0.9628141350034034,12.244198870634975,6.255490984235491,256.38014488047355,0.9639298497990642
T4_S0_SARIMA,5.997594688838665,3.3664921470895393,190.32297913009094,-0.5713277370312211,1.369771949468336,2.053608038716186,0.6800143750065167,25.652516183829242,-0.03280962694197731,4.519102394565034,2.3106178820625325,216.9454811006458,-13.41573161357419,6.2772285811724995,3.6290830590907976,184.0660174717134,-0.44459115547322403
T4_S0_XGBoost,1.6986501160505196,0.6046863908915108,12.122093384007847,0.8739565109592785,0.004086311906576157,1.091196897181618,0.3924045468544743,15.487944980703453,0.7083973873260105,0.6309601444939004,0.13856270822968023,5.9387675880533655,0.7189806795719313,1.7985264770564924,0.67897135187966,13.66667397404146,0.8814114562719346
T4_S0_LSTM,3.832859356604487,2.0005992542613638,93.41399059168606,0.3582611713837748,1.28515625,1.2823230429166967,0.91595458984375,69.72329496133206,0.5973014563930278,1.0863499746175604,0.8379787868923612,76.5071573482218,0.16694851716359427,2.754115056370608,1.5240216936383928,74.33281448083679,0.7219177789522214
T4_S7_SARIMA,49.05877451836161,23.775095055450695,500.0,-0.7329211839288019,1.1857256003283825,9.17651775212707,3.0086557362100894,59.68371196941059,-0.1129129100736408,38.09561124436254,14.498970556523087,500.0,-53.63189353128665,52.04531788344849,26.294038390335043,500.0,-0.627522858181772
T4_S7_XGBoost,11.103927440002996,3.779633505675389,57.25734253775566,0.9112233709578853,0.022375423461198807,5.843490618448571,2.491102222877089,143.4543476147649,0.5487158666877369,3.383593042047172,0.9298822863945841,57.76960374847708,0.5690244750542723,12.472155316263375,4.922629476244938,76.96903119791975,0.9065354785002131
T4_S7_LSTM,28.656477299317874,15.168332040595097,500.0,0.408722947639519,11.578125,4.714982294903628,3.3057454427083335,271.6256589811992,0.7061907296018471,5.9283591977215595,4.076822916666667,388.03266323678855,-0.3230168639909343,19.019433723458356,8.925627208891369,305.1089741993838,0.7826503573507763
T5_S80_SARIMA,121.69207621702814,55.9113580457094,500.0,-1.5097366218324364,0.16825950122353067,32.816649795164544,12.138388390251203,500.0,0.0,139.46053460406134,76.38079966280809,500.0,-7.671191073771423,111.45250386671778,48.99695526907094,500.0,-1.5811820543659185
T5_S80_XGBoost,18.512399772795007,4.929052214494697,37.58855321860952,0.9419196818248757,0.03401027247309685,0.09652449484051516,0.05174576072022319,5.174576072022319,0.0,30.319687053108293,7.668914373860591,21.813115384479175,0.5901494392616046,22.829575692377944,6.164401978415082,56.082739026752684,0.8916984537295484
T5_S80_LSTM,57.68715450141362,19.5527892774372,332.51621464447726,0.43602249619620037,0.0,6.036837847850365,2.1082967122395835,210.82967122395834,0.0,32.58064405189137,14.754007975260416,437.72326096676346,0.5267447557668075,31.598348878712976,14.684323265438987,486.5799207425768,0.7925240521468149
T4_S88_SARIMA,81.12609106664661,35.912141009546914,500.0,-0.7824930973608051,1.3200329267578819,22.369035137665016,6.150420099497356,26.20336375310513,-0.08062760891861598,60.500291538734,20.759208241895166,500.0,-21.561497581174827,87.60708557258843,40.476329018124275,500.0,-0.6915276952458027
T4_S88_XGBoost,9.713764533146012,3.530791113150872,60.160352364008276,0.9744446461451031,0.010946866124868393,8.351591859631599,2.6055275898737214,96.58804160393015,0.8493670156995321,4.822942330322102,0.9026254727699173,35.60764148251108,0.8566237798739396,10.822451321745548,4.096443557227585,49.949189071588215,0.9741862006939876
T4_S88_LSTM,43.70900495223223,22.300993850927032,500.0,0.4825735863077859,16.5234375,6.693249677344112,4.150187174479167,343.3455908329296,0.9032489677736508,8.79801320037256,5.715718587239583,500.0,0.5228859482658166,18.545433945644216,9.598705473400297,427.4149510726154,0.9241990503139336
T0_S14_SARIMA,238.88608900088357,167.2971408592699,500.0,-1.0920350625144843,74.25062089788366,357.1602499134384,284.8417927862019,500.0,-1.5596247239504168,251.03753308644536,179.1337811254866,500.0,-0.657926904279506,238.7708898371656,167.11700762239516,500.0,-1.3177238914515548
T0_S14_XGBoost,20.12876446561396,7.098795804547137,24.903175874769722,0.9851467505599104,0.027636772021651268,22.124984706134256,12.212369148425447,39.30989728176108,0.9901776361328548,18.896227067279494,8.956992210484007,51.52686427260244,0.9906062659568342,16.310645486400258,5.62042720146322,29.333276242537693,0.989184633561393
T0_S14_LSTM,113.41788565011979,34.487886711741176,227.52370732189578,0.5284254791838776,0.0,29.619020384357782,17.583089192708332,97.37429997738282,0.982396807373825,22.837755856249142,13.52197265625,316.746506796031,0.9862787109265168,22.81540118069216,11.35914321172805,389.69335567295434,0.9788380754748398
T1_S9_SARIMA,151.62194292956747,74.3912649680714,500.0,-1.0765683808010085,1.1848437762895583e-07,91.32565357062815,31.04166667823058,12.444203389856662,-0.1306238999101148,52.72689067292067,10.34722225436035,4.148070624967785,-0.04005335011530997,169.94191092007617,88.05337283575034,500.0,-0.7855784867022924
T1_S9_XGBoost,17.614233172253385,5.738656660317973,78.45377214614089,0.9719747429894302,0.021667251363396645,9.41986836148683,3.369762891360248,239.58974758943853,0.9879712014598391,5.445765594940708,1.1984926400343991,87.38708348791116,0.9889054630271502,24.474545605728505,8.906175282969517,88.47433985374981,0.9629654369642621
T1_S9_LSTM,69.28037726644772,21.220414595170453,242.4864580362711,0.5664465866395241,0.0,7.940994255761112,4.0367431640625,233.59444502725134,0.9914516489741925,6.230028887521523,3.0934244791666665,252.6491574570004,0.9854798395653704,22.036646878428872,10.612522670200892,426.26856714418363,0.9699759707234052
T0_S6_SARIMA,113.35056273958214,89.19351796809994,500.0,-1.691529010659393,60.04364655743494,170.92183591762804,137.25036102685212,500.0,-1.9925125610048902,119.50292075938596,93.12711699697104,500.0,-0.8440204949051942,114.62429403325923,90.20340325275151,500.0,-1.7970353920778028
T0_S6_XGBoost,10.030918494278472,3.6489852456015015,28.47563870715839,0.9789218200794997,0.008553221821784973,12.191952135133091,6.245369774910311,28.40123593245871,0.9847739454321701,11.512057501922278,5.252784251054335,33.99781270723465,0.9828874549646123,9.46445888801455,3.325122581972253,23.10412588074467,0.9809306367305843
T0_S6_LSTM,47.13431141421945,16.912300657427483,153.6490486322503,0.5346003655908883,0.0,36.62266697901114,20.615071614583332,157.47873611577313,0.8626145250123642,30.759316733220075,16.733912150065105,277.9133401201919,0.8778307038220792,21.12799240573898,9.20316641671317,220.19562299005125,0.9049699236598774
T2_S45_SARIMA,32.75129508062255,18.479002143562695,500.0,-0.8724641831957363,0.08508590428468171,30.21727257364518,17.409650308283773,500.0,-0.48973946671903734,36.41315972189688,23.469849329408678,326.3310722231854,-0.7260228931475778,32.04023127168335,17.682521792048096,500.0,-1.176057041176493
T2_S45_XGBoost,5.175372774466062,2.152292716276217,28.03757009319407,0.9532437322410614,0.02040576934814453,7.128556913260114,3.878363667114172,19.044777351135327,0.9170907394611388,7.607133038768883,4.509156785096922,52.029805840014376,0.9246693278369171,4.984731609032303,1.9985750499458628,28.906416707581528,0.9473300931397827
T2_S45_LSTM,15.989656373145667,10.074062219647129,474.26360481996176,0.5536918427697858,9.65234375,9.936741494075438,6.534505208333333,118.92993757781053,0.8389028777116228,10.06316260873757,6.692925347222222,130.94433371959485,0.8681746902940504,6.92805179712379,3.6724330357142856,136.52264599887397,0.8982577722078543
T3_S14_SARIMA,150.6514644384028,92.51408072256403,500.0,-1.9407980409250434,39.359576261644776,11.458366933365653,7.045293784000708,500.0,0.0,148.81053270956934,84.4602969218282,500.0,-754.8233583607577,144.12510768087887,80.90512834648878,500.0,-1.6046873905963657
T3_S14_XGBoost,20.874302356153283,6.023611096191525,74.0244976976017,0.943539798395865,0.01201801560819149,0.5859390377440082,0.21821616558978954,21.821616558978953,0.0,2.4317369427011095,0.730690837604925,38.44266455266559,0.7981697993781425,19.076776123875305,5.8582627814972685,101.05543926537915,0.9543662368314333
T3_S14_LSTM,94.59279141608724,64.57734264026989,500.0,-0.15940339633486333,27.390625,6.557797181932084,2.7477620442708335,274.77620442708337,0.0,17.01587737337744,8.700018988715279,500.0,-8.88238253642044,21.021517925737193,10.276666550409226,500.0,0.9445879186760637
T3_S60_SARIMA,49.90095349897325,32.25158256783218,500.0,-1.322214391829506,15.783952009667363,13.414899694859642,7.151012738212285,500.0,0.0,41.37102509110234,27.447489831290923,500.0,-19.262245381626652,47.08735582818439,28.61790575621746,500.0,-1.1960247633628054
T3_S60_XGBoost,7.687290914594087,2.724895028498817,41.750612667893414,0.9448898926149067,0.025093648582696915,0.11776972460815496,0.04181110401016971,4.181110401016971,0.0,3.5763880865542057,0.9154863886716258,27.42924052629921,0.8485796361012725,7.340052551721917,2.664963764615268,53.61635771305263,0.9466386307887986
T3_S60_LSTM,39.61753643624418,26.36014100581265,500.0,-0.4637252208080995,4.0263671875,1.2147821592723118,0.7695109049479166,76.95109049479166,0.0,5.052572849570378,1.7471754286024306,87.785199272267,0.6977821062064689,8.897279487471238,3.286404564267113,80.24681716277131,0.9215951203717392
T5_S13_SARIMA,104.34360936612957,52.90161407991438,500.0,-1.4887227488617056,0.018477174884333543,95.88607666901322,35.648576759177615,500.0,0.0,131.68232862333682,79.57275073732156,500.0,-2.440628431853908,102.84695203850468,50.37862253360661,500.0,-1.1139589536071934
T5_S13_XGBoost,10.010615155581561,3.541237455034633,34.184542917144626,0.9770930990205482,0.014553440734744072,0.041265893128125224,0.021852468528474372,2.1852468528474374,0.0,5.522988721514716,1.9841712827069893,20.676254595454246,0.9939475516656134,7.386367887130538,2.9693859443345683,50.225217856947225,0.9890962579648389
T5_S13_LSTM,42.045035946240695,14.765228709535736,349.15917898908083,0.5959135729780789,5.609375,4.832963024606843,2.8598836263020835,285.98836263020837,0.0,9.512133232599197,4.987286037868923,232.28492016963128,0.982046934001436,10.7221622071856,5.993651617140997,294.29970901791955,0.9770237871699516
T2_S59_SARIMA,221.68717669725262,119.86457080444858,500.0,-0.7889868963213429,0.024953328022671653,267.65213402797434,178.16279016780163,500.0,-1.4631632461782083,271.2952659137461,172.36042915500457,500.0,-0.8012749094829879,212.08331859874514,112.39021815991795,500.0,-0.9388659251802602
T2_S59_XGBoost,29.15671288434253,10.313557415023464,89.44431353259735,0.9690540987691695,0.0038066324777901173,19.67247948261311,11.32869416877899,39.465620681030835,0.9866933119163618,38.000299443933535,20.058587582361522,287.9543355123858,0.9646597508814815,24.878646087078362,8.655370860866416,129.2923334907416,0.9733198515700865
T2_S59_LSTM,106.28753248341357,57.95403789903558,500.0,0.5887644374355212,50.078125,22.76583711332893,13.741068522135416,186.64191758416914,0.9821795353663684,60.880516387334566,33.0811767578125,238.05793791221004,0.9092906147418159,41.8091162435265,18.420250302269345,500.0,0.9246511319468296
T0_S57_SARIMA,154.12390622467134,129.10725276183405,500.0,-2.359658789681693,100.26568730057411,205.8896107415499,170.2569896360878,500.0,-1.8965998447494985,147.9051889213433,124.23109523637338,500.0,-0.9605666583442161,156.81874766709726,130.5545616917691,500.0,-2.5315591313891193
T0_S57_XGBoost,11.008986349266399,3.9654859793517274,24.343257415947637,0.9828584605081316,0.009645511396229267,13.642288481979907,7.317431544885039,22.634575248465463,0.9872827240252442,11.601525029964359,5.4012883389336315,26.84269824829808,0.9879372881306303,10.100283350691667,3.683245788536234,22.13505211722827,0.9853499996594948
T0_S57_LSTM,56.45544411637588,17.218618584591805,90.88043488739397,0.5492177431171643,0.0,24.272640362924808,11.664876302083334,27.94600003232446,0.959741862356549,18.726878918136393,8.73745388454861,109.64385059878201,0.9685699120237797,16.36588806512346,6.629079182942708,149.95711133370875,0.9615364227536596
T5_S38_SARIMA,138.57215433700873,70.19557550954912,500.0,-1.3561373856199608,0.00018964586399764313,88.9684204240005,33.27717168978848,500.0,0.0,169.00544082331504,103.65721179616588,500.0,-2.9292816647440127,133.37768337566442,65.01538400971886,500.0,-1.1481158413488042
T5_S38_XGBoost,13.8142387612103,4.573801483820821,61.822694628908124,0.9765845456805954,0.0559619665145874,0.08570873095007586,0.07169246052702268,7.169246052702268,0.0,11.715809065508333,3.983188177846993,47.6745757358346,0.9811176362357008,11.070088583685383,4.0582430728134655,57.757012891301954,0.9852023227661306
T5_S38_LSTM,59.32342436283793,17.399241762298146,218.6639229021265,0.568181646658732,0.0,3.5894732978552284,1.4046478271484375,140.46478271484375,0.0,11.163943370613648,5.398079766167535,269.78679988798734,0.9828546229977838,15.758663849470276,7.3321482340494795,338.8419685842644,0.9700131987487439
T2_S64_SARIMA,57.09860893859623,30.97288110878978,500.0,-0.7253554267684066,0.0038616146279272802,67.9987335129213,45.337947271216855,500.0,-1.2782639995142069,72.63776844586,46.82107954765335,497.89718688726924,-0.7690149428456476,55.18149908524318,29.100349393142057,500.0,-0.795904511795883
T2_S64_XGBoost,8.16224097518512,3.2352659117550764,18.526778942688253,0.9647429198335774,0.03511325269937515,6.605099699656756,4.034261362122682,43.044841086268256,0.978503826711868,10.199599230802528,5.311793606521355,27.541387835291786,0.9651203009151341,6.679080087538254,2.3236827219093574,16.523426698002723,0.9736894725509376
T2_S64_LSTM,27.625413242896144,8.98154788952695,35.87306458773094,0.5961267540046205,0.0,6.826810263751088,3.997161865234375,64.78778681662376,0.9770365008957967,11.775811264121428,6.345038519965278,49.54324100770062,0.9535069339440728,7.747897402662753,2.987143016996838,48.016896990186424,0.9645950508652069
T2_S0_SARIMA,243.02802052054838,133.35832748173604,500.0,-0.7320174192640831,0.0012634388835092835,297.5378541196565,201.66173002444393,500.0,-0.9593351917935891,299.23394317924095,196.67891224286575,500.0,-0.7655510765217892,232.146466865392,124.76147545772103,500.0,-0.8451920760855067
T2_S0_XGBoost,25.598388674345607,9.336691171711236,38.62847914173446,0.9807839192871629,0.0033755144104361534,33.23703637561677,16.51117849194755,90.08219152251567,0.9755505625654912,30.212828934007657,16.12743043151891,77.78763489133202,0.9820012908814232,19.7911330254358,7.054101943334986,47.572162221830425,0.9865890748052902
T2_S0_LSTM,117.57855560872046,43.97357907819976,500.0,0.5945887481479409,19.1953125,36.86868744762597,19.817642211914062,327.1393333422297,0.9699157188067593,38.559001278361535,21.174647013346355,274.2224776757924,0.9706836344597959,25.69041164792055,10.786167689732142,288.6558159765673,0.977402543937725
T4_S71_SARIMA,49.50949725501985,21.81523750107663,500.0,-0.710919721237542,2.269266612774688,10.558584451725979,3.138939873686143,32.82856201732163,-0.09359175802646913,30.602998022445068,10.075037102031704,500.0,-25.147498864135688,55.47856007379144,24.852747231504438,500.0,-0.6218381111488993
T4_S71_XGBoost,8.035305328150693,2.6173657265927086,41.443393483008435,0.9549331329979915,0.017833754420280457,5.262457411198315,2.463149771404763,131.72401762534435,0.7283429245952177,3.045788486938191,0.8874978829796115,50.552801792917165,0.7409988539514722,9.539374754260654,3.2896682888136377,43.35917403841188,0.9520490781155988
T4_S71_LSTM,27.35602011560463,8.011762555136064,79.20689462562949,0.4776538133455258,0.26708984375,3.7489932882036183,1.8130544026692708,116.53510560380651,0.862128926092107,3.1668139862169293,1.6409352620442708,142.50341465005354,0.7200069102699669,8.861519190218647,3.7455240885416665,89.84365179650692,0.9586216179639487
T3_S7_SARIMA,158.31666212371763,87.48002556480841,500.0,-1.135745088541079,17.86950854190998,34.207903713170765,15.061442763282324,500.0,0.0,145.13872808483922,84.2083178730687,500.0,-43.69406400704288,150.47079319642884,78.68695572119904,500.0,-1.0206859761637261
T3_S7_XGBoost,17.823185462508683,5.815001340369075,81.05324321253359,0.9729313361318307,0.029446865431964397,0.28920617474743443,0.14718782374014458,14.718782374014458,0.0,6.684788883476855,1.6006835265499022,45.96544041263251,0.9051890249168579,16.32283498530563,5.5594871222884175,102.1972617102262,0.9762214380096416
T3_S7_LSTM,159.68085160568162,103.1568206349058,500.0,-1.1727104185620423,11.484375,3.5384541534987712,1.9998982747395833,199.98982747395831,0.0,6.950709946777494,3.8118523491753473,304.9089451431687,0.8974958254995741,22.898739829468923,8.420635405040922,211.36120116543603,0.9532030474661263
T4_S100_SARIMA,75.08418332291778,33.819868299842334,500.0,-0.7391283208226656,3.268899146348412,35.38100798948902,9.942460595377703,30.188505446825037,-0.08480312809478963,51.24015746032048,18.288799627541966,500.0,-5.473306130850843,83.68622798917686,38.68444833803166,500.0,-0.6174562498151837
T4_S100_XGBoost,11.405200051259573,4.321587459239374,99.94488574734532,0.9598726463615728,0.03401883319020271,9.85369850779937,4.057662589165072,160.68470120169624,0.9158587294215976,5.7178279913884245,1.4711065152401313,65.41679895240947,0.9193939931122339,13.350980100267568,5.53070843034047,118.3432803167253,0.9588328451441077
T4_S100_LSTM,40.125571887180655,14.226359828237142,349.89042896354044,0.5033194251803212,4.8984375,11.54925474560243,6.180460611979167,348.13946467573925,0.8844104834619411,9.742851448326682,5.278001573350695,437.831291827677,0.7659668402821569,14.550123893845647,7.1081121535528276,260.55970924555663,0.9511057331332889
T0_S45_SARIMA,41.27371570327289,23.14783018586738,500.0,-0.86672910873186,5.971428998939241,60.309144350274245,39.843146432197074,500.0,-0.6628434435822383,48.37088866145004,27.088653306466767,500.0,-0.4545928292702017,43.02306071977728,23.580532891554586,500.0,-0.8954519262479992
T0_S45_XGBoost,5.3233855621918815,1.8237302230969605,17.557852181711965,0.9689465392091832,0.006597301922738552,9.044479135991832,3.3576571417118735,12.613377423833041,0.9626016750191748,7.215049511863235,2.750195166341857,19.08506338760988,0.9676367639262959,5.105996989231431,1.5307240526488473,12.691113933155979,0.9733024581552053
T0_S45_LSTM,21.59027149910288,8.905679073059957,165.6517217481452,0.48920060971062995,3.3203125,26.17210142484858,13.921544392903646,75.88563288664191,0.6868429321887103,20.613902322749006,9.682768079969618,107.47770035856254,0.735823770406971,16.337035649994537,6.217532929920015,82.16617350911639,0.7266892709678896
T2_S25_SARIMA,47.81310573076524,25.8107836919707,500.0,-0.6898624074179698,0.057632813841584696,58.898203148156085,38.863978449641216,500.0,-1.1080682598402953,61.41779822656613,38.886657686155935,500.0,-0.7245945021769351,46.75828625071155,24.62893300819792,500.0,-0.7641608423596953
T2_S25_XGBoost,8.064512472523695,3.192419841190417,33.19068205269558,0.9519256222514575,0.020840037614107132,10.29150230349089,5.988486930727959,87.0152923781054,0.9356367257378515,11.955310389559136,6.788998859908639,75.87400637912052,0.9346538173130847,7.829482006696662,2.975846089489226,39.14494625817543,0.9505362466129853
T2_S25_LSTM,23.349625668834683,12.441436037492524,500.0,0.5969886467244929,9.69921875,11.407975384668749,6.06231689453125,41.46531452875622,0.9209143426270138,15.716404173128092,8.672227647569445,76.84659075942493,0.8870711544615292,10.564097012899326,4.330079578218006,94.27531182286366,0.9099495745414146
T0_S16_SARIMA,175.84851750403928,148.39034855345813,500.0,-2.1008500474197116,113.20992794866996,239.43674583196432,202.6013542755821,500.0,-1.9178769662656254,172.8845863159711,147.8913869916712,500.0,-0.8926531083386586,179.2905375105095,150.7383561684781,500.0,-2.2718052373896915
T0_S16_XGBoost,13.535242557198362,4.910901080607548,37.643763132645326,0.9816288887111189,0.05706787109375,13.577889603745826,7.555350836424623,42.92721003818637,0.9906168227684945,10.320111326172064,4.850852790333899,37.281067550857976,0.9932558497597568,12.045979016440741,4.176300525648652,34.18060593689214,0.9852308021144367
T0_S16_LSTM,67.9318052014862,22.061042749140253,169.47679056505942,0.5372465626819976,0.0,31.22048128805139,18.2708740234375,127.38784225160131,0.9503905330705618,26.17614682946462,15.15020751953125,282.81252967316544,0.9566119723400776,19.952502880920964,9.610187348865328,257.8264776894099,0.959480183568806
T4_S114_SARIMA,50.212432730099465,20.409833303086433,500.0,-0.7027596850619413,0.04576457052916151,12.524352221441907,3.255113333932219,8.544116685508364,-0.07239013405545736,36.16635236350465,10.907694347546519,500.0,-24.594880586015716,53.37231164626098,22.983530690102004,500.0,-0.6063232196049106
T4_S114_XGBoost,9.556916269173549,2.841378188078207,34.8454180728015,0.9383168710874642,0.016373205929994583,3.005245996887059,1.2059229295700788,83.21752866260549,0.9382549254968419,1.750669605792298,0.48405797303550774,35.94754253874998,0.9400275110905185,10.43718132069515,3.0236498813721395,33.27209669136262,0.9385718597191446
T4_S114_LSTM,28.37264762497867,9.911810039903559,304.4146543686145,0.4563360176009228,4.857421875,3.8357541081886732,1.9215799967447917,104.34072852166776,0.8994125538004071,2.9375415860283396,1.630708482530382,133.7984245354344,0.8311458510627792,11.377759943676676,4.399177914574032,115.44076913237842,0.9270014147053349
T2_S10_SARIMA,103.0194956889014,55.89077660977334,500.0,-0.7800433113947212,0.0003164359998276813,125.16518285032888,84.791123317065,500.0,-1.2684593637522723,125.61689398828051,81.06926945574965,500.0,-0.7908502509451307,97.10901941263735,51.36116569365365,500.0,-0.8817954235893197
T2_S10_XGBoost,9.731411921590247,3.8072162532207496,33.107119164721425,0.9841166011048188,0.03669731318950653,9.913209920488775,5.179659790048997,60.87061962551916,0.9857704052033068,10.298372854106379,5.878633820607017,44.65855964201587,0.9879634951978743,6.746951990270536,2.598914682687748,27.089401517909472,0.9909161802021783
T2_S10_LSTM,48.5385645760212,17.56563235926286,375.5694959052755,0.6048467227548026,8.52734375,10.444705604549174,6.113016764322917,99.27186712922122,0.9842036650360642,13.532065922241385,8.120412190755209,92.47328498323412,0.9792178066932193,9.075055342389723,4.187250046502976,110.33874718217473,0.9835656763727946
T3_S66_SARIMA,110.59324752345081,61.48715815102691,500.0,-1.173225862640296,11.47337423033695,36.651690802113094,14.750407328939124,500.0,0.0,104.13295749856503,60.131705608588646,500.0,-28.69853766869575,108.63577722962044,56.47216540838805,500.0,-0.9800189562581945
T3_S66_XGBoost,12.143976892210416,4.2214302758387685,72.2633877551565,0.973795884389138,0.06692928075790405,0.07928192010162292,0.05447793076746166,5.447793076746166,0.0,3.991879593352679,0.9859340039288832,30.3549419338983,0.9563571075478442,13.609890881050333,4.5727740601370375,83.03928480676953,0.9689234440069043
T3_S66_LSTM,130.52086492905525,83.14437647185257,500.0,-2.026965901380677,14.2578125,6.4267672523858534,3.301060994466146,330.1060994466146,0.0,9.665050094860893,5.13973151312934,425.1956509879573,0.7441609238265136,13.05481657108934,5.934767223539806,261.67249960861113,0.9714066431366826
T5_S45_SARIMA,189.349189557305,95.41780022719328,500.0,-1.4644627936192687,0.0839066218075281,206.45802331998473,83.23822785115557,500.0,0.0,229.2698584856505,137.5156118761434,500.0,-3.007246153564659,181.15239284803704,88.40190001424264,500.0,-1.2499627959823623
T5_S45_XGBoost,27.00051755210565,7.448765480700373,55.570333218908374,0.9498882531074435,0.08189835399389267,0.3053234351784585,0.1631412816544374,16.31412816544374,0.0,43.05111120230423,11.372474720184174,41.89899883480579,0.8587069415259424,29.412721897074512,7.744122353773231,68.644809191488,0.9406859443715176
T5_S45_LSTM,84.73860941186388,32.795413660660884,500.0,0.5064194582609067,13.4765625,9.345188453291973,5.574422200520833,500.0,0.0,55.44118884975649,20.359598795572918,454.15146085686365,0.7656757887567398,51.90544898155546,20.277933756510418,500.0,0.8152803525718179
T3_S77_SARIMA,112.22969267794747,67.28064692483595,500.0,-0.9649949938968345,27.174208976115814,27.349065680059944,12.208625820826484,500.0,0.0,88.64118880971714,53.98210256856757,500.0,-15.571487837291834,122.17653610595168,65.63279817580865,500.0,-0.6664482222419013
T3_S77_XGBoost,30.11607810355257,8.465039844081055,86.94579635141544,0.8585044666604779,0.03969873487949371,0.27390881262010247,0.11278018650288384,11.278018650288384,0.0,7.8105196798096905,2.0088746868487863,47.512522362733,0.8713380229716964,43.528145340036865,13.809658844434168,103.24499346630584,0.7884775177878589
T3_S77_LSTM,125.3701744525285,83.24244711843974,500.0,-1.452078454132303,20.5625,7.988574217613715,4.2139027913411455,421.39027913411456,0.0,13.409330865553857,7.22403801812066,500.0,0.6207683530548453,39.89377356463832,15.870069957914806,353.97361391802946,0.8223249505965174
T2_S47_SARIMA,119.03279921091303,63.145866920842764,500.0,-1.1942539831952232,0.00010773758186230244,163.041459417674,110.29132289525687,500.0,-1.3367566332899359,156.62952779818372,98.7221705843073,500.0,-0.768587129044642,123.90096781241436,63.550528032149295,500.0,-1.0025260479310383
T2_S47_XGBoost,16.89061386304351,6.114126410651685,35.14081708801707,0.9558180917760104,0.03415199741721153,10.763809678394539,6.896247384293626,130.6959592512936,0.98981527290932,12.453192536121318,7.256437825789261,58.097813158236214,0.9888200312867558,8.154351015011095,3.1654492657897726,30.453796827253033,0.9913262364083555
T2_S47_LSTM,48.8547520730578,18.414107911324386,177.31444233358758,0.6303699855073985,0.0,15.666903934897167,10.842814127604166,289.91686753178107,0.9784233639111947,24.983328704698934,15.619336446126303,229.02093488906448,0.9550033909177481,17.06107677473676,8.430448622930617,271.79655812581933,0.9620299078608405
T3_S18_SARIMA,129.48398087736513,68.78652442705378,500.0,-1.354048852106592,9.543811407667231,27.7422064704887,10.840205227921173,500.0,0.0,128.62425974118378,71.27649521135163,500.0,-51.77464667564706,121.59747946203859,60.85088417524209,500.0,-1.2447124646336536
T3_S18_XGBoost,15.207618316208793,5.009471702266041,79.70806193883536,0.967528242627108,0.056205809116363525,0.23924340592648324,0.12782290647737682,12.782290647737682,0.0,6.238553345996852,1.6563573481722011,80.81105582991248,0.8758498227461364,18.221019175045903,5.815889043168032,112.56729096743194,0.9495969400617327
T3_S18_LSTM,129.92571733719146,82.8963564640027,500.0,-1.3701379924541954,7.984375,1.3259447059582385,0.7658894856770834,76.58894856770834,0.0,5.291137499426733,2.30718994140625,159.3694942120235,0.9106946138007277,18.10015076781166,5.674055553617931,128.98574733697092,0.9502634155799001
T0_S43_SARIMA,170.6444797099488,112.16107011163952,500.0,-1.1204476849845353,41.54571284734025,251.1027038580495,197.23201035863977,500.0,-1.0849687470453824,179.41987968998438,120.21135108559065,500.0,-0.4829857109380673,175.54415669013025,114.08823341493488,500.0,-1.2242476604601435
T0_S43_XGBoost,16.30373041599859,5.291936958647605,33.05675213278727,0.9806439361411029,0.05517307668924332,8.856855262615468,4.45695431328689,18.844074689617194,0.9974060842499141,10.074234944038801,4.7439401973452835,35.13768843006469,0.9953245868487439,11.632054224862996,4.088286244953495,28.55023000779407,0.990233853763352
T0_S43_LSTM,78.71804080270913,26.433382755261288,243.75575431493718,0.5487765850796462,3.248046875,34.689521506117735,19.156575520833332,89.92116719366278,0.9602082178908049,30.589019195312424,15.666205512152779,151.43030651831094,0.9568950695935585,26.89775072988729,11.683452787853422,263.41098888438574,0.9477793448644576
T2_S51_SARIMA,205.2417226977562,113.30638768011742,500.0,-0.7360889951264522,0.005475019145191173,241.05066231633793,162.50076265530961,500.0,-0.8252789101295679,249.69834191139483,163.87887599470216,500.0,-0.72916498251328,199.84000172109134,107.81471682689971,500.0,-0.9155173333405764
T2_S51_XGBoost,23.588222784757836,8.804011673374106,55.17281759183966,0.9770685707713125,0.014267988502979279,24.51762904549679,12.060317070921883,69.84089587412132,0.9811170641681052,27.759089990676813,14.688566115219146,139.71690906094497,0.978629456633904,18.174343980611084,6.350142709604587,65.38296990575738,0.9841569525176604
T2_S51_LSTM,100.2881417583595,39.37318442312724,500.0,0.5854853823732276,21.2578125,28.128665863183866,17.268961588541668,334.9534326181979,0.9751451671997592,24.696684010042166,15.008341471354166,253.8055392035281,0.9830845948162887,16.826526847937124,8.295569283621651,295.1160963913558,0.9864196737863825
T1_S48_SARIMA,81.98005744541801,40.66319576601295,500.0,-1.4348020147572838,5.845555795829554e-07,51.082857532259005,16.958333399711993,12.38971575840021,-0.12385907286365305,29.492701547225042,5.652777961249266,4.129921387326916,-0.03813726056236555,89.38921905394689,46.954270515900944,500.0,-1.1274446772023263
T1_S48_XGBoost,11.245759949859428,3.8332507066845305,51.47054760460622,0.9541831915267089,0.005395303014665842,8.638604870928697,3.5087723276228644,83.54925082168761,0.9678597900769815,5.0009874074171865,1.2674349667181053,37.63416935827759,0.9701504911932052,10.256014577255382,3.7589464697299437,66.61118054724808,0.971994376364393
T1_S48_LSTM,38.306801700893814,12.332142515045604,92.26105799945036,0.4683828254784199,0.0,6.587584789372567,3.0127665201822915,101.2906111912627,0.9813098009990051,4.040158237989076,1.6320766872829862,96.54565511930981,0.9805184989046505,18.080553590418923,7.679472423735119,160.74165891600902,0.9129614922997092
T5_S35_SARIMA,130.1097266711788,69.62174450135227,500.0,-1.308985339772749,0.4310774492174738,88.92441167106588,35.40749345571357,500.0,0.0,157.65830391139224,100.8225234662946,500.0,-2.6510646099853954,126.1311497373488,65.66644108071841,500.0,-1.0770211339442204
T5_S35_XGBoost,13.705920762525576,4.932500341228704,85.3335732753343,0.97437770188493,0.17309294641017914,0.20239614237540915,0.12479214246074359,12.47921424607436,0.0,8.103833493150532,2.756004981864761,37.77442259772153,0.9903535651296244,12.482957079935622,4.950706692684132,115.05958574664017,0.9796562429346053
T5_S35_LSTM,58.828139064599306,18.29569459760018,187.3289046225477,0.5279675370995434,0.0,3.2933917514900433,2.1091715494791665,210.91715494791666,0.0,12.63350985986334,5.80914306640625,193.5889228001035,0.9765558837918316,19.893616733698465,9.144298735119047,332.68445507153797,0.9483317562390187
T3_S47_SARIMA,128.57400970419718,63.35658331304591,500.0,-1.1841896701849501,13.286222098443549,69.11089608999542,25.201415585349977,500.0,0.0,128.36361271840246,63.64638481384991,500.0,-13.446785957604714,126.5401283176115,58.07072717967437,500.0,-0.9981726813858232
T3_S47_XGBoost,16.624958525054673,5.070470544295698,114.82221455894259,0.9634821572745238,0.06267157569527626,0.06002191722762354,0.03190492310871681,3.1904923108716807,0.0,4.884461693386914,1.606717818416655,91.19465834928577,0.9790819695332895,18.229745362314603,5.655486021933722,172.54566997774546,0.9585296519045476
T3_S47_LSTM,181.3654294783684,122.9259091609973,500.0,-3.3460327044724973,40.578125,26.023821132301652,14.736348470052084,500.0,0.0,32.574652699915866,18.451517740885418,500.0,0.0696487114731511,38.107828719809916,19.369883219401043,500.0,0.8187805177922473
T2_S55_SARIMA,152.86569086427292,83.29211827589536,500.0,-0.7855036808207903,0.0019568541927497433,180.23364550435574,116.97343067289187,500.0,-1.6432370255801185,184.14193301610007,117.50507585788286,500.0,-0.8523988772323539,144.635172260756,76.69920964580318,500.0,-0.992681096486203
T2_S55_XGBoost,14.536698426854112,6.0251423042182894,55.87417999261035,0.9838537279885882,0.056158557534217834,11.115769452623157,6.246952315559611,142.41824346571923,0.9899458945394155,18.606289994375803,10.644067690177407,144.08290581709122,0.9810875111719359,12.184004506394798,4.639269401940207,69.50242739374234,0.9858593273566135
T2_S55_LSTM,72.49895025259484,37.759235290819376,500.0,0.5983903500921741,22.546875,13.905194111895659,7.654378255208333,125.22004507396774,0.9842667484395604,29.02238586583694,15.074820624457466,168.89503699302938,0.953985433240846,20.734068862043106,9.063639322916666,332.68377852621643,0.9590495159435428
T3_S80_SARIMA,136.1158525212705,82.14184485957944,500.0,-1.5884015120900838,28.234463193818552,18.562696545303098,9.955728537064635,500.0,0.0,130.66289454290302,77.81675658849667,500.0,-257.35548083774995,131.81333949851577,73.47947251799363,500.0,-1.315197926708779
T3_S80_XGBoost,16.23720707616903,4.947775534524595,83.82475373991639,0.963167017353285,0.027751030400395393,0.8301735348287902,0.3888407041473935,38.884070414739355,0.0,2.227738197343332,0.9049794747131981,60.52683845984031,0.9248997413826038,13.79398893954052,4.758858253248036,114.90856737637283,0.9746458447316961
T3_S80_LSTM,109.13521215433953,70.90950734991776,500.0,-0.6639643743282622,10.140625,2.2375799109975443,1.1228129069010417,112.28129069010417,0.0,7.597034461917249,3.5456475151909723,286.038948350932,0.12662386103051548,13.929461505434457,5.959538051060268,236.18870770988445,0.9741453862699714
T5_S43_SARIMA,113.56324601452836,57.135945005149395,500.0,-1.5457155274672068,0.03687669376000182,89.7175962780537,31.484396682590315,500.0,0.0,144.58995402033142,87.46792504585841,500.0,-2.6879662646638876,114.3576880479026,55.668755629703,500.0,-1.0465110806324849
T5_S43_XGBoost,17.059798570348498,5.771547080672671,49.0519946614019,0.942551052789346,0.0288542453199625,0.09462662119988506,0.05711497746718427,5.711497746718427,0.0,12.435936615764929,3.6807756708779684,20.971452158106494,0.9727185342347986,12.638101445431767,4.460042601185186,72.49637528916573,0.9750053510639455
T5_S43_LSTM,44.09850270704275,13.798496958171352,169.2566041922921,0.6161319520533559,0.0,2.3619239124927693,1.4112141927083333,141.12141927083331,0.0,12.100341015920199,5.267747667100695,198.10501858995673,0.9741710994356884,12.891147385329566,6.43329584030878,272.78973136504294,0.9739944217805228
T5_S5_SARIMA,95.84656208551942,49.76178285069871,500.0,-1.1570299179693175,0.03916122577538714,73.71485316836278,28.36071615920628,500.0,0.0,115.80262499416843,71.68903172349614,500.0,-2.2080653775064794,94.70591904088269,47.32181589492185,500.0,-0.893986487373392
T5_S5_XGBoost,10.114825496284602,3.4618109225999545,45.08668433661323,0.9759774072753347,0.036098700016736984,0.2706219447465684,0.08936205708111326,8.936205708111327,0.0,5.638904849157736,1.9064446661569592,23.53017200713553,0.9923933061924514,9.65222962234968,3.4159167021391026,62.60503453918132,0.9803266680233947
T5_S5_LSTM,42.70627952160135,13.598881041604367,199.2420787490464,0.5717606553662082,1.689453125,3.4482342044633842,2.1905924479166665,219.05924479166666,0.0,7.543644317855289,3.7402716742621527,166.41544174073294,0.9863865309371292,12.381229929228496,5.98748052687872,260.27125161458014,0.9676294403331975
T4_S60_SARIMA,28.85262631692299,11.869877805002991,439.4959685583722,-1.0333436301485728,2.0430671607148057,15.284229866483289,4.573399595150001,26.76193346532435,-0.09640116017032807,12.226925243048544,4.356557606437469,292.12975196052156,-0.9859931206411641,32.1953956699453,14.19403770753649,454.80160801690175,-0.9904841684814558
T4_S60_XGBoost,4.454973696690567,1.4642630230939533,34.47827918808369,0.951523599388049,0.008273135870695114,3.3398056505857037,1.0263352485684056,99.22460184130895,0.9476490272930806,1.9336655024854872,0.38474243657158996,37.33793598531513,0.950328654473364,3.9564556510635325,1.5300790693658026,40.367132008940374,0.9699403584072094
T4_S60_LSTM,14.544273230121265,3.8564937901839116,73.97819354293645,0.48331705445691664,0.0,6.357392302872594,2.8270111083984375,117.0919271063221,0.8103117679878816,4.545101237891418,1.980775621202257,142.87450087571847,0.7255707818145047,4.0738641811518415,2.036650884719122,98.84480921111285,0.9681298369016652
T3_S19_SARIMA,130.41748222789252,70.09307807731686,500.0,-1.7321589064207008,14.808995584414255,11.68721505245085,6.521778800412854,500.0,0.0,134.06997257239203,72.63611817023317,500.0,-654.7803614291665,124.28278055081836,63.17691753508808,500.0,-1.4820815046692304
T3_S19_XGBoost,21.01854504748241,5.989077488915175,62.72355105891722,0.9290357476963145,0.018169837072491646,0.017664576491580264,0.017541036941111088,1.7541036941111088,0.0,1.874940062374793,0.6068819098226312,43.85843439959693,0.8717462289841118,16.979016815450375,4.999594022985548,74.23069112560782,0.953674598376403
T3_S19_LSTM,91.02796498900571,61.36623225599955,500.0,-0.331018216041594,20.71875,4.9798009407265535,2.2135416666666665,221.35416666666666,0.0,12.432443636498572,6.60787116156684,500.0,-4.639081400445602,19.29828749594294,9.084017799014138,403.04305960661475,0.9401544778806843
T3_S53_SARIMA,105.1072007678835,58.661718264699836,500.0,-1.486875805578571,14.433929447773256,29.28366758178064,13.766793477668903,500.0,0.0,103.71182646960077,59.13105530946892,500.0,-37.407175777403396,96.67645087147402,51.71413370612453,500.0,-1.5180414965189875
T3_S53_XGBoost,14.408501747398157,4.673912268568668,61.42566364050034,0.9532666618014011,0.0814596563577652,1.3707266682399528,0.5190253518521786,51.90253518521786,0.0,2.911533751479565,1.0210514402327437,56.11925642561333,0.9697309029660615,11.961798412445239,4.054676526980031,62.337165188842484,0.9614508821484397
T3_S53_LSTM,88.51431198521693,58.41880382191051,500.0,-0.7636652299771718,12.8828125,2.157288246840027,1.1516393025716145,115.16393025716145,0.0,11.479075634915917,4.353860643174913,233.6764767989602,0.5294891502126235,15.184378797736901,6.416076296851749,180.12104067794527,0.9378822745830309
T3_S17_SARIMA,138.56792338528996,74.93721862434984,500.0,-1.1440599252796653,10.851044656665644,36.19895101944662,14.356556382868435,500.0,0.0,130.58449882139504,73.78363661705248,500.0,-33.47232749144526,137.85122128703,69.75905247298778,500.0,-0.9007796285015259
T3_S17_XGBoost,17.900223607933864,6.327964421178985,150.13967456898897,0.9642209821590291,0.03813751041889191,0.3162715070597953,0.15143567230552435,15.143567230552435,0.0,8.552023658682916,2.3836091462419264,155.9775870270058,0.8521487021724953,18.99401732584766,6.6902856508691215,154.31617793124715,0.963913547357715
T3_S17_LSTM,127.60473647336534,82.91665722422623,500.0,-0.8182143970101845,10.66015625,2.1114733590452546,1.3372904459635417,133.72904459635419,0.0,9.809385412184735,3.4799567328559027,228.6049878902491,0.8054770037100081,26.738780157458397,9.409197126116071,168.61897692211213,0.9284855646858838
T3_S9_SARIMA,62.288575208878214,33.75554014972685,500.0,-1.271551596066411,4.35091906970907,23.6235560049945,9.43037605495096,500.0,0.0,60.702418348764354,34.56206942715143,500.0,-22.912339591384768,59.78653243561701,30.634412781371687,500.0,-1.0846209907157398
T3_S9_XGBoost,7.470320578472998,2.549169100846641,39.60106760991401,0.9673273552484568,0.026615319773554802,0.2983002779440761,0.1235216405087461,12.35216405087461,0.0,1.7935682168520135,0.6520922025018889,32.679273680903925,0.979124067617515,7.253732726488076,2.5798378994389037,47.16217623706,0.9693137743473138
T3_S9_LSTM,72.60086729452095,46.258484762821475,500.0,-2.0859538692746806,7.9765625,4.144799133341832,2.2467549641927085,224.67549641927084,0.0,6.19451245268867,3.2740342881944446,243.50462222303383,0.7509856680756584,8.399566658592917,3.948390415736607,158.74011668910975,0.9588533826752265
T5_S68_SARIMA,46.4450537425525,23.396073668727198,500.0,-1.0887102495379422,0.0011290439765068109,46.32384286169343,19.137678840571947,500.0,0.0,55.55727016881477,32.02967488299341,500.0,-1.8560263581535397,46.65521769289276,22.380826936495932,500.0,-0.7819442811908781
T5_S68_XGBoost,7.527927935198743,2.7535446435948345,60.8743536160265,0.9451280790409224,0.051810938864946365,0.34180427566028254,0.14680820920815071,14.680820920815071,0.0,5.960891882877893,2.0013862625799246,20.083567053002447,0.9671221882786917,7.4719745347909985,3.122205098580924,81.44945610641425,0.9542949228882915
T5_S68_LSTM,22.085476325613566,13.968279240804426,500.0,0.5277055969760145,14.46875,3.865713600288459,2.3490397135416665,234.90397135416666,0.0,13.557402988054468,6.034600151909722,201.63731725487062,0.8299277624778507,15.691409661869349,8.532078334263392,326.8253117993848,0.7984338496228998
T4_S123_SARIMA,29.016106343335387,12.415928894645711,500.0,-0.7930804721883453,1.8648198537356064,17.172549626726294,4.725174145162291,25.349428107917294,-0.08054352351509486,17.185501805578145,6.193598919958003,470.30389652636313,-2.09078908923145,33.05621015851993,14.542347729877733,500.0,-0.598303380106878
T4_S123_XGBoost,4.743756559497385,1.5980473126454109,26.324442284796323,0.952074538915985,0.015281278640031815,5.992124709189013,2.3605350996367633,95.26833422572395,0.868436811216657,3.4721195535829175,0.8634788946559032,39.419497552939525,0.8738363409494351,4.948447587778823,1.9696201890197007,37.734453799014176,0.9641828483669356
T4_S123_LSTM,14.817673487103288,4.714607713325172,68.36082474011987,0.5323924079284823,0.0,8.70124061834179,3.2075398763020835,105.780029296875,0.7225817285109328,5.514352918049351,2.009950425889757,129.33705647786456,0.6817751797478595,7.277534776846662,3.2836752391996837,88.07186700119658,0.9225321193163242
T4_S37_SARIMA,11.691918580803357,5.506722728433927,288.4588408604574,-0.6848355838568816,0.7194818287623732,3.5659374303716995,0.8803768563351239,7.775679710069457,-0.064742552728555,8.520793276420525,3.0160662159415916,274.85261961967825,-16.490529821107522,13.551590953035086,6.380598948090267,276.69637827752996,-0.44667141269266697
T4_S37_XGBoost,2.4679590165718843,0.8344208988065567,16.5718626332674,0.9249307895118615,0.006111650262027979,1.0045001928949961,0.48108183940833743,30.470665517258805,0.91551157330789,0.5805958393226524,0.17178211294877757,11.299038487019443,0.9187935087846364,3.1165550819957715,1.1125474696382298,17.275636226126657,0.9234863455805763
T4_S37_LSTM,5.921474369901649,2.0509465413800836,46.434081759894944,0.5678389030743037,0.5205078125,1.3950866862863212,0.7776387532552084,49.86312301070602,0.8370330407533175,0.9398726304118769,0.55450439453125,46.15018868152006,0.7871954481953709,3.356384725034547,1.355650402250744,36.898262343713725,0.9112572662987773
T4_S73_SARIMA,22.921669752160554,10.596266871532697,500.0,-0.685759545958363,0.7338818381872381,7.770145133008292,2.364626839591754,38.274142182529154,-0.09693371300807985,17.65043050762019,6.510066342627677,500.0,-15.16450062344331,25.219312168504246,12.156538461778492,500.0,-0.5348685377098137
T4_S73_XGBoost,5.461646871556827,1.8406865920255442,35.620739738371185,0.9042915331357183,0.02406630478799343,2.465721450800581,1.072183704857404,88.60709084801513,0.8895387001478612,1.4458823426650855,0.4099319560918957,34.78943572994781,0.8915280131122876,6.767409246249691,2.5330059390800583,47.442854492566106,0.8894777825419828
T4_S73_LSTM,12.37885184538282,5.492219039697966,209.86159056967472,0.5083411558233316,3.376953125,3.819502075608228,2.0758870442708335,111.36149088541667,0.7349452305204075,2.5984124831677993,1.4627753363715277,114.20179578993054,0.6496776261770496,6.007089749207741,3.0698125930059526,102.12725843188888,0.9129170865996632
T2_S65_SARIMA,430.442641374034,234.16735475975156,500.0,-0.8017394448615014,0.0047451517876689955,552.1391829251525,378.97701371319687,500.0,-0.8688197245314095,532.3171881959241,346.8256569519979,500.0,-0.7251931745543563,417.67129715342094,221.53972595501676,500.0,-0.8640790256479911
T2_S65_XGBoost,29.88776045839261,11.107439163297473,42.85076187955642,0.991313433301481,0.028530443087220192,61.803568408796885,34.78675083647128,189.91624787673925,0.9765848267816819,51.872392523621414,27.335939830446378,98.79708194019663,0.9836179098571172,33.96272716344977,11.829202871245624,53.72161522265916,0.987674624186921
T2_S65_LSTM,195.79220135561116,75.39529170716209,500.0,0.6272203556312681,35.90625,87.11281421663277,45.856282552083336,496.11086923017507,0.9534805725559057,62.07813337308764,33.557467990451386,401.01149587816866,0.9765375126456631,41.87154774952274,17.585056849888392,492.19055506013774,0.9812658890994791
T5_S52_SARIMA,130.16211871812084,71.38937855539056,500.0,-1.2508619763195692,0.005041820623561538,79.15227626190368,35.60087104538773,500.0,0.0,155.06815868801388,101.47823811608698,500.0,-2.924574524643536,123.86391368355874,65.49768036231424,500.0,-1.1212628402758478
T5_S52_XGBoost,17.551915791693776,5.783246414777132,86.38590998785496,0.9590712294158867,0.07245472073554993,0.3699179116378549,0.19021499537241957,19.021499537241958,0.0,10.513817834698479,4.130858360505146,86.36457272495154,0.9819586838724045,12.155850614869083,4.917157040432184,103.49228756157139,0.9795696598884083
T5_S52_LSTM,63.657367617189095,20.965864701704547,209.5871994909317,0.4616347775661358,0.0,2.4458514626094825,1.4822998046875,148.22998046875,0.0,17.764327040703538,7.977322048611111,209.96897654290314,0.9484955397538912,26.114756481146888,11.352820986793155,353.6978868676361,0.9057075655066301
T5_S65_SARIMA,146.8158075380616,75.32892481521391,500.0,-1.2900496712684348,0.033402181510995804,107.70625803583091,39.612736195270706,500.0,0.0,175.58034103689803,107.82895872974075,500.0,-2.828361119725463,143.75207245353315,71.2922272368061,500.0,-1.0159623829847142
T5_S65_XGBoost,14.011479265732614,4.999254944680524,68.75314546130993,0.9791422603230636,0.052106548100709915,0.09256133228746187,0.06570148762936394,6.570148762936394,0.0,12.422154405495643,4.324710690261175,41.193295841612795,0.980837376501784,11.809986296473758,4.50036950903831,91.15998798432075,0.9863932945877653
T5_S65_LSTM,64.73597834622215,19.9033354982805,220.56286189211843,0.5547635641937665,0.0,3.5073950221021577,2.1750081380208335,217.50081380208334,0.0,13.108001657508701,6.519951714409722,225.72194773439733,0.9786629637166434,19.25964479627124,9.728736514136905,391.0414297739738,0.9638131532347713
T1_S77_SARIMA,98.04069934316317,48.27230612623758,500.0,-1.0565815573965591,3.1399891183738935e-05,90.58743511588477,30.33334091026596,12.441373807829208,-0.12628529873419936,52.30068004935889,10.111131819003582,4.1489428274358,-0.03882631113159585,103.67830047450819,53.880496007253356,500.0,-0.9322388240971649
T1_S77_XGBoost,10.725173943290207,3.4423561941879095,62.06551608432854,0.9753882879847364,0.007617550436407328,19.69267848129017,6.190224474218364,367.7453193607327,0.9467742157203574,11.370878635766632,2.107493283977318,126.99028571069726,0.9508960625979956,12.453220003347411,4.139023119267741,84.16782016882843,0.9721228490825211
T1_S77_LSTM,49.97223322618288,14.761423211348685,116.44880294512647,0.46569326034707337,0.0,33.47799071956501,12.479838053385416,227.38149448289718,0.8461734647847114,19.393992698250397,4.979739718967014,157.77320161148657,0.8571557626997761,17.24477453270119,6.718289329892113,192.89252246125042,0.9465435509952949
T5_S14_SARIMA,38.583132201591866,19.435711722034068,500.0,-1.3401072444348308,0.05009664489781513,31.00603132542554,11.210372915393235,500.0,0.0,46.802554827830505,28.32050502532095,500.0,-2.6859946939098993,38.67838857911637,18.6265123896577,500.0,-0.9672176757452533
T5_S14_XGBoost,6.470375126491217,2.0264225278002916,22.706537782072555,0.9341888137345279,0.008636819198727608,0.023973542433401867,0.012984179474491006,1.2984179474491007,0.0,4.536978859689658,1.3559164429089934,11.909775560259177,0.965362296080035,5.465256290812246,1.9691544593148311,23.716202524637055,0.9607231419451413
T5_S14_LSTM,16.695721164241046,5.537962991084779,77.50173371755854,0.5618213984803071,0.0,1.293067355972232,0.8199666341145834,81.99666341145834,0.0,7.391569280061804,3.042122734917535,81.97067009816857,0.9080633048815508,8.259329848681505,3.689090547107515,118.44305985903634,0.9102973455171746
T1_S41_SARIMA,23.757134818744458,11.493645469381203,500.0,-0.6847267822706384,0.0318716228074553,9.811001725054043,3.420747521890533,12.44458375045842,-0.1380925115574292,5.664397152527446,1.149727412796314,5.096018466766453,-0.04219835212970513,26.532591808930498,13.54210165956005,500.0,-0.580539518896936
T1_S41_XGBoost,6.550577385006687,1.9127963819720952,22.062831414872026,0.8719143376312967,0.012461872771382332,1.500221910799362,0.7013275396699706,30.48636457356323,0.9733889586537057,0.8757345835164617,0.2620265305174851,12.987189920603898,0.9750891818152407,7.373870484690711,2.4321622807010064,26.593468951198822,0.8779221088128555
T1_S41_LSTM,14.184251243108346,4.560999236038427,45.11767566128498,0.3994430656818808,0.10406494140625,3.6645316834008246,1.5694122314453125,53.357292426811476,0.8412229153423613,2.191612884945442,0.8378109402126737,49.25311711536076,0.8439834461879567,9.235888256608137,3.547696794782366,68.72903698290528,0.8084847562868316
T4_S133_SARIMA,48.6127721227949,22.196945426542094,500.0,-0.9125787364046811,3.5667758393208135,17.614424895197907,4.760099729847174,32.512696963484,-0.07700768662505442,22.50954501982978,8.857279535609068,500.0,-4.040195140091399,54.71052947947444,25.381018905300348,500.0,-0.7990081629824948
T4_S133_XGBoost,9.078445364346207,3.152907192067613,53.73665517973358,0.9332975912914842,0.019192814826965332,9.512929522615039,4.032811185965936,214.42106753952328,0.685869268953749,5.4934517693124265,1.3870620848481647,75.75285813245972,0.6998042430772518,10.850327585169566,3.9705357402064174,61.304047000766126,0.929241763765187
T4_S133_LSTM,25.769102030929385,7.994625985907596,120.84599829801587,0.46257592362645117,0.0,3.069566922503598,2.1276448567708335,172.22867344668026,0.9672933488282504,4.02054247273546,2.2258165147569446,209.0697140655601,0.8392010434090877,12.192457547949855,5.1622198195684526,171.0714133157688,0.9106542698013891
T1_S49_SARIMA,130.06466401847865,64.88234750492893,500.0,-1.1589497031310296,1.5789116154797384e-06,95.48036448198738,32.41666683753527,12.446457579362008,-0.1302857194056546,55.125614135999,10.805556028318998,4.148860773845088,-0.03995794058391855,142.1192156150067,74.66800088324322,500.0,-0.9048782018179882
T1_S49_XGBoost,11.871676166794904,4.221294527524708,99.2457784578724,0.9820134462070595,0.01856827177107334,13.80624635872143,5.806369228288531,281.8086392081211,0.9763674088565204,8.00615546173554,2.1425821418201343,114.64878630843609,0.9780640255590731,12.544453618753568,4.70013384764371,98.18795255619665,0.9851589335871301
T1_S49_LSTM,60.69535911851909,18.427708091918362,179.23756197913258,0.5298517232221468,0.0,14.414166504765548,6.6162668863932295,244.37155718440252,0.9742403965475175,8.820610205728517,3.6792365180121527,228.83860798290846,0.973373986088693,18.226918152234802,8.834320068359375,306.57057855367486,0.9686680016430583
T1_S54_SARIMA,184.81361950157307,91.78177167755595,500.0,-1.073573729011879,1.0674973541425149e-07,161.96398776746423,55.5000000130695,12.46955903460937,-0.13304418249787342,93.50995193657073,18.500000036234155,4.156522865968795,-0.040735022341186644,197.09747180477993,103.08260867692245,500.0,-0.9233595173791993
T1_S54_XGBoost,23.84347282107091,7.877685738852221,161.7849248417638,0.9654863763722316,0.005296703428030014,28.666417562061824,11.451578282751143,500.0,0.9645058509849371,16.612115391932324,4.04502446970178,208.71922081001526,0.9671546132284994,20.525985117559276,7.95048482274814,190.23636615039305,0.9791403804583348
T1_S54_LSTM,92.54235248902975,27.62348726263457,230.7279046021891,0.4800846886213096,0.0,49.97089943309555,20.0596923828125,313.4484855430408,0.8921440133831348,29.142362845974958,8.47837660047743,283.66407580167333,0.8989179538896057,27.66659882500341,12.135771251860119,397.1328754604222,0.9621025569373973
T0_S31_SARIMA,154.7512359944431,120.92227918995303,500.0,-1.551974441717698,75.79985692781612,231.68038954573151,188.53007781723815,500.0,-1.9625586882364559,163.17626973036127,127.81753393904835,500.0,-0.7935259548962506,156.00799625689996,121.4711398668401,500.0,-1.7373074911881012
T0_S31_XGBoost,12.777861245973545,4.821634374019739,28.613604673284364,0.9826009953794871,0.0532254483550787,16.745995125287926,8.822489473658303,31.539337106542508,0.9845221606768846,12.720673634610586,5.933286374124388,36.76812308562752,0.9891003165542719,10.05106550235945,3.7580591666822634,27.015056085977445,0.9886380185800504
T0_S31_LSTM,66.02950530989546,22.568000464918512,219.58653287409305,0.5353947051605374,0.0,41.72768076198325,23.122395833333332,224.8256236991264,0.9038970083497685,34.2747874414406,18.218951755099827,412.6104153095837,0.9208696284966006,23.069728069085198,10.059034801664806,320.76066188403456,0.9401430175741666
T5_S22_SARIMA,143.36855188803872,69.59251794518534,500.0,-1.7900191645012566,0.03962684995629759,81.13891231168202,29.035295450466492,500.0,0.0,165.25391793584166,95.48371710113702,500.0,-10.635143293561528,128.30179226615883,58.88077336561555,500.0,-2.107539776210589
T5_S22_XGBoost,32.59051426616782,8.258983000582663,42.71794341810343,0.8558277035267963,0.0383860319852829,0.07499547988588702,0.05003461676339308,5.003461676339308,0.0,60.751322688970916,18.522626619579064,77.15819021497128,-0.5724602743019536,47.08817059141476,12.853419346757056,53.830359456619924,0.5814234575840513
T5_S22_LSTM,66.35436110002323,21.911154423033793,296.0822163546261,0.4023618221436166,0.0,5.19091058933352,1.837158203125,183.7158203125,0.0,52.61787118071881,20.752882215711807,386.8211616252306,-0.1795999715953691,42.93753853072302,17.34735834030878,444.7222958186922,0.6519629024163149
T2_S56_SARIMA,134.61013621519444,72.88273354600668,500.0,-0.9348733522055475,0.00024545681357499157,173.41144906769858,113.39684400673809,500.0,-0.9833342395842612,172.66755012117034,109.09076073304591,500.0,-0.7116823323485397,137.06857001687075,71.25727168491028,500.0,-0.9231852434310179
T2_S56_XGBoost,15.946131775334539,6.339218419103139,44.49805331814079,0.9728476318597458,0.04213454946875572,14.950550524786957,8.289367470812673,145.90116572905532,0.9852580564177464,19.22621657298638,10.098279822307328,77.01753166204765,0.9787778502864063,12.590731283108742,4.408650296684798,41.08912228190044,0.9837726626683688
T2_S56_LSTM,61.223749346797014,20.656326878013793,141.49975480204753,0.5997449127276163,0.0,15.665389211379162,10.7623291015625,272.0897904610735,0.9838146254538548,22.195967480842235,12.230919731987846,201.55628149093272,0.9717154109306116,14.95417717184142,6.554634639195034,217.6624531875668,0.9771087031384784
T4_S90_SARIMA,36.13110761656664,16.339493380432522,500.0,-0.5979932739315805,5.345825268877648,7.128291078395556,2.3104561682739306,36.84449760334959,-0.0688390391936673,24.421763838602594,9.119492450226701,500.0,-34.55858465062238,40.01722257815272,18.457794738916455,500.0,-0.6126897869590098
T4_S90_XGBoost,13.040344127808517,4.230140826810802,67.11852887683723,0.7918432487458991,0.01654966175556183,4.014052498211919,1.7687602827015023,96.09587257358409,0.6610719184881431,2.39924598873363,0.6963440233440552,42.70768376888348,0.6568057787244347,14.614680134919283,4.737486823497983,64.12174178666015,0.7849023928686006
T4_S90_LSTM,22.48623334240573,6.850257106945275,66.30147283593534,0.38106388780191136,0.233154296875,2.985270109636708,1.66705322265625,97.58701869419643,0.8125399527650569,2.2795134950553386,1.3705986870659723,114.02043418278771,0.6902047553548702,11.843304703907974,4.059355236235119,89.32652474810652,0.8587453492266619
T0_S59_SARIMA,115.03167545523658,78.85747022836928,500.0,-1.1512012957377546,30.462985278900206,165.84839639742927,134.48773195854827,500.0,-1.57327112499611,128.56076333169452,91.57296664956299,500.0,-1.091968900885727,111.3407401818048,76.43641383468263,500.0,-1.2519003370391308
T0_S59_XGBoost,9.504650512121785,3.4626560981026695,27.186990661152354,0.9853134947526881,0.045068345963954926,8.33393585670345,3.9808222066882686,10.589761266616108,0.9935022454724978,8.839118654535081,4.089271539906298,33.21783351590605,0.9901109114232606,7.630880180662005,2.7386386302615784,25.21033247238526,0.9894223248238987
T0_S59_LSTM,55.22999054510769,17.482080194938696,97.73708459041883,0.5040977283367529,0.88330078125,18.02683839871474,9.964029947916666,27.804160529184745,0.969598002111084,17.50876483639791,8.587365044487846,65.5654896336272,0.9611984246311085,19.33019988542089,7.239542643229167,121.62892157919671,0.932124405339977
T4_S86_SARIMA,22.612579474732755,9.467024894817081,338.36458252192296,-0.6474071972446853,2.312774826365549,8.094645455061551,2.2153302409858724,16.421336254516437,-0.07959072584609417,7.8388282170704375,3.3576465570306926,267.39409308837895,-1.893762016388036,25.001705790449382,11.137442119832006,355.2082055504573,-0.701192001979259
T4_S86_XGBoost,3.9712840000904013,1.333036746462121,27.576245766097724,0.9491884271376055,0.0075758071616292,3.9618072638791655,1.544621729136755,86.90171951270112,0.7413871084822674,2.3444177576123035,0.587504024604439,36.23025132678576,0.7411605181594513,4.389531850368976,1.6118431140036722,33.983673780806484,0.9475614757696478
T4_S86_LSTM,13.653063308267974,3.8675700648549642,67.95226320970137,0.3994337057012459,0.0,1.558085892651062,1.1300557454427083,95.54280955889072,0.960001263487117,2.0873904781487655,1.2156711154513888,115.74618988334551,0.7948044617152079,5.746228944239462,2.328244163876488,94.72693466190135,0.9101372091071683
T4_S9_SARIMA,31.54911775411094,16.871852622856697,500.0,-0.5694367218618626,2.6854107237314633,15.608212542415798,4.404125473765119,55.910579312840106,-0.05519493537575548,23.713756455497784,10.38684584960325,500.0,-5.9908613672353095,34.05670431941531,19.01646481474485,500.0,-0.5147380796237822
T4_S9_XGBoost,5.461700991442522,2.0138811444903784,33.07147202727234,0.9529645598174785,0.011600715108215809,2.5756490914155057,1.2375797139635931,77.84670626395616,0.9712657579731614,1.5148941587229323,0.4885059011091168,33.5468350667773,0.9714704736603763,6.380028971569636,2.535832786749649,37.667380402722486,0.9468409014767977
T4_S9_LSTM,19.125496306825518,9.712974730861244,380.27531482599863,0.4232404427149282,7.265625,6.146341350270418,3.4051106770833335,238.66605508207073,0.8363712135493309,4.860763786108758,2.9778510199652777,263.83676445444024,0.7062762849665072,11.95141392965005,5.814935593377976,215.18571478036384,0.813460468287148
T0_S2_SARIMA,66.79586912274729,42.17168097585755,500.0,-1.2547878040150997,12.716885640086794,101.51744729045578,79.26427623287732,500.0,-1.5152789315553012,72.94893021124427,47.57559345860764,500.0,-0.6524930014777968,68.51464555977041,42.830430639363115,500.0,-1.3315312973568627
T0_S2_XGBoost,8.846393146195998,3.1239101866891823,16.322068378259555,0.9604506874335762,0.002172579290345311,11.223296910657679,5.387675951894683,20.585978337049816,0.9692570399788002,8.889184451984113,3.5134630170586103,18.764102458849237,0.9754627656926793,7.661010198685008,2.477825641323025,13.91254137267483,0.9708494670104464
T0_S2_LSTM,29.379089880205097,8.983670613412082,56.350942392531756,0.5638025296475108,0.0,9.690338517228865,5.629007975260417,48.68173741678583,0.977081685582431,7.559802880560547,4.219618055555555,87.54180802863077,0.9822530912121955,6.011863094645866,2.736357189360119,77.3077505437804,0.9820488373095826
T4_S42_SARIMA,88.21631251643056,38.66897812371779,500.0,-0.5666250671761226,0.6459832915432078,46.604045183937636,12.639148210745914,13.496490995364582,-0.07922709174612774,54.76392455433015,18.931335298374783,500.0,-3.2478924158821023,96.50902275714317,44.21028240194228,500.0,-0.4950102695356098
T4_S42_XGBoost,12.68690924881183,4.575433664730166,116.71204803636938,0.9675974687822343,0.014407732523977757,12.27461793467907,4.5350013578233,343.6405790640239,0.9251345265384018,7.090483455142891,1.6034526652397796,123.72541428454258,0.9287908046965724,16.20981708704061,6.445047357873547,144.3119061551117,0.9578240796479787
T4_S42_LSTM,51.580457507101166,18.434444153708135,397.92676740423633,0.46440359794739927,5.9921875,20.321700019792893,8.910847981770834,389.62696324885366,0.7947960662252083,14.244803424693199,6.592820909288195,492.1294792860762,0.7125930254654224,19.735364624918557,9.274332682291666,276.7219044981621,0.9374829251547246
T4_S47_SARIMA,11.657323566154597,5.336722467314471,313.2138868617387,-1.1460406382591422,0.4000868252210217,6.630902199356273,1.8589014946570603,25.863902525084676,-0.08194060368243528,9.884193336514228,3.6444670361468985,311.1046213011494,-5.897781225540181,12.604357628180765,6.010082310807951,319.6665503055268,-0.9128401334429155
T4_S47_XGBoost,2.883570363820509,0.9935303001025966,23.76829058740585,0.8686889282032713,0.017958981916308403,2.3307526849227127,0.7993222048777776,37.02020079789994,0.8663248866590023,1.347861604812328,0.29915754969988484,15.611748406695874,0.8717322263116946,3.4284605564484107,1.1774807257541051,23.56151595159685,0.8584742204351696
T4_S47_LSTM,5.797363447995818,2.525470058313397,104.21652796272282,0.46923619919208703,1.7724609375,4.463479964606183,1.6831156412760417,60.471394856770836,0.5097638262475263,2.704800760752016,1.0618981255425348,70.24308946397569,0.48346766652034034,3.34241484126014,1.5703604561941964,67.51036889944041,0.8654889561185864
T5_S27_SARIMA,71.50018213194514,37.00611392016591,500.0,-1.4104096820927934,0.014501361685297809,55.64070582951116,20.81358756676214,500.0,0.0,87.93816564317387,54.352261013055774,500.0,-2.8903623163536816,70.06473512850393,34.996293907178334,500.0,-1.1087458558813514
T5_S27_XGBoost,8.772102773449523,2.7828621445524475,22.7123536515176,0.9637186039731601,0.01795150153338909,0.017579700204561496,0.01729856665284994,1.7298566652849938,0.0,7.381510419116907,2.5684862376462356,15.188126293552656,0.9725889469771914,6.906893347393069,2.68279798759336,29.969357932949436,0.9795076968064808
T5_S27_LSTM,30.097229053672983,8.834144993832236,97.06269727287297,0.5728999778907629,0.0,2.071039702235647,1.2593663533528645,125.93663533528645,0.0,7.306884437013786,3.298888736300998,110.8906104224813,0.9731403887274708,6.723299818024821,3.5720972333635603,158.4338040388336,0.9805826378720383
T2_S24_SARIMA,312.49165784469574,171.1587546361528,500.0,-0.788441611820762,0.0019981373975607396,409.5528123513765,280.63380524463304,500.0,-0.9727532103360299,389.1680200995705,254.01682154317956,500.0,-0.764144988206146,301.8057370091538,161.15795763439107,500.0,-0.8580402968980103
T2_S24_XGBoost,27.580655873450027,10.174777786233367,37.51974309422451,0.986068204561282,0.05692381411790848,56.00429768474757,27.926384257618338,57.06238652341982,0.9631111051445193,38.638443969033446,19.206372235565343,85.49583287170907,0.9826100136065615,25.295578163600737,8.289176987793152,42.428531342961584,0.9869476302781046
T2_S24_LSTM,144.31549123170763,61.439607319078945,500.0,0.6185621253195176,29.75,63.12011889858071,33.036539713541664,268.1626438339083,0.9531414818595183,45.92497166758078,25.173136393229168,248.1516103703365,0.9754326801808333,31.800929346293735,14.128323509579612,440.3343385497127,0.9793709242523201
T0_S66_SARIMA,147.7968072543754,108.21726937067686,500.0,-1.18173202077628,53.959488247556955,218.02151184403746,176.91160035086546,500.0,-1.6084479196481625,154.65810129781974,114.46297827070491,500.0,-0.6501838418280088,148.7935003220548,108.55488682292847,500.0,-1.3627624494217696
T0_S66_XGBoost,10.723753447233983,3.8599359140136507,23.347342058898036,0.9885141023559894,0.04130738973617554,14.70027545925352,7.825939638462539,31.80065666421456,0.9881413726500904,14.991867213024573,6.262272649632198,33.04432647150152,0.9844940479794053,11.39282681147695,3.692676056112673,20.645251466921547,0.986147915567453
T0_S66_LSTM,66.1355773312871,20.120229684565057,144.58228763892978,0.5631406864253887,0.0,16.124538055229912,9.200276692708334,88.0814583890494,0.9857321662784023,12.438109726035611,7.515735202365452,218.53408288785286,0.9893267729184053,14.087776081167389,6.455706074124291,230.57028202140845,0.978819460440162
T5_S29_SARIMA,46.60832881885502,23.854958093881745,500.0,-1.1106426829018994,0.2556375571904824,45.28218170577862,19.983414291482365,500.0,0.0,56.21046312594867,33.46105868160451,500.0,-1.861479678968513,47.68357206591353,22.89811649477289,500.0,-0.7568970735555591
T5_S29_XGBoost,7.962436583842425,3.030237534996924,66.04643443343625,0.9384001539212989,0.031725799664855,0.015909889712929726,0.015909889712929726,1.5909889712929726,0.0,7.2232836555091655,2.2267212796076716,20.79915583734474,0.952747403405654,8.360752320106817,3.2495343617074903,89.59864049841553,0.9459868541942809
T5_S29_LSTM,20.86619211585943,11.37112762597189,500.0,0.5769671849271204,8.7890625,3.070510995351753,1.8103230794270833,181.03230794270831,0.0,11.195124512110342,4.528327094184028,156.5090483343973,0.8864952084729312,14.893954376928594,6.966843377976191,251.14803012120439,0.8285929051209977
T4_S110_SARIMA,39.646343446672766,18.511917102637582,500.0,-0.6118305286057952,2.374393423736495,17.75090182848826,4.784742652148901,11.418397121208697,-0.07809086569122115,21.286522674437187,7.824756661674881,500.0,-3.423341525997107,41.58792122744021,19.99922788574364,500.0,-0.5870766044543274
T4_S110_XGBoost,8.928245091735405,2.541339279698324,45.58446167281897,0.9182579910737256,0.018399935215711594,6.7848517401409545,2.734667035052553,201.78908451980163,0.842494673140402,3.920234842129809,0.9585230484760056,71.95976518578269,0.8499744603543767,7.8110524973416595,3.003692852322101,58.00858800047437,0.9440135955009378
T4_S110_LSTM,24.5256843998837,7.287460984225478,89.97974247620876,0.3831843697340138,0.0,5.357761478913525,2.7620849609375,148.61052982390873,0.901784219323072,4.201731293188329,2.2380167643229165,181.26902100901125,0.8276554400472671,7.297853071893194,3.6472676595052085,119.21212641970354,0.9511287221119689
T4_S1_SARIMA,200.00069746964465,83.7775216217018,500.0,-0.561086775075021,7.3179009295104915,52.015650265121536,14.805048197053027,14.195927529126903,-0.08680668033645222,57.70680780022435,20.735324731786406,500.0,-2.791987094432607,210.77708498377146,92.705241328805,500.0,-0.5879291729421601
T4_S1_XGBoost,62.04612022770661,15.576535295570295,166.48396832025344,0.8497573330000189,0.0558483712375164,35.56807094495072,14.03661058501651,500.0,0.49183487287745886,20.54796069730164,4.905741305866589,280.2781969364064,0.5192157838527045,43.45090718453004,14.136600042005913,212.46594182458276,0.932518918230589
T4_S1_LSTM,129.15984146602125,41.81358987178529,500.0,0.3489429729441229,16.5625,20.0851582094447,10.893351236979166,500.0,0.8379553306415697,25.713242129218703,12.745246039496529,500.0,0.24711884330416034,71.98706255888347,26.099722726004465,500.0,0.8147777120503686
T1_S24_SARIMA,102.76756477021313,51.32390476427265,500.0,-1.6095527618437595,7.121232982571516e-05,75.59569058589999,25.875012601899343,12.43601422174782,-0.13270369746628918,43.645192309361896,8.625034536065142,4.148371617118593,-0.040639259799787775,113.29945529255559,59.92542261981883,500.0,-1.2246770208401556
T1_S24_XGBoost,15.194242585653889,5.17493702970561,68.87638381809406,0.9429557252212539,0.005082051269710064,10.69885190807786,5.045498342796539,196.84983632933114,0.9773119801822605,6.199793708116556,1.7959279117640108,77.02612519296015,0.9790018099771295,11.775482174870868,4.4894063572476925,80.04885390671512,0.97596917261831
T1_S24_LSTM,44.223291589278,14.320443039305472,121.44354787085146,0.5167675611284841,0.0,10.744070336407182,4.8989003499348955,154.56913534189962,0.9771197942146003,6.414314458380539,2.4836324055989585,136.5896073426992,0.9775235417538447,19.656053577015278,8.588641212100075,213.30470493486393,0.9330417677290916
T3_S8_SARIMA,93.71374287570801,53.422017659345876,500.0,-1.2011692859725236,13.8451282341465,20.639886385459302,8.53268890852336,500.0,0.0,84.98059953639563,49.47629344069253,500.0,-49.570450777493235,90.34709188155888,48.01942699113083,500.0,-1.0166620212937505
T3_S8_XGBoost,11.454985321031641,3.8226040465279336,53.73530496921198,0.9671121145709319,0.0554065965116024,0.07167059867960614,0.045515806414186954,4.5515806414186954,0.0,1.641949313071691,0.6740031151307954,41.363871739110735,0.9811210978224029,11.726454456132693,3.699167384488863,68.28015696239949,0.9660266630886938
T3_S8_LSTM,94.74927022293166,60.44368798652904,500.0,-1.2500834437089794,4.48828125,1.384077670104207,0.8314374287923177,83.14374287923178,0.0,3.3873805863202295,1.7980164421929254,142.27505541259796,0.9196501201209962,10.600838634634771,3.867283594040644,84.82861560068409,0.9722357969949563
T0_S24_SARIMA,18.359178649293558,10.96819164082748,474.09577382636047,-0.8282983696449135,0.49481034752825515,28.01654912145747,23.05439894879413,500.0,-1.3849028944366224,20.97993820388909,13.36489203201662,283.5913508436363,-0.7326323703381254,18.750767741185783,11.17465520439728,500.0,-0.7600845328166597
T0_S24_XGBoost,3.916967800638785,1.4661973991025932,21.242471063010836,0.9167775342472726,0.026730729267001152,5.156608624845028,2.908273113270601,20.717809582911983,0.9192077393872617,3.863460692172561,1.836073051384018,24.52603665573093,0.9412441639102941,4.244953487982713,1.510523219180998,20.958456521339563,0.9097927819173346
T0_S24_LSTM,9.830787212523155,4.337023867374402,84.14357912588197,0.4757756763966603,1.0859375,7.724697097428116,4.891682942708333,63.887879924929834,0.818697273046128,5.416912557449403,3.1028917100694446,71.44071575355757,0.8844947658784056,5.571806584798493,2.5647205171130953,68.7162541055187,0.8445869505051318
T4_S39_SARIMA,84.6294609189317,36.281268635005496,500.0,-0.7150020686382597,1.1384709375508881,18.140934506939736,5.198127315106869,34.5604347431591,-0.0873382899077868,60.29735101500416,19.760574101073157,500.0,-33.216283514729405,90.47180906425548,41.196753278386986,500.0,-0.6666609224982667
T4_S39_XGBoost,13.389890800106372,4.1025624355038355,62.428104224616774,0.9570685487425308,0.010632305406033993,7.743938268629079,2.7037719840106242,183.00975466305306,0.8018613792808971,4.473828204158283,0.9456967704722451,65.4471958012214,0.8116372701874399,9.491722770057383,3.6809823275211135,55.421627873082834,0.9816552923970472
T4_S39_LSTM,47.09202200493382,21.0204926267195,500.0,0.4689735226523286,14.0234375,6.13253821814555,3.6879984537760415,304.59761563718,0.8757415597923439,8.064274651169889,5.080332438151042,486.63250056829617,0.3879780609990957,16.912289149868823,8.741226922898065,354.98158570901705,0.9417594464435184
T3_S52_SARIMA,119.43544166878513,57.24062036313561,500.0,-0.9987807020281616,0.04164884335737404,18.850401169427673,6.14922882504474,500.0,0.0,110.93521874832565,56.3401091744775,500.0,-107.10227816792127,123.87847977259663,55.96723812971021,500.0,-0.695331969620439
T3_S52_XGBoost,29.04404258268075,7.805448651195138,76.1696383177493,0.88180126256135,0.023877983912825584,0.054769573940650164,0.03299350951177379,3.2993509511773786,0.0,2.901846086974756,0.8799701311056398,42.168298456863795,0.9260318586456331,39.57557506947335,11.137726291375223,117.34216337115603,0.8269715624321634
T3_S52_LSTM,133.24350259523467,87.19461629037082,500.0,-1.4876586595113026,16.7109375,6.392230802607845,3.4310302734375,343.10302734375,0.0,10.462568089236184,5.5344085693359375,452.4664027380813,0.03844849266460981,35.76459551898155,12.16428702218192,300.72088476877093,0.8586910553004807
T4_S139_SARIMA,80.37855274540401,36.37894280484498,500.0,-0.8679855832219805,5.836787359682907,40.57671292350042,11.578159399196414,62.40572372186735,-0.08671885925493639,38.91993049650123,13.632868686044993,500.0,-1.8477411684521128,89.67690188118614,41.31868858339864,500.0,-0.8012358578230789
T4_S139_XGBoost,12.363294443984618,4.255448531542134,90.47730426102866,0.9558061761166523,0.006949115544557571,11.15650461790175,4.476294499045859,344.48137350790324,0.9178476902551479,6.454595359837537,1.5949138961991087,125.10869748768334,0.9216760747123868,14.276155843455053,5.004195824409614,95.02249625796925,0.9543509280820192
T4_S139_LSTM,42.53226921132424,12.825216923033793,202.71127685089883,0.4769655874004053,0.0,14.928105213736979,6.9437255859375,334.64609703044255,0.8529134864271044,11.49405452033769,5.474962022569445,427.587381735842,0.7516278439921756,14.43520490506979,7.091183617001488,280.5837066988604,0.953328119698562
T4_S2_SARIMA,77.0524922947322,26.92934969760475,421.10504422047563,-0.6177723585692703,0.4634223442743114,76.67674304329209,19.090852646978853,13.560183211676783,-0.06539261841553068,46.051212589987436,9.138581646838354,282.01647085509927,-0.1045041246266396,83.11164297631329,32.21627824180982,485.73399989296126,-0.7293594017562766
T4_S2_XGBoost,19.419104528871003,5.454076975514961,100.34890913108984,0.8972451266673063,0.045512448996305466,20.425411020243004,7.094013087296237,347.6496028092738,0.924399620075681,11.913816164936826,2.7859341193300984,158.00950995955984,0.9260757392048617,15.760670244426843,5.200953768089502,104.52974505862484,0.9378113843887335
T4_S2_LSTM,51.147050582447996,15.66242827639055,358.84840249525666,0.287171230606977,4.171875,56.306708653396,16.787150065104168,412.08973250745345,0.42548330615224905,33.737061347404925,9.209771050347221,498.7686803670679,0.40721159081875147,39.3219618227484,13.277300153459821,324.9422444217523,0.6128922390333802
T1_S33_SARIMA,154.8728463176211,75.44302589253937,500.0,-1.0880350863915838,1.3136561160164117e-05,148.7864800291095,50.41666841359116,12.465436846035644,-0.12971500302512107,85.90191429658341,16.80556054439996,4.155586268969577,-0.039796835611208614,162.47017330367052,83.0948982101194,500.0,-0.9687723514522604
T1_S33_XGBoost,15.652345653224533,5.404834159186476,126.53485451586207,0.97867219841503,0.016237590461969376,23.441518381325864,7.919545217882842,444.5993291361616,0.9719577126430626,13.535469807438517,2.6995978731170505,154.17472309433086,0.9741839688622034,16.464832246937803,6.115842885720277,150.11894134976683,0.9797808527682804
T1_S33_LSTM,78.91776922271218,23.38473758971292,228.04523994200662,0.4578283147419624,0.0,54.06839291570003,21.157633463541668,349.6867993253999,0.8508137217058771,31.50073271321615,8.973259819878471,308.633799644925,0.8601752283715481,26.466409983977922,10.401120140438987,379.07551964906634,0.9477557756497956
T4_S36_SARIMA,105.00664041706686,46.3505759414998,500.0,-0.6064269531472595,1.2400540598516194,72.77070261480779,20.651825526787025,34.21706344166367,-0.08703716669977712,69.43412903395038,23.624205679092718,500.0,-1.8093187677523606,111.01392989606649,52.01474882412152,500.0,-0.5972183771573236
T4_S36_XGBoost,19.807089463792703,7.106965207528216,126.8326444742294,0.9428430848916666,0.022559398785233498,19.62006730409013,8.164754812334044,380.4338474194505,0.9209808702117526,11.334992687202181,2.8527117520053356,139.92396392921557,0.9251317770937957,16.23355954597893,6.786790804821067,141.98388426328242,0.9658463706266497
T4_S36_LSTM,63.111813671359094,22.63300991514653,500.0,0.4197050699477649,8.8515625,39.5415031343384,15.824320475260416,500.0,0.6790498328806334,25.430470202306104,10.031541612413195,500.0,0.6231540808927876,23.475801799441015,9.913876488095237,336.4279552339993,0.9285750059416471
T1_S25_SARIMA,123.2609712172137,59.50145469364366,500.0,-1.5114071001715321,8.006641332705917e-08,41.18353230859761,14.083333353150222,12.380806998466547,-0.13242610414519862,23.77732346454848,4.694444498924604,4.12694045360842,-0.040561132880700956,133.1161547578697,67.96456994263038,500.0,-1.1488064555761217
T1_S25_XGBoost,13.705025674288335,4.469561352939278,49.258042269503406,0.968952570190469,0.0070942058227956295,17.266850120772983,6.929547627087838,110.42189834340917,0.8009377429677698,9.987751775778504,2.451663561081255,50.988734653000634,0.8163981094106794,14.35232042144468,5.3548768547452275,66.83965179846577,0.975020714291791
T1_S25_LSTM,56.2150370642098,16.983849338367225,157.6365667968028,0.4776387533378612,0.0,33.59227671386705,12.421468098958334,140.5493153991461,0.24657233386240363,19.4479360680806,4.736287434895833,106.42957865735427,0.3038726379131589,20.3328951262324,8.161403111049108,296.3718141445023,0.9498657856583602
T4_S136_SARIMA,40.61081343942919,17.07774470042348,500.0,-0.990105544889061,2.2232582718443865,11.473497073251169,3.4043563772012146,22.592361278410465,-0.09453914503990113,15.312634798530588,5.89222419617434,483.2746608035303,-4.525226143697672,47.19263162845913,20.220106389735598,500.0,-0.8676645760925787
T4_S136_XGBoost,6.930095054898119,2.3294327804011363,41.610425090378286,0.9420476414327992,0.0035841292701661587,7.473495877647126,2.809522674030935,196.41364458036168,0.5356052744857072,4.315729430191063,0.9639027373697091,68.21073279606031,0.5611070276378843,7.934113227817377,2.929931716318866,56.28954678639645,0.9472105328889706
T4_S136_LSTM,20.53911125636951,6.422982101805473,99.02063370114791,0.4909551741396182,0.0,4.375237976141397,2.3330078125,124.95351201509779,0.840836661580157,3.6846863633187867,1.9639383951822917,160.2780831065951,0.6800727282232123,11.423769416869726,5.064442952473958,143.2693209103838,0.8905616977748223
T2_S39_SARIMA,109.02724027570379,59.352522349645255,500.0,-0.9975578954907314,0.024798897941768643,142.6959175400766,92.87447560168062,500.0,-1.0456169993297486,141.2678782159138,90.65322864141419,500.0,-0.7660589897981185,111.76655285285405,58.764910363537,500.0,-0.9399508312406033
T2_S39_XGBoost,14.67209034051971,5.532489968974001,42.631023738112376,0.9638246016833336,0.08900474011898041,18.177843418525793,10.860325161212435,145.75385371699798,0.9668039856470865,25.344714124065174,12.547627000655565,72.33580842242863,0.9431548842563625,16.602798608976794,5.502012940539446,43.44691192117554,0.9571915395058328
T2_S39_LSTM,48.45065452254891,16.73736718282745,105.98642734573683,0.6055166900386538,0.0,18.42442315370562,10.757731119791666,202.99989045451952,0.9658972794399113,24.3698195612338,13.036702473958334,156.4890560370629,0.9474439171759594,16.167817867363116,6.5071600051153276,159.06691850063112,0.9594052542137363
T3_S67_SARIMA,155.77107702158307,74.2450624444397,500.0,-1.54990466021383,1.3872532119742274,19.359281460509163,7.002819581520204,500.0,0.0,163.3423345281888,81.52435165437942,500.0,-187.08042976185695,148.06290474030192,67.2882087678977,500.0,-1.2960571169506898
T3_S67_XGBoost,30.428425853446942,7.720303606710945,91.90549944693419,0.9027008001830346,0.021348075941205025,0.03061718365325985,0.010505185491638258,1.0505185491638258,0.0,4.504891053015211,1.2372674396255106,60.705756376010314,0.8569411674546403,19.298281387008267,6.432136490778897,112.91733277032914,0.9609943583973288
T3_S67_LSTM,166.8402267640554,107.97944443990168,500.0,-1.9251749133475737,13.53515625,4.1021767014289265,2.2154006958007812,221.54006958007812,0.0,11.498221269328473,5.191982693142361,344.2738595801087,0.06801823410352448,29.2070053145877,10.642582847958518,221.90650251147153,0.9106562419222269
T4_S53_SARIMA,8.569506386574364,4.396147547966574,234.58669614414922,-0.5623252419032105,1.6061727291307217,3.3823068541742156,0.9325355185800946,9.04566224880748,-0.08165459647689977,4.858138355872828,2.0453744052039227,176.46814398399158,-5.3578371933287,10.937476982513243,5.078078039156809,194.77792271967175,-0.3867777872778033
T4_S53_XGBoost,3.025993476345167,0.8167149286714949,14.617300204971345,0.8051969237483846,0.005720646120607853,0.8359470199761438,0.36782834329642355,21.705412018733718,0.9339275978267845,0.48631813709639155,0.1385378777760909,8.827980340639543,0.9362895638562252,4.51767053274261,1.3943150086505782,17.12089641590198,0.7634071133419538
T4_S53_LSTM,4.327303619064551,1.5548046057304126,35.56356983614962,0.6016227110320818,0.3271484375,1.8087915721895533,0.7363739013671875,27.57110595703125,0.6906574648497376,1.124877587843473,0.4799058702256944,32.63515896267361,0.659136756272753,4.113189719425471,1.4202833629789806,30.500381634916167,0.803876309944467
T1_S34_SARIMA,66.82871167056943,33.254215633083746,500.0,-1.4586581844512128,0.0015666795756655292,55.67578420102296,18.458538864847412,12.421837525014794,-0.12348723195416733,32.144429001818686,6.153337912305471,4.189774910638352,-0.03803177312269157,73.92187504607298,38.98718020348923,500.0,-1.097485207404858
T1_S34_XGBoost,9.925422741578146,3.2899111457966694,48.43577925678147,0.9457662039252579,0.004530108999460936,8.39687552871578,3.0174515593292504,107.12874614176077,0.9744452941458016,4.863058332636302,1.1052173268463876,45.649596087584015,0.9762415461712763,8.005332889170399,3.032692328297777,53.42723266245608,0.9754013229873758
T1_S34_LSTM,29.713357000964553,9.673227994635916,79.67016347987233,0.5139561869480251,0.0,14.080250540010319,4.0595855712890625,102.02394416228111,0.9281451279044963,8.207496205548777,1.9161936442057292,90.3078267650312,0.9323261947649066,15.319761905672259,6.389832632882254,134.54824596896432,0.9099140652242251
T2_S41_SARIMA,80.90442326083694,44.534260147144906,500.0,-0.7634955917876394,0.16502690612397644,93.66505822899649,61.55238124268369,500.0,-0.9711636963833248,96.413561841864,62.29937229149282,500.0,-0.745987139667242,77.47409329735537,41.557505741053824,500.0,-0.9578149024273308
T2_S41_XGBoost,13.054592615367156,4.683311131851899,46.21382863647685,0.9540847986499698,0.22131727635860443,8.300842238963032,4.992586414019267,122.42784234398738,0.9845185442035023,11.280373637525535,5.892135431576106,85.39028979984155,0.9760992375488794,7.387330486017295,2.5922145662978955,43.29720519074567,0.9821994393041868
T2_S41_LSTM,43.03218724362548,14.554665305397727,87.52149035986844,0.5010963424982172,0.0,11.503098001459646,6.805338541666667,153.91951369671403,0.9702698488815216,14.587059434734439,8.77762179904514,117.28676022255684,0.9600331159482524,9.798564738061383,4.555557977585566,129.63776075200352,0.9686827544127827
T2_S26_SARIMA,275.1198976143485,150.32763960873453,500.0,-0.9022763931284494,0.0025394251034787474,350.35138146188683,235.89994486706942,500.0,-1.3555083174053086,340.9148556047389,221.06390232763553,500.0,-0.8425836087588281,268.14683788615315,143.44731307609686,500.0,-0.9871571608765837
T2_S26_XGBoost,19.95518128652447,7.888519494893596,67.56987376557177,0.9899921457655739,0.006885996088385582,29.595646510330862,16.721564489688415,125.4894110271769,0.9831913576503759,34.993994590723275,19.227849248343976,267.74177478809713,0.98058567070998,22.911242630193936,8.319849547094712,122.6807475467711,0.9854927817312864
T2_S26_LSTM,121.73782464586283,59.94735323527213,500.0,0.6275390985326091,40.5,30.480425534007296,17.852010091145832,254.25010398690878,0.9821713267676285,43.58548402934973,25.646714952256943,255.8883851122967,0.9698824876278667,31.262941923287965,15.264930361793155,500.0,0.9729886342289383
T0_S22_SARIMA,79.66343852925093,45.17293460674366,500.0,-0.9827626968233747,4.364107168666532,115.47789691642039,89.84222742567867,500.0,-1.6373622726833514,89.00214275631663,54.0238664062377,500.0,-0.8079849103952657,78.22626931696018,44.14804262063723,500.0,-1.0499888782606255
T0_S22_XGBoost,8.786452692357427,2.9698679374322587,18.90038385824814,0.9758798616962716,0.015298863872885704,12.510042875025714,7.488665975552673,30.986552255564103,0.9690479332153493,8.59210107123948,4.033667596729679,21.115242285394707,0.9831502822417734,8.158236077968906,2.7148049411230852,18.602160797510166,0.9777033917063349
T0_S22_LSTM,37.02309084173562,11.434763347132925,47.33841823586376,0.5717493913751547,0.0,11.25796611750791,6.060465494791667,34.43993910519396,0.9749336019431071,8.934469983489885,4.270328097873264,40.28047889793479,0.9817807093312703,9.74977722231357,3.7752518426804316,71.47785362184071,0.968155410710431
T0_S21_SARIMA,97.05408781937884,61.36276246326344,500.0,-0.9393495475025613,16.885813746108163,138.6682088930434,110.45094233230485,500.0,-1.4549721734040877,110.31154274697384,72.69241946993958,500.0,-0.8437181401393878,95.37741453466393,60.08830337733606,500.0,-1.0063431219881793
T0_S21_XGBoost,10.616043756446404,3.7222781979287283,22.879055270567232,0.9767964823596099,0.007328173611313105,5.074744978321255,2.8282086101050177,9.133869270345741,0.9967120802664252,8.989453219428691,3.8595393066837764,27.999998219716304,0.9877561171578265,8.756995104063598,2.9090858490491796,22.9727326404534,0.9830868566339026
T0_S21_LSTM,47.94120662841698,16.944751794258373,162.0543488220862,0.5267982413683688,2.703125,26.34835149885993,13.72857666015625,73.65182110361138,0.9113661409060562,22.567942960646217,10.279405381944445,84.33792685624077,0.9228321211298386,22.519285748488656,8.251437232607888,130.68053763961785,0.8881532575060231
T1_S66_SARIMA,83.33509406080546,40.962269397430525,500.0,-1.4092950623927494,7.936770634009538e-05,33.22022528677695,10.75001151618926,12.304915977898606,-0.11696366197158259,19.179706011892986,3.5833649907140046,4.104420524391302,-0.03616770669132752,91.03271625752738,47.40735201323553,500.0,-1.071473923101157
T1_S66_XGBoost,9.883691190442642,3.4894996948599255,60.693094523489975,0.9661099299844068,0.0004324783803895116,5.297728740820827,1.966435444279341,35.56627363962916,0.971593787433984,3.156168536119524,0.7945929777892565,25.766874182824,0.9719413654267495,10.929312122595716,4.065557016151918,68.59088664716802,0.9701413529473101
T1_S66_LSTM,39.178541902785426,12.307783354982805,100.03155853816781,0.4674864432088728,0.0,19.098259654743444,7.3861338297526045,82.55511397061807,0.630834179265787,11.061509826319643,2.7831285264756946,59.62676297935532,0.655352621171717,17.334106665184372,7.004536220005581,184.28176926010147,0.9248917926046784
T5_S36_SARIMA,98.92558911495242,50.04488771221271,500.0,-1.3194607620072238,0.03520081103013465,57.49919541676065,21.346391614744054,500.0,0.0,116.71123730366664,70.75559853110677,500.0,-3.606805633465642,94.85959973609248,46.21989091042428,500.0,-1.1287286904185905
T5_S36_XGBoost,10.5264603082494,3.624394042352794,46.52040490609942,0.973737597444113,0.01726458966732025,0.092468223677607,0.0351022674391667,3.5102267439166703,0.0,13.047839136528914,4.396746736265616,24.646269713606507,0.9424226423437819,12.24900320089925,4.37901866597323,75.33138277221722,0.9645056494504753
T5_S36_LSTM,45.82210940766516,14.083106812107506,166.4648272240849,0.5023547129537862,0.0,2.3077673753533636,1.270111083984375,127.0111083984375,0.0,16.649577516457292,6.658389621310764,191.96914565971,0.9062479056525463,15.80802447296282,7.4325815836588545,264.59261012572057,0.9408829251047017
T3_S2_SARIMA,114.2491744782668,57.33307790200657,500.0,-1.2839496247312727,1.165133344542574,23.93178764470283,8.458520074814205,500.0,0.0,113.58231937416146,60.08653924480015,500.0,-82.58484332432506,106.34784948884081,50.96940241690512,500.0,-1.2063947749558284
T3_S2_XGBoost,12.200549139459815,3.815348162088804,53.49451087075715,0.9739541139450124,0.05405339039862156,0.42090292591271783,0.1630158368498087,16.30158368498087,0.0,3.7235894451206564,1.1777783437735505,53.54741468115173,0.9101682938376788,8.744606415073383,3.0578089591470503,67.21504866325117,0.9850821467648644
T3_S2_LSTM,121.3588285574175,76.90165162885017,500.0,-1.577051696544319,7.78515625,2.1309999704525424,1.1395161946614583,113.95161946614583,0.0,5.295027007804027,2.4628736707899304,201.18778673759726,0.8183470620372376,8.10899175926848,3.595094953264509,117.77544881453281,0.987171983377836
T0_S53_SARIMA,91.24774574104603,59.70819176546808,500.0,-1.4465065878423333,22.29419855092612,122.74202623551048,98.01359186466114,500.0,-1.3454097262911153,82.68195368073849,57.7983209377065,500.0,-0.6500944037295491,91.61408420313857,59.29942592298079,500.0,-2.105681854789029
T0_S53_XGBoost,14.69997221420854,4.938515818153138,43.10759355048184,0.9365056430656491,0.020836236886680126,21.032822911269015,9.723747508988405,26.30814827389975,0.9311304451983529,13.58806776105498,5.7126418561674654,38.137587767295884,0.9554340940568021,13.876732865312594,4.673234615910111,42.415976427085425,0.928746380332626
T0_S53_LSTM,41.454272849943514,14.127630279394998,105.1351675899852,0.4950589201013268,0.0,14.60726037632108,9.29111099243164,84.05723544756931,0.9667822902156774,21.053411990245742,11.637657589382595,183.25992783633745,0.8930126797283433,16.460324642330058,7.359862009684245,155.94713160445315,0.8997442550806853
T0_S77_SARIMA,35.43461215492642,28.319587615315697,500.0,-1.2801898836643328,17.91258308632508,50.620261126519324,42.53524763980652,500.0,-1.3713218198661252,36.35485548680214,29.101554421111498,500.0,-0.5624409104839612,35.4738282256742,27.81402105902287,500.0,-1.4566091938058148
T0_S77_XGBoost,3.9312896801711834,1.4363851535911605,13.733409890758361,0.9719336627163394,0.006734742084518075,2.8710666672431793,1.6366907535702921,13.38043663773331,0.9923716907771221,3.541687915349166,1.7320934142205968,16.80509127426162,0.985171427809844,3.7885132682821805,1.3723415086112385,11.46010705959811,0.9719806806836084
T0_S77_LSTM,15.863014435004482,4.961292212089283,28.66922005308475,0.543030634969233,0.0,6.264049184876647,3.5864283243815103,19.087002164049718,0.9636878425012226,5.920499019480257,2.9692679511176214,32.577152834405055,0.9585623246388663,4.650026470710607,1.9134585062662761,31.775898510996125,0.9577884980068307
T0_S19_SARIMA,68.56075582254527,46.867020402527984,500.0,-1.2312844433979668,18.221874087323194,102.07078473116775,82.51370296814527,500.0,-1.7195894733084138,75.33343980916202,53.599835303027916,500.0,-1.2085948355150973,65.23366727690328,45.059041045280864,500.0,-1.4513049995093805
T0_S19_XGBoost,7.907557566479602,2.6901742350265527,21.25715868086124,0.9703183206794027,0.00961663294583559,9.686209937901227,5.174870405773011,24.73264734760429,0.9755089051960709,8.866938107679768,4.186153454641397,30.123273872248763,0.9694023685044073,6.88485500863439,2.4670856854756407,21.151297656521454,0.9726949258672233
T0_S19_LSTM,32.66289376994191,9.887870168001458,36.62397535165972,0.49357742042373964,0.0,11.950541017621566,7.067454020182292,44.1867207133666,0.9627200279736441,11.424897765891725,5.910025702582465,45.54035391362945,0.9492021769571718,9.351549091290718,3.812613532656715,48.63101665767885,0.9496243249689943
T3_S59_SARIMA,104.02623141175897,59.574468806506175,500.0,-1.1111433557395611,16.05112332789279,23.820756505236506,10.392975164971508,500.0,0.0,92.34636379308712,54.636364550008345,500.0,-44.67302155078469,105.31940178775743,55.590798244206304,500.0,-0.8569428726523334
T3_S59_XGBoost,16.622063495788865,4.851752767285876,68.33945688839404,0.9460983738196419,0.0233585387468338,0.39575800276433676,0.1286313390980164,12.863133909801642,0.0,2.693558483154971,0.9244777212540308,44.26673906442082,0.9611426692634597,21.49945903971757,6.151389558660975,72.66300140527697,0.9226185540032252
T3_S59_LSTM,115.56370979684829,74.08373760606683,500.0,-1.605403209906855,9.078125,3.8163360399225845,2.2166544596354165,221.66544596354166,0.0,6.047140037684677,3.1439581976996527,282.7319777859788,0.8041515238035801,20.76350375956714,6.9722104753766745,180.91235533608537,0.9278256207049379
T1_S56_SARIMA,190.27524997182618,94.97949500150852,500.0,-1.3910039268740477,3.6141340467486364e-06,163.7821215601341,55.750000574843035,12.469116591447182,-0.13105052512748228,94.55965197119144,18.58333491503604,4.156511205985261,-0.040173656160111815,207.3819759371179,109.41613809628667,500.0,-1.0814812429625333
T1_S56_XGBoost,21.728807049544937,7.690432190449472,121.52590765789716,0.9688191856187468,0.020832456648349762,38.77730843085644,15.587206280479828,382.7310878219201,0.9365977978090124,22.390005466612834,5.288284929469228,136.83197953823517,0.9416820137072449,21.735549717813736,7.879655606202071,136.6277121200409,0.9771349717456768
T1_S56_LSTM,84.54847096985252,25.31445984178753,263.2553646254594,0.5279073891675751,0.0,42.33053806772564,17.005752563476562,314.56919129604944,0.9244461501880703,24.87327218621619,7.57853020562066,295.85099887819706,0.9280285976487139,24.20036143541826,10.602907453264509,463.356506499339,0.971655148245629
T4_S8_SARIMA,66.10404252863184,29.159837619443543,500.0,-0.9198289899964913,2.4648559712943388,20.518398316858246,6.322140318770804,50.11916189866782,-0.10155076303043353,43.167421047142874,14.923709762321728,500.0,-12.796237922853981,75.0506384886999,34.31598742069181,500.0,-0.770833139097082
T4_S8_XGBoost,9.369399651406267,3.024697139135085,56.6048227565625,0.9614317409605802,0.025098958984017372,6.785019435915519,2.640273919329047,233.5729931487902,0.8795463970348693,3.9549718756472907,1.0040897604647196,90.25750978510045,0.8841928782965749,10.648164159129074,3.9459128421121497,81.45613741191255,0.964353381860499
T4_S8_LSTM,32.62648373528063,11.691473417875299,294.777191510966,0.5323218835141268,5.18359375,7.509545431063041,3.836151123046875,207.80624235519255,0.852448067816051,6.101276984544359,3.379214816623264,279.3185250124948,0.7243931854513902,12.673722782108303,6.147556849888393,177.1748973895409,0.9495016410772339
T3_S3_SARIMA,206.87747672680246,106.59752907749206,500.0,-1.2084028778879263,8.395922967854059,51.737537246795206,18.137133793179874,500.0,0.0,206.56735521628062,108.71558882568871,500.0,-30.173374881212055,197.39679870502508,95.18740965733707,500.0,-1.0398714872118973
T3_S3_XGBoost,23.498469256690104,7.748797085561732,99.47072252340135,0.9715074690986916,0.05717545375227928,0.6865082284187658,0.2612043040183683,26.12043040183683,0.0,6.745670280600261,1.6887768497690558,63.40861486302245,0.9667561998052905,25.85008749449281,8.573908406542614,115.10507579248186,0.9650178391850918
T3_S3_LSTM,230.4767457405342,148.20665919837768,500.0,-1.7409815348601727,24.6328125,8.87743669122334,5.086934407552083,500.0,0.0,16.8665111974118,8.646959092881945,500.0,0.7921686962105448,27.265462791350995,11.864483061290922,424.57306262511753,0.9610821944013141
T1_S55_SARIMA,102.33975864950322,48.64565336246775,500.0,-1.2274932299184442,0.000642052839449302,64.07351839909275,21.833486064770977,12.437312029663907,-0.1313667755821577,36.99286309889017,7.27821570918219,4.184472769074459,-0.04026263692810916,92.82531092544713,47.19810123840354,500.0,-2.5504030914806313
T1_S55_XGBoost,18.271074892662327,5.397968633949275,63.55956566660659,0.9290004148023057,0.006129198707640171,17.865087150212727,6.682823595396864,184.40838773966607,0.9120458058403704,10.316529583800884,2.287146031908277,67.42327925748761,0.9190951856776856,22.4203147285089,7.129382343208861,68.72795305980881,0.7928770383762667
T1_S55_LSTM,67.23040840656864,20.75198524876645,133.19462091551853,0.03869961807450928,0.0,5.470956912924426,2.9654134114583335,171.6482883822244,0.991751540153783,3.9858952377104564,2.0556844075520835,163.9374231673387,0.9879230054757476,31.05934334860917,12.640484037853422,216.2621418080306,0.6025070985865615
T3_S68_SARIMA,193.19417071951264,98.2486204790164,500.0,-1.4806283147420518,10.930819853337423,37.837950354560384,15.299141762990734,500.0,0.0,196.7652645850779,103.00523666788392,500.0,-62.83039411522796,185.38301268954262,89.31194959351447,500.0,-1.2363219140758517
T3_S68_XGBoost,27.387154265896566,8.509519666219441,81.40983169515357,0.9501497344307342,0.000412976136431098,0.689326392575632,0.20209081318656294,20.209081318656295,0.0,6.015452247371156,1.7442958056312312,81.631552986382,0.9403422011693111,22.114908951541032,6.941107115709677,78.21141099706954,0.9681752676711667
T3_S68_LSTM,181.9203789461929,117.4810560308575,500.0,-1.1995627899077488,12.96875,2.7661267559983655,1.3068033854166667,130.68033854166669,0.0,8.060408990944575,3.364963107638889,234.4251375297525,0.8928863506938136,31.696081273125607,11.447240193684896,199.32776507936276,0.9346259197566926
T4_S18_SARIMA,41.870800575522,18.39454450062871,500.0,-0.7499617504045055,2.0071936874695897,23.371750150701928,6.753153296536877,16.328152063485156,-0.0905386747918191,25.046154182407115,8.99018395262353,500.0,-2.547339918014636,48.78101293064488,21.926813401956895,500.0,-0.568036828376421
T4_S18_XGBoost,7.417755429156377,2.637780395466233,50.826671242175166,0.9450774052226709,0.010575518012046814,7.019663941833245,2.7403972328950963,114.27811977225815,0.901623527793597,4.057656852919353,0.9754860326906459,44.29473542998077,0.9068953567425639,7.691553672340983,3.050735948064054,51.63667833831009,0.9610163247698724
T4_S18_LSTM,21.06892784237239,6.605653899708433,82.8782204459738,0.5569110716521865,0.0,10.990601267796697,4.332631429036458,131.1079788861922,0.7588420927131213,6.952423420793325,2.6176622178819446,161.04783378237656,0.7266663288758979,9.976219468022805,4.418385096958706,107.70986166357186,0.9344177035802799
T2_S31_SARIMA,210.31317848742157,116.01466012801016,500.0,-0.8120116965595381,0.0012159525671297032,253.7078586191551,171.3360609886173,500.0,-0.8672241640283922,254.41497967401367,166.37592699099346,500.0,-0.7409545705495477,204.55814983629202,110.37810304348689,500.0,-0.9436046657951895
T2_S31_XGBoost,18.773470701651945,7.215622241899349,41.28495320198666,0.9855616634349256,0.0011760261841118336,17.362102522178226,10.57716926416227,114.74902713689006,0.9912555348292735,24.93511405263333,13.881992160995853,141.41309410168915,0.9832765914534806,16.32514400751023,5.982536724298933,63.916763002223554,0.9876209191065123
T2_S31_LSTM,95.45467830940467,45.3815138237328,500.0,0.6267305390974194,30.0625,33.86411668597148,21.01959228515625,217.82656143905706,0.9667334224321564,34.0715951290569,20.13018798828125,209.5330721814081,0.9687761095661177,23.816961931787173,11.338620867047991,360.93963242763476,0.9736520346276393
T2_S37_SARIMA,46.69585636287237,25.518465141740503,500.0,-0.6765467386907051,0.02892605068580609,51.61479196280472,33.31920571638261,500.0,-0.7914865965256801,52.426834048214154,33.63489272316977,377.99142908344305,-0.7126417332535739,42.62793845223958,22.81375097690409,500.0,-0.9454894692121043
T2_S37_XGBoost,8.867797201212788,3.5467617126706985,32.277889133141294,0.9395368900457527,0.046809181571006775,7.285462699620853,4.229573035224651,80.95024066172346,0.9643072936638358,10.292324331303199,6.095727224864984,52.09150988246066,0.9339935791041567,6.742021912517238,2.6716490759634843,28.244387908903708,0.9513345724029055
T2_S37_LSTM,26.54350193892359,9.72667113673744,73.905186610447,0.45827931904937924,1.017578125,11.784417105729089,6.690205891927083,62.87064566609703,0.9066140776799299,13.045855487144525,7.492045084635417,56.60154099981997,0.893951535475737,8.581232737997086,3.5243893577938987,55.60909258065201,0.9211612760894625
T0_S52_SARIMA,81.90674426546094,57.92373840477984,500.0,-1.2734967869754246,24.908792814784523,126.99294282133364,104.10053469475827,500.0,-1.7061792642691853,96.95123665194924,69.6360133257187,500.0,-1.1669097136473012,79.98743510110107,56.03701670606564,500.0,-1.296142607744724
T0_S52_XGBoost,6.486817321029762,2.4044267797383645,18.807847534015426,0.9857400384866212,0.025099756196141243,7.299186074226342,4.020655435199539,16.730028581482156,0.991059820110499,6.28815989429247,3.2134189397846864,32.52030072811254,0.9908844838890687,4.938549272514087,1.9572340536036616,19.148261070002093,0.9912470570429333
T0_S52_LSTM,35.87103783283015,10.50299816952938,63.0842508753638,0.5639433620175682,0.0,8.947465587514085,5.28509521484375,30.603081847975556,0.9865662438422907,7.303271487771034,4.132500542534722,81.39887500002732,0.9877038542986042,6.873436244747384,3.0695179530552457,95.64686197278579,0.9830447915563532
T5_S16_SARIMA,117.00927284681755,61.55506593677791,500.0,-1.2628592425025063,0.10622992964521061,71.46366118027456,28.878102048731993,500.0,0.0,138.73894511897925,86.7581178461955,500.0,-3.2828381654401975,109.93349677735436,55.7712539822533,500.0,-1.2640100931848344
T5_S16_XGBoost,14.246798133178327,4.66347977531958,55.77776677543041,0.966453167461304,0.03419988974928856,0.03707461341042672,0.03602572235589226,3.6025722355892262,0.0,20.9016001486429,6.32165674591023,29.939410606857802,0.9027938016314225,16.418734423564427,5.197889294547384,73.31282663031621,0.9494992729849168
T5_S16_LSTM,55.54555010894657,17.606774727123206,185.8945884810813,0.49006417507280065,0.0,2.5406957645422446,1.6543375651041667,165.43375651041669,0.0,13.250458617190713,6.363878038194445,210.2434985409439,0.9609342012782502,16.77458955309621,8.695059640066964,303.7562113288673,0.9472864725439655
T2_S48_SARIMA,211.5703370112552,114.50208230086834,500.0,-0.9821566335747576,0.00014200849476092277,269.41016315719065,174.20324144599405,500.0,-0.9053185334711753,272.1718973966734,171.90107509331725,500.0,-0.697403516934604,217.14995395828007,113.06543784828972,500.0,-0.9179096168465846
T2_S48_XGBoost,26.784643793522015,9.804978284797672,32.72379885498114,0.9682312472417658,0.011796097736805677,25.372476309363677,14.216098013654118,75.64245617608178,0.9831008308302708,33.89150639481344,16.075659650656032,80.48940121583796,0.9736803396165147,22.191939266964777,6.9725614616916225,42.79476166211998,0.9799691599077093
T2_S48_LSTM,94.73387840270719,32.08511724882719,190.030052553666,0.6025897631258206,0.0,27.10557182964203,18.022379557291668,429.7754478467016,0.9807133504275618,38.17288332392594,21.08132595486111,321.43930751991815,0.9666106114807391,25.42566620842922,10.634425390334357,297.7168441907815,0.9737062011624206
T4_S105_SARIMA,38.73617614958191,15.88129987619586,500.0,-1.009632611291226,1.5751042735496865,9.38623215363325,2.760463209639859,22.57088910503182,-0.07680055866347635,14.525648032224064,5.232512609266345,438.7594503069831,-6.32522473844178,43.610084879881924,18.946162799639474,500.0,-0.8996201164200273
T4_S105_XGBoost,5.857086941046613,2.05964286099901,53.59409347714269,0.9540541260442983,0.006184926722198725,7.070581494088643,3.163389982752657,248.61558603290354,0.3889694091544105,4.084373614387292,1.0990175982781996,87.3272890803659,0.4208369534436627,6.2303628711477375,2.3483506781076793,60.230327265652136,0.9612278772023432
T4_S105_LSTM,19.551698772515454,5.516627845581639,84.70879093996643,0.48802097293904,0.0,3.929194597233091,1.8991368611653645,120.36900507402291,0.8113052724475309,3.400239499540732,1.6794832017686632,144.7667598293618,0.5986077930901985,7.275314854295596,3.4467130388532365,119.28549443953311,0.947131561654739
T3_S11_SARIMA,58.46145870115761,35.2283850610303,500.0,-1.5456295407445348,11.982300438580523,8.5249726051991,4.340771280921203,434.0771280921203,0.0,55.99247384597074,33.290242020992274,500.0,-161.03396223878076,55.09625386561803,30.979751591210864,500.0,-1.4273221595312826
T3_S11_XGBoost,7.556189167904177,2.534453535130254,32.5119044463687,0.9574733129812542,0.02167712338268757,0.25535817333614913,0.1056302203796804,10.56302203796804,0.0,0.7347687527080402,0.2790126702748239,18.976120421943328,0.9720971799544128,7.191693358080549,2.4333562523430112,38.503985750293864,0.9586433262798593
T3_S11_LSTM,52.01924192009151,33.413090025979365,500.0,-1.0155053022152822,3.544921875,1.0488458367905769,0.5439860026041666,54.398600260416664,0.0,2.5174348382822873,1.1124369303385417,89.03682307258575,0.6724608509396799,6.688856087813188,2.618716285342262,84.90108075835695,0.9642243953352498
T5_S76_SARIMA,93.68244766369546,46.56916849993529,500.0,-1.2914763763151171,0.004133452143376294,74.59979385324863,25.419429681388724,500.0,0.0,116.84434822601766,70.27931477581562,500.0,-2.3624300453593348,93.31749830353236,44.59113001054389,500.0,-0.9720765111354543
T5_S76_XGBoost,14.376307109724287,3.980448081534293,26.763465883522812,0.9460373076853155,8.69802461238578e-05,0.05539959828306163,0.01281071497821055,1.281071497821055,0.0,5.996312041712093,1.4821329456034518,9.071312213079347,0.9911446386636364,9.081024887591647,2.8238736375751614,18.078631765253345,0.9813247116063428
T5_S76_LSTM,39.283943642433485,11.576621607730264,105.8479971144195,0.5970704816412857,0.0,2.102462299396733,1.04010009765625,104.010009765625,0.0,8.815806429906935,3.7332899305555554,131.2727595234473,0.9808591187702084,13.757745465307977,5.941016787574405,166.76751285778485,0.9571360563071163
T4_S111_SARIMA,26.656725537055213,10.698016740315177,369.11122733886333,-0.8847818398857921,0.5840789116141007,15.986493225288529,4.579939728950343,15.665510282487158,-0.08868142978571258,12.789235658484376,3.9887577355043953,251.43295267959053,-0.9766108607643298,31.450493301489768,13.242423504808524,401.7310769723069,-0.6970082612449144
T4_S111_XGBoost,4.659628350722465,1.4717190767082489,29.612135886684023,0.9424096065229471,0.005418494809418917,3.3465429162585196,1.2208841968871031,87.97612727020888,0.9522924409356334,1.9332612141821477,0.42903094810834674,31.53233067133419,0.9548338498820419,5.205065478719694,1.73896386951258,34.26603146541887,0.9535183616366086
T4_S111_LSTM,12.870561836933577,3.9379906175239237,60.75225650129165,0.5606177597495081,0.0,7.909881383021289,3.1140340169270835,96.10421629701239,0.7334772162152641,5.08367938732293,1.881868150499132,116.42041991801455,0.687688264494356,7.93961600523841,3.2123892647879466,79.5437527357557,0.8918496248857315
T0_S7_SARIMA,189.28539600407177,113.31448825213984,500.0,-1.2059716330955386,26.030454043512556,304.91774831300285,233.97862126795857,500.0,-1.333945274115488,220.67874600221555,137.38267371138403,500.0,-0.6185698555978687,197.06471276721754,116.84850063088331,500.0,-1.196911729110405
T0_S7_XGBoost,25.82714432367973,8.3347757807632,44.29824138220206,0.9589305878768577,0.011515066726133227,12.474224689384247,7.2581883245147765,25.185105071132075,0.9960938188010191,10.856074820529335,5.106706786150527,35.47555168028906,0.996082977298068,19.686839508912417,5.650399085874336,30.284359781615827,0.9780746325791544
T0_S7_LSTM,83.2112704839854,26.7067322069378,201.98590617989805,0.5736855892679416,0.0,31.010750640097562,17.700154622395832,119.15686871486211,0.9758593022735501,25.65476297278545,14.12485080295139,296.1278046677574,0.9781250813831496,19.828681507452774,9.910082135881696,334.337001337995,0.9777575536136869
T0_S1_SARIMA,88.29418163770968,52.695837265303155,500.0,-1.1331969845534307,9.690492439536708,135.25709622884082,105.84070100686483,500.0,-1.54648053948964,104.037420319468,65.083022110725,500.0,-0.8266712042248217,89.45652169546207,52.84295686538756,500.0,-1.208498866773236
T0_S1_XGBoost,9.94935583925396,3.5995751772400073,26.50141355188659,0.9729132613581327,0.0122532295063138,9.987799327077406,5.191164594764511,21.964574828268965,0.9861145532094758,7.402555450808793,3.4094280295668997,34.347308694923065,0.9907520692062047,7.484534138494778,2.733501373607266,24.72430471517349,0.9845402412411224
T0_S1_LSTM,40.013691736929864,12.272801376415782,78.53428822426835,0.5618891246368409,0.0,9.276115035220815,5.429158528645833,46.11928414548653,0.9880228774270802,8.918805910532582,5.202050103081597,105.16432275994791,0.9865756069740262,7.809031554909241,3.9692833310081843,122.72579814581938,0.9831706430878064
T1_S0_SARIMA,119.98921645385919,58.98096311272585,500.0,-1.2337459757756188,2.5011958476648926e-06,83.14370092674226,28.708333773686277,12.442889265097213,-0.13536017763597608,48.0030381114764,9.56944565448452,4.147736080608379,-0.041385433247494996,127.43955567670419,66.19714270168777,500.0,-1.0057244571893356
T1_S0_XGBoost,11.960742072134392,4.121646909672616,96.11988150106808,0.977804465972178,0.016974447295069695,12.895870455378919,4.487523155927192,237.69210946694437,0.9726865678044356,7.446789229030787,1.53519491288009,83.16608924608404,0.974938205019157,11.389409716817209,4.354066052975776,98.79655793236543,0.9839799006301065
T1_S0_LSTM,57.24559326881212,16.222917912679424,150.42109062471107,0.49156730583713115,0.0,12.888280193653085,6.090372721354167,236.80391732356912,0.9727187106657608,7.720951503881498,3.136844211154514,189.60663617816888,0.9730588767758571,12.700901938102033,6.105906168619792,255.69620698841624,0.9800780475679786
T1_S22_SARIMA,90.97916219700886,45.137892447431234,500.0,-1.5613794793030946,0.0011688447753673216,53.09623072776579,17.958570022782634,12.426349231981144,-0.12917141350638817,30.6551231119832,5.986755529622016,4.198668613440758,-0.03964363940744553,100.21823827630502,52.77110257979249,500.0,-1.1605512331849388
T1_S22_XGBoost,11.387252487000104,3.7807919106972023,63.24088030584072,0.9598738067933198,0.026476703584194183,8.426027008665365,3.693964918842539,108.59871766823403,0.9715633662242296,4.885784575782565,1.346143774739984,47.68178606865845,0.9735913014075348,8.312815893275124,3.234230347055321,69.2659906419772,0.9851349160792642
T1_S22_LSTM,38.13079459783264,11.466046347002093,107.01637610969131,0.55007329568201,0.0,8.673298553378249,3.8898518880208335,153.7901366599794,0.9698698646129553,5.162037743947729,1.8911217583550348,110.71382512146882,0.9705204586027593,9.66335230836786,4.6693841843377974,189.01507790201518,0.9799124640085995
T1_S65_SARIMA,38.268184681609746,19.062468081549284,500.0,-1.2597976449313322,0.0033026309767455165,19.936405104367385,6.709183440045533,12.32470364026732,-0.1276856543980336,11.510289133260935,2.2383992887799637,4.308715423234352,-0.03922658903515508,40.77965612467867,21.424853946826662,500.0,-1.1424998060598672
T1_S65_XGBoost,4.802908515127909,1.5181238731992115,21.95095996830819,0.9644038967317266,0.005876217037439346,3.3476869955454815,1.31167901509131,29.79693122969899,0.9682031537827099,1.9349375097987869,0.4699887416015069,13.208550733673352,0.9706321826018249,5.682848035136045,1.9068746973671729,22.94837426551231,0.9583930617574371
T1_S65_LSTM,19.69744228481694,6.363239489103618,71.21350011662105,0.4012941487698545,0.365478515625,3.5910371914263046,1.6956583658854167,75.86824832476604,0.9634123798168648,2.295813786988626,1.0672488742404513,75.4923580027866,0.9586561322337581,8.858373108664756,3.6928921654110862,92.84901841616453,0.8989022221512453
T1_S67_SARIMA,86.3285829490236,41.58056100330168,500.0,-0.9607132320753764,0.00010530801560674853,39.298007880257046,13.1666897880605,12.365313258912812,-0.12645128641156544,22.688715428391337,4.388952133872435,4.12732487153094,-0.03887341229751673,102.63613607259035,51.91442424402796,500.0,-0.6180000831831358
T1_S67_XGBoost,15.386807277822555,4.34239752224143,28.454214318403604,0.9377123589304351,0.010572229512035847,6.428952330857113,2.526696077004696,104.91594054853977,0.9698524686332166,3.714632590752597,0.879090226126007,38.65780022862408,0.9721532481322781,22.84702926618786,7.853408362333929,38.9965363624957,0.9198252844256521
T1_S67_LSTM,38.65379312136978,13.110845684434809,90.19644225443251,0.6069126289326905,0.0,10.813265621429498,4.423553466796875,84.39232043829294,0.9147125583550764,6.302491101361293,1.8152364095052083,62.20263220338932,0.9198382300335278,27.578074480513767,11.174070812406994,165.06565981496598,0.883183058264924
T3_S26_SARIMA,88.66329301647696,49.51607692386535,500.0,-1.439293234835707,10.302656892759181,14.571037139630745,5.502839420316185,500.0,0.0,88.85187003397456,49.08326221836233,500.0,-143.58788677501607,85.81165047131033,44.47030879815069,500.0,-1.266325214911776
T3_S26_XGBoost,10.417286262214619,3.3926375738178542,54.398983365247574,0.9663267143975224,0.023194951936602592,0.2379035869938446,0.10753507807385176,10.753507807385176,0.0,2.424842651285313,0.7452391942109292,37.03295284876028,0.8923123524863822,9.521988597222153,3.295233692386232,67.74246097826394,0.9720948067398039
T3_S26_LSTM,83.7280896478719,53.495841140382026,500.0,-1.175297504252491,5.171875,1.2943222629248237,0.6111246744791666,61.112467447916664,0.0,3.360445751215384,1.4372219509548612,99.99725503265543,0.7931799957840604,8.76431175435848,3.3786497570219494,89.85751334861006,0.9763590265478632
T4_S112_SARIMA,62.66232912225546,29.257829317058896,500.0,-0.64815038196535,2.1182665680275514,14.693472121351075,4.261503357733877,48.26382372981722,-0.08825713067952479,46.76793082682477,16.64991539631473,500.0,-30.518659964354374,69.82084354985358,33.90981888830431,500.0,-0.5140472671853888
T4_S112_XGBoost,8.515830108387792,3.0060409879792065,37.95895115203303,0.9695604837634468,0.012085618451237679,4.7447182482119485,1.876520754924665,104.52950369759124,0.8865241325711346,2.7460140490199043,0.6870221388526261,40.994689953637526,0.8913381879112987,10.515883090524841,3.940098451116466,39.54765774422108,0.965655219183312
T4_S112_LSTM,34.24428967813244,13.967109935705741,432.1569208968416,0.5077790513047202,8.43359375,3.49065530974987,2.14373779296875,187.93147160456732,0.9385818703873623,4.249706833208677,2.7470838758680554,265.894285022703,0.7397508162914318,16.722704365415456,7.503667922247024,184.17367097827747,0.9131475098040323
T3_S40_SARIMA,208.1709850754888,113.81344827900212,500.0,-1.4202067331345507,19.50962193192172,39.436671195554,13.851029003589668,500.0,0.0,206.24219919636087,112.0318515070488,500.0,-86.98500466924999,201.05591849807686,101.93681873274909,500.0,-1.1786524704015382
T3_S40_XGBoost,21.157790879798604,6.895000286654315,108.23261226827181,0.9749992687939011,0.0574677400290966,0.7751437781711389,0.3460780888174971,34.607808881749705,0.0,3.8953617549067747,1.4079266884364188,83.47127705314473,0.9686130445172246,20.759806499323155,7.094824540667192,111.58778742558799,0.9767725872561228
T3_S40_LSTM,216.33570213018405,136.18296266400642,500.0,-1.613776597272925,10.7890625,3.237218729280908,1.9558308919270833,195.58308919270831,0.0,7.656603889547388,4.159281412760417,348.6128434660538,0.8787376560290066,16.666314084924004,7.015343802315848,248.28785767270736,0.9850296015689497
T2_S13_SARIMA,168.44055993670986,93.68977639852528,500.0,-0.7563247197514216,0.002499965293910303,193.938613997099,128.23526063950453,500.0,-1.1943574633663663,201.7026097934819,131.99672031881045,500.0,-0.8295549274492455,158.24144969511582,86.55222564773192,500.0,-0.9082274311065424
T2_S13_XGBoost,16.48854886609635,6.676105333830822,88.08921766731883,0.9831703016302163,0.08797480911016464,13.549357703263002,7.983418319451933,90.65875393687439,0.9892893403864811,22.34610529648316,11.74858727081058,185.29599160429993,0.9775443257702985,14.63892902831955,5.166996759927964,92.60136078847161,0.983669170703667
T2_S13_LSTM,79.65627328943101,42.159418571508674,500.0,0.6072181337531117,26.5625,27.710529438388065,15.824869791666666,156.40740706772667,0.9552009867791994,36.90513327314393,19.65679931640625,194.58187015594888,0.9387514271702119,25.602898492674093,11.128649030412946,353.82287669071917,0.9500462728420938
T4_S122_SARIMA,48.44588032720181,20.888440148976382,500.0,-0.9615907317387977,1.4264986332455187,9.6389305743661,3.0060471049350226,35.997044229113314,-0.10334564846815608,37.26401273645001,12.151453732513094,500.0,-45.756193849222505,53.43638650727089,24.05692339293417,500.0,-0.7302800669100984
T4_S122_XGBoost,8.881212564203715,2.4796690903748853,32.56196293148984,0.9340766564540506,0.026566384360194206,1.7893233429547168,0.7709869237927099,70.86966476656129,0.9619782994295165,1.0425484394365765,0.3144683388527483,29.370491347704924,0.9634024176787627,11.934896953755294,3.638209692798444,33.513220587852224,0.9136863291778875
T4_S122_LSTM,23.378140154945918,9.019457073302931,315.09195902461227,0.5432120774066227,5.251953125,3.7523463485150694,2.0123291015625,108.06969159915123,0.8327909738229082,3.0547521781632474,1.7935994466145833,148.30553847575874,0.6857958784478709,8.739487027880914,3.8729684012276784,121.43903595310053,0.9537177862340208
T0_S82_SARIMA,95.63728831546106,66.27451694419202,500.0,-1.214652984102206,34.534569576313665,151.28693148960068,114.47865197547848,500.0,-2.015512631726498,104.80540368530224,72.50403357561174,500.0,-0.836027144097895,93.50699018248635,65.02516469426666,500.0,-1.464141976170556
T0_S82_XGBoost,8.165255710816513,2.770200073731975,21.994102727905112,0.9838567579482,0.010180558077991009,11.456093706478704,5.918194220556567,18.658087071252893,0.9827085490077073,9.070002397918534,4.3596433366530825,33.27869152276309,0.9862492447817242,6.549804544163255,2.4053681250422545,21.00711294100227,0.9879097786762846
T0_S82_LSTM,49.235137468500426,18.710596988075658,229.0946100665234,0.4130494847570304,0.0,47.39025907147764,27.184285481770832,309.29706266718875,0.7041057748923557,41.437341398079774,23.4874267578125,486.8460192588556,0.7129910007785267,29.286955885466085,13.080198742094494,312.6330265887746,0.7582725131809467
T0_S39_SARIMA,206.97976141938457,120.32157828989659,500.0,-1.2147872459861322,22.08826229678376,332.1071046774385,254.24483360690897,500.0,-1.6158353078047512,241.01624737729605,147.37063999561897,500.0,-0.727903410165109,212.8271163624296,123.12271177747841,500.0,-1.240630863991385
T0_S39_XGBoost,24.169733967964607,8.403486628241337,51.33440358910837,0.9697990926942932,0.005390172824263573,19.721613751536037,9.988005155619854,45.42779212176684,0.9907755822600106,18.1087127841217,8.566947084696343,88.98495155947359,0.9902455680671836,18.208653508601472,6.423157351002807,44.856462726928086,0.9835989347603595
T0_S39_LSTM,92.02500184935269,30.442189157294315,262.8517896028223,0.5621877392844119,0.0,33.873890673238684,18.972846349080402,202.2809864784779,0.9727865108718459,32.472863719870226,18.775982962714302,446.92636876256466,0.9686333598779958,22.900451662838694,11.59424182346889,411.82738412306577,0.9740579382702248
T3_S61_SARIMA,79.08449662744822,41.88882701905289,500.0,-1.3515788491117124,5.165433354252693,22.232168205959383,8.19831470604025,500.0,0.0,78.96698810942722,43.18018046281781,500.0,-38.9880140205465,75.34236266650427,37.69979560886538,500.0,-1.2007647967644122
T3_S61_XGBoost,9.063279515070004,3.218324181102116,56.09240655873329,0.9691150015416967,0.03702164813876152,0.08633736609998985,0.049948421151687704,4.994842115168771,0.0,2.352364045622145,0.7121530427684775,21.17607377308697,0.9645147594375855,8.698241749732418,3.157165512530593,75.04408867298685,0.9706668902042018
T3_S61_LSTM,101.72753658817638,64.84842342394961,500.0,-2.890934246565417,9.09375,5.336028229075668,2.6990152994791665,269.90152994791663,0.0,7.810894970915223,4.13156975640191,378.2657578408843,0.6087626719461521,8.885157998124376,4.472380501883371,233.77716896822847,0.9693926683027172
T0_S8_SARIMA,94.91428376069588,82.02104004237161,500.0,-2.7842793149951004,66.45145403663301,122.67059089525142,104.5804254383787,500.0,-1.7954890488773043,89.68095182030706,77.94281121486516,500.0,-1.0454489012043022,97.12113841483432,83.36626581981004,500.0,-3.024870040118361
T0_S8_XGBoost,10.092761854431982,3.66950262320043,23.369831982332514,0.9572102168046586,0.010996496304869652,8.625002229776921,5.245835658415065,54.234535905403405,0.9861804050910594,9.8225871690277,4.475327806421167,38.34651576759065,0.9754619526703618,9.962373396025127,3.3132576688007074,23.242357607087317,0.9576503365085353
T0_S8_LSTM,32.683596041511166,9.958074104272578,45.80930432679003,0.5512755824886023,0.0,14.061850032708923,6.553415934244792,45.99078079748864,0.9632665427637628,11.63770385685962,5.262013753255208,67.7227546979278,0.9655552672281499,8.776209349805393,3.353147234235491,67.16905938051202,0.9671346484580378
T4_S25_SARIMA,61.27478217506681,26.13690894187499,500.0,-0.9129470614636073,0.6957937998209708,9.821201895479193,2.835270552990384,16.07422574594309,-0.08964187343955676,47.56070136687879,14.990788379844908,500.0,-71.52970948326815,66.4424507137218,29.987185160338385,500.0,-0.7019388690162882
T4_S25_XGBoost,8.50845605871172,2.569223568927381,40.65628592233628,0.9631157531307932,0.01020415686070919,5.070140233521689,2.066719703376293,110.95912031947621,0.7096014461276494,2.953991500809565,0.7575112611391686,43.846842774532476,0.7202063074355064,11.594463069233209,3.632369365881286,41.57628260768063,0.9481732525490089
T4_S25_LSTM,30.508399596531422,13.330133611505682,500.0,0.5257817629007548,8.796875,4.7027132122282795,2.61669921875,172.5704579708486,0.7501660261919538,4.669395353011816,2.9098409016927085,261.284268867887,0.3008977005938811,11.810435565849724,5.813829694475446,214.63191015781305,0.9462244946691549
T1_S43_SARIMA,128.8702333727,64.16478615061651,500.0,-1.4334053407004794,4.8929622172117464e-06,92.42835068326181,31.333334416388468,12.444334585845585,-0.1298437949516129,53.363533147734444,10.444447413411519,4.148372323484848,-0.03983320306889415,140.81484747064508,73.89249540067534,500.0,-1.1357561367851572
T1_S43_XGBoost,13.460111121925607,4.7620998250919895,81.74495412421248,0.9734535459994746,0.024154480546712875,15.198176072686659,6.21534158817182,192.43153594896717,0.969451426085914,8.781916043801214,2.144991639846315,71.46495636189323,0.9718386746244552,12.351269996027721,4.84423228690312,81.61245462725343,0.9835684703222832
T1_S43_LSTM,57.24112275562889,17.403254458778783,147.47787289985646,0.5199068447936082,0.0,10.042936594444342,4.654978434244792,189.90421478623637,0.9866608105838229,6.126145382403032,2.5629814995659723,164.43360707718296,0.986295943933491,16.817999835745166,7.830631437755766,260.3075444482823,0.9695348407566545
T1_S20_SARIMA,177.1123166226671,87.96412788877102,500.0,-1.49740776452165,6.847739386490772e-06,105.13106894145258,35.70833429591823,12.451574467913552,-0.13041071027740347,60.69745095354083,11.90278053857704,4.150768816401184,-0.03999320764716985,188.2025437930617,97.88368841389811,500.0,-1.2649474809039467
T1_S20_XGBoost,23.42957960924036,6.7703616181834105,110.55575288276938,0.956296026638504,0.010987508110702038,11.656203582760401,5.6440876386671635,254.84609258906445,0.9861040465266442,6.766428163191591,2.0758816925032684,104.40061215777621,0.9870756548353358,33.08279638566334,9.886703708940852,117.62448383732311,0.9300139340314911
T1_S20_LSTM,83.51616824070032,26.229645797510468,258.9620501446801,0.44469312372707936,0.0,11.121219951850161,4.782918294270833,224.56382669587632,0.9873503367682994,7.439275807398781,3.1465386284722223,230.07786193681991,0.9843774861748206,31.586310501717158,14.118078322637649,471.01745772900284,0.9362023093532277
T2_S6_SARIMA,85.45181679961212,46.7779443350315,500.0,-0.9067230636037027,0.011330243661904247,109.91959691734336,72.06373523154089,500.0,-0.7402592416551643,112.1603554836401,71.82707847413093,500.0,-0.6762333897895987,88.4209596234296,46.626120222552,500.0,-0.8253515063070034
T2_S6_XGBoost,11.65757253750504,4.627538490098005,33.11382880578652,0.9645136549343785,0.058559976518154144,15.489078432321786,8.395463708012054,108.10396817902152,0.9654446853133813,14.691953712358117,8.275726617365661,64.96516696177405,0.9712382811948558,9.622281575642223,3.626987064257264,35.86692295081551,0.9783831612200635
T2_S6_LSTM,37.94706732160108,13.304249740673594,99.42714061294463,0.6239882175653652,0.0,19.27623623233806,11.91033935546875,190.13508311695617,0.9464809772746791,17.333817068901425,9.943888346354166,129.56111512133032,0.9599646019246233,11.620148778694023,5.2115224202473955,150.51179080441685,0.968474684775468
T3_S29_SARIMA,69.7719064834372,42.72363667871142,500.0,-1.6547454044293772,15.788423849027202,8.351502259671859,3.8078451529167823,380.78451529167825,0.0,67.17201291044685,38.4284285723496,500.0,-136.71582180903624,70.21042481570322,38.71453943667505,500.0,-1.1844275695438253
T3_S29_XGBoost,10.366814330714135,3.3755693008341163,40.695746780960754,0.9413926157578358,0.008524809032678604,0.008524809032678604,0.008524809032678604,0.8524809032678604,0.0,1.7545938666541487,0.4383683728778528,17.68325779586732,0.9060362531119688,9.762773792386923,3.2548403648210558,56.9530348091729,0.9577641828719559
T3_S29_LSTM,49.03267123590283,32.799388246673146,500.0,-0.3110909058592901,7.615234375,2.3866370541439936,1.2692667643229167,126.92667643229167,0.0,5.134480747674803,2.7783610026041665,253.4097414060741,0.19536267952867725,11.141316052007708,4.223127092633929,191.4404459894217,0.9449943329012166
T4_S115_SARIMA,35.708078484276925,16.291066445656476,500.0,-0.6616337674472963,2.0399986161717427,12.99854910250396,3.4710285227095947,9.458127156843773,-0.0756338218994348,20.26572453449459,7.43722347074231,500.0,-6.464778077124823,40.58939012656675,19.049343883529268,500.0,-0.5389661952040676
T4_S115_XGBoost,6.518859161082277,2.190284283385132,30.520835466635994,0.9446209444974605,0.006113610230386257,3.0802562645614477,1.436897262542819,82.9846448444037,0.9395984073045331,1.7890734754263222,0.5381339828794202,33.57837115131594,0.9418233131495282,8.327003569884479,2.907804606986853,32.465854027439846,0.9352288616017735
T4_S115_LSTM,19.79314166632348,6.123737243944378,62.08255181722804,0.48945760177983455,0.11474609375,3.236872353125172,1.7662353515625,99.6608615451389,0.9332999993907378,2.4694833078852656,1.3901570638020833,113.36148184317129,0.8891578807696727,8.513709060559732,3.4081348237537203,73.17509439141007,0.9322917423255552
T3_S12_SARIMA,155.83116874892067,73.01274578130246,500.0,-1.1345924668418097,0.8110121733803256,52.02482646065532,17.661962990861465,500.0,0.0,152.81124059606518,75.70540464667458,500.0,-22.620288651871,150.688622980182,67.25196894845993,500.0,-0.940793730035901
T3_S12_XGBoost,21.141471275242665,6.094705213342557,91.213580346116,0.9607104792486116,0.12626148760318756,1.0118550806682607,0.37098891551916796,37.09889155191679,0.0,3.5066510634173507,1.2827517058984894,89.55014132680932,0.9875617379354539,18.57009184519097,5.702349186869382,119.14291968945004,0.9705254926098946
T3_S12_LSTM,206.99118154954994,137.23587284361918,500.0,-2.7662574499768686,37.734375,20.39809368539724,11.615437825520834,500.0,0.0,26.0169986201205,14.420918782552084,500.0,0.31531788216033707,33.059862360169305,16.334397815522692,500.0,0.9065841576561694
T5_S42_SARIMA,108.3656196909736,58.684690938044916,500.0,-1.2602966812357987,0.029133267929005405,74.27067741694947,31.611920320697305,500.0,0.0,129.3855918575199,83.79611794100931,500.0,-2.7302282972565117,104.50925976633037,55.00370627597962,500.0,-1.0599044649487341
T5_S42_XGBoost,11.649809423845433,4.287251584830083,63.69247641563553,0.9738771803873425,0.031046872958540916,0.08275036036302494,0.054107130117093526,5.410713011709353,0.0,8.612162666748137,2.9231933181807914,41.96316006073527,0.9834732283268649,11.250910077743313,4.4458177327760495,78.84730732247378,0.9761266787094046
T5_S42_LSTM,50.9989411758176,16.490618692060405,167.4888294604586,0.4993839967220971,0.0,2.887776031071225,1.9414876302083333,194.14876302083331,0.0,13.049724057630817,5.800984700520833,179.14070162213775,0.9620539796269197,17.636841955460184,8.428056989397321,302.25313502007987,0.9413349855453159
T4_S14_SARIMA,66.91676364528001,28.807832277906957,500.0,-0.6857868347307043,2.3411755212608107,15.504852632844603,4.907631366621971,69.82256781252029,-0.10560715224479789,47.88894767729448,16.559040616287817,500.0,-28.98117009423201,74.13094134774735,32.45368872607882,500.0,-0.5577722076805802
T4_S14_XGBoost,13.225905587052765,4.283311581048607,64.45701337151107,0.934145775941709,0.027334950864315033,3.030637320619201,1.2265881435014307,113.5235391437561,0.9577590683799716,1.752057276587279,0.44972856818801826,41.92776508333951,0.9598694982420599,16.654811436651812,5.444795467469486,75.32659762136899,0.9213707086972923
T4_S14_LSTM,36.516486357500916,15.461122065639952,500.0,0.4979918520694415,10.75390625,4.412891022058967,2.7474161783854165,216.47562096480226,0.9104404384130215,5.67928819099542,3.6763916015625,348.2171611983369,0.5783366983823215,19.824202932252597,7.411278134300595,265.2734536053727,0.8885971270957922
T4_S20_SARIMA,19.474078201424142,8.624767376308885,375.5586074489125,-0.6418052444714384,1.5470975229698656,8.267265890268662,2.170878308806102,8.344179410027595,-0.07399243597310745,10.629367667864352,3.7447018408765698,304.88896693079613,-4.076499802252029,22.34291874684874,9.824749066005046,348.1285086090666,-0.5079662483645166
T4_S20_XGBoost,4.399116187065335,1.4715229485971568,29.82635702438592,0.916220322501125,0.01560505572706461,3.3454431945719394,1.4245695425197482,80.99729082825729,0.8241328476421312,1.9354661958820671,0.520826524317575,31.596097957184988,0.8316858238648852,5.675104816292261,2.041802532721444,38.48619731829698,0.9027119310766942
T4_S20_LSTM,10.71789771501957,3.2040667374168286,47.00144122169872,0.5026901794508851,0.0,3.345096161184303,1.4815673828125,70.35792684962607,0.8241693322599221,2.3284918230110674,1.0969789293077257,83.76495578689791,0.7563878475905246,5.502020598501599,2.302338191441127,59.37467427420581,0.9085557856880465
T4_S80_SARIMA,49.651478593214776,22.40814386275453,500.0,-0.8279316802631589,2.5658231451589266,15.666589795437682,4.389432399740964,25.12361057722777,-0.08363760323971525,29.47693230405616,9.652366695534788,500.0,-9.938372536777642,55.484960626677164,25.463773515414676,500.0,-0.7256446758976764
T4_S80_XGBoost,8.022600674957816,2.67483687853278,55.40712937219432,0.9522771975464459,0.015818750485777855,7.750705079940949,3.0976181252238653,226.12945490796554,0.7347731139091994,4.477328735839615,1.0819466923648078,80.31721669834046,0.7476367526150633,7.5006644667585896,2.9841457818069363,67.95991049597689,0.9684644588421737
T4_S80_LSTM,26.454432235691417,7.690568257747084,87.73890082434941,0.4810894769205464,0.0,2.6842998036698043,1.5581461588541667,143.47580027692192,0.9681875467287623,3.3889829949098735,1.8560884263780382,181.49590410163893,0.8554137740867029,6.868420365454948,3.244833446684338,112.61323582974264,0.9735567673470185
T3_S39_SARIMA,139.1313231726113,80.70066307068026,500.0,-1.4715337453108854,23.691115654682687,21.02308987635463,9.112709148630893,500.0,0.0,133.81230347352104,75.78689559459694,500.0,-122.37111634197133,137.28357520051097,73.18803712109968,500.0,-1.1475666464711733
T3_S39_XGBoost,13.80467087594819,4.631805525733934,86.74050382548634,0.9756685031313141,0.10037627443671227,0.22041007448333266,0.11783857872554411,11.78385787255441,0.0,2.403040676371802,0.891258338246391,55.75850768732794,0.9602127754211973,15.953929946289655,5.326453953554544,90.93284414032267,0.9709968712597121
T3_S39_LSTM,116.06108883614208,74.97994396446995,500.0,-0.719847719849863,8.96875,2.7746685394304924,1.3978271484375,139.78271484375,0.0,6.384106354458842,3.318454318576389,299.3283881267642,0.7191841429641017,13.855913282790178,5.937567574637277,226.39320655992296,0.9781234012027055
T3_S5_SARIMA,182.72396037961627,113.9954500223696,500.0,-1.6032345711229103,45.49120662637219,25.191989669762712,13.32910706502029,500.0,0.0,172.41036796551126,103.49911291762633,500.0,-235.75372930535164,182.2218378780542,103.36749168253495,500.0,-1.2293694305181933
T3_S5_XGBoost,23.508012870152523,7.2410512530271625,98.65754537466522,0.9569122175344489,0.13125236332416534,0.1522638296243578,0.0898752814779679,8.987528147796791,0.0,2.7483817178469083,1.1359412056497402,66.5451521192948,0.9398377357182872,23.412888831849525,6.94258558948613,117.62343920022546,0.9631963236739743
T3_S5_LSTM,135.39177964545516,88.5804183448901,500.0,-0.42924571062211414,15.34765625,3.9069530121479974,1.85113525390625,185.113525390625,0.0,12.457425237428598,6.030687120225695,500.0,-0.23602327856534022,19.03854782771959,8.101098196847099,404.23685389960883,0.975664020256707
T1_S5_SARIMA,65.75197700309336,32.85922396677567,500.0,-1.4812987072134884,0.003155077606122849,71.78096314444181,24.250798818680696,12.505979182129682,-0.128837161193184,41.44275846311665,8.085489154212038,4.357614525890501,-0.03954975171656838,72.40621390356687,37.930127192196466,500.0,-1.150462724167432
T1_S5_XGBoost,9.801700038555058,3.3081002165607964,62.99424354318863,0.9448603209977907,0.00426253629848361,12.24146428309858,4.541552532231435,167.06479928637822,0.9671693504852726,7.076542833880105,1.5936019684110458,63.66337886218282,0.9696896990005399,7.515295581796277,2.8041792350538475,70.54632500467487,0.9768328626342503
T1_S5_LSTM,28.863788123505024,10.060781378495065,150.61446145573365,0.5218456908659185,1.73046875,28.941775000389747,10.922047932942709,163.4775004602399,0.8164885946684154,16.792812163050886,4.52685546875,143.10978259698967,0.8293152069073503,16.46472159676899,6.637904575892857,150.1669671119116,0.8888040360119512
T0_S76_SARIMA,153.46406029934482,88.25966575772762,500.0,-1.0933470688469766,10.240586457585284,238.09834129091954,187.43102933932664,500.0,-1.7902086597256153,176.28695097068052,109.19014796918184,500.0,-0.9264451711664505,151.49363882528434,86.67386562966526,500.0,-1.1787716423410601
T0_S76_XGBoost,12.644446514235206,4.421647026338927,32.315154231025495,0.9857889058333675,0.060484595596790314,15.135419688648811,8.421195425170785,27.360224571607066,0.988725095334981,13.071139805836449,6.30937440895165,48.92773040631879,0.9894088470491385,11.552143343956304,4.134220095606343,30.42504065199609,0.9873308330896137
T0_S76_LSTM,70.57545233548964,21.783730538838217,180.36229886116308,0.5572738135701739,0.0,15.901761524021603,8.235188802083334,123.84910489845228,0.987554440807453,14.371780493739804,7.937786526150173,284.0902048732625,0.9871962415851275,15.18384204692478,6.997568039667039,285.5643590608705,0.9781129981813336
T3_S28_SARIMA,102.43236617108604,55.3423435528162,500.0,-1.1189604302226095,8.398917684550511,41.57913869210058,16.549236869575637,500.0,0.0,99.64322073203246,56.358211681305924,500.0,-28.5293169767444,94.51334495720043,48.84077249448629,500.0,-1.249753640778434
T3_S28_XGBoost,13.095245451397652,4.5789065292571856,81.597321301669,0.9653681475173986,0.10981687903404236,0.7440910675609655,0.2199034277582541,21.99034277582541,0.0,6.525441006031279,1.8852447712431766,61.096789527283356,0.8733580398399345,11.081278551547749,4.111777375646246,104.07415202687974,0.9690736661536048
T3_S28_LSTM,122.70568539702529,79.45790560051584,500.0,-2.040729643723775,17.67578125,8.569576592322086,4.596476236979167,459.6476236979167,0.0,11.5528220992324,6.312167697482639,500.0,0.6030515962072214,12.991754611433167,6.6607171921502974,344.18494437910635,0.9574906647246021
T5_S23_SARIMA,118.27759095469106,61.250711756750526,500.0,-1.4148433158805749,0.026555362817629505,91.84075388570619,35.14807981596143,500.0,0.0,146.1524599602433,90.50417855758928,500.0,-2.801474085728239,115.12134756546524,57.45560165151173,500.0,-1.1263134763084794
T5_S23_XGBoost,13.94899471521356,4.592081260341598,68.61941431708193,0.9664131065833523,0.085698202252388,0.08617131164349758,0.07566309844454129,7.566309844454129,0.0,11.425300117441447,4.277130155824125,32.99815893474394,0.9767686199920526,9.923343972529649,3.9509098535691876,79.19496000253116,0.984200925262645
T5_S23_LSTM,50.95928128169366,14.835783232912492,159.34377377161715,0.5517393619230007,0.0,2.9666939391972966,1.8180160522460938,181.80160522460938,0.0,11.021398416701915,5.237820943196614,191.29829636489637,0.9783821161326997,11.017531224069607,5.905287606375558,267.5572604454043,0.9805247006244184
T3_S46_SARIMA,203.382372874814,106.73437012221797,500.0,-1.342187319179586,11.995554273493653,31.449752183506433,12.876173226629007,500.0,0.0,201.6769679754322,109.93687613077017,500.0,-134.17822355623613,197.6067341485163,98.27515944486579,500.0,-1.1205936459091173
T3_S46_XGBoost,20.588351692567645,7.17935423164976,112.15377675756753,0.9759985122828022,0.056115757673978806,0.9289426097556677,0.4018756492684285,40.18756492684285,0.0,3.114869008741584,1.1754536900358896,71.38378241204654,0.9677541593585925,19.835049181894362,7.249590282497506,132.75197623670653,0.9786341321533596
T3_S46_LSTM,191.8059252443989,121.84609853936155,500.0,-1.083142808880512,8.703125,1.8684242138936138,0.8031895955403646,80.31895955403647,0.0,6.798035187837305,2.810807122124566,205.69629143586187,0.846410705914421,16.928904924734933,6.757232302711124,184.70160259368075,0.9844363410162906
T4_S33_SARIMA,28.803074810386352,12.266618190943753,500.0,-0.9158046754264209,0.9936043471434453,7.445786413184488,1.9505069320066937,14.933431999338334,-0.07248656722080038,19.338526449438827,6.314964109378417,500.0,-19.76257124007051,31.913634851325998,14.454784128754378,500.0,-0.7808932911150164
T4_S33_XGBoost,5.22979456511169,1.7223989656562673,22.407119460474632,0.936839903803855,0.01545892097055912,2.824381194081423,1.1581723930624623,58.66374664199899,0.8456817337168449,1.6370565685860163,0.42898737990374985,23.84757376895924,0.8512141085069533,6.04397455775536,2.2124284170651145,25.003171410112618,0.9361250446448357
T4_S33_LSTM,14.722447309484867,4.362911425138774,77.9163716675729,0.49946604838166375,1.373046875,1.982569145073271,0.8245970408121744,32.28510654333866,0.9239625753471699,1.3104374838268804,0.6173445383707682,45.00958799111723,0.9046617902809956,4.884562117181364,2.2341514769054593,45.57667198626822,0.9582807369304284
T5_S11_SARIMA,115.0459922668619,59.38271736170853,500.0,-1.3427561280760374,0.0137143536674256,87.8493812099995,33.88012250062762,500.0,0.0,141.6495296649237,87.52253005039486,500.0,-2.6157220008520286,115.81278272876317,57.97144067782334,500.0,-0.9674488503551621
T5_S11_XGBoost,13.93614087084804,4.680763947398683,48.43561521738684,0.9656229069667357,0.06661950796842575,0.06537070262591722,0.06475869069496791,6.475869069496791,0.0,11.040198336672796,3.435344012816333,32.28409112259818,0.9780356422246045,11.445801000361232,4.230104249347711,59.87213612546647,0.980783121760909
T5_S11_LSTM,47.32936382734546,14.573707106010765,167.20314740720968,0.6034979581856003,0.0,3.038313497965801,1.9778645833333333,197.78645833333331,0.0,10.593684764732785,4.747548421223958,180.65566699851462,0.9797763821919361,13.580498509833674,6.986559186662946,293.9359921184811,0.9729465983048062
T3_S55_SARIMA,35.240246355983906,17.43007208847097,500.0,-1.3158237816640344,0.016007206253011223,14.808178654256817,5.39532407933613,500.0,0.0,36.35121381058785,18.970608831920703,500.0,-20.565970503269217,34.09657607456032,15.991993206012445,500.0,-1.1136612151150653
T3_S55_XGBoost,7.334555451683321,2.7538368501040402,61.482069727801324,0.8996828395709745,0.09368496760725975,0.05991430938861837,0.04067916019509236,4.067916019509235,0.0,1.4679739725431415,0.5289041271122793,23.408555268035705,0.9648303631613616,7.88420209527231,2.8849793159447255,72.32749823717025,0.8869867578292728
T3_S55_LSTM,32.410754799453244,21.800097889877392,500.0,-0.9588714129892095,6.240234375,3.2266274904413086,1.757537841796875,175.7537841796875,0.0,5.131042184167869,2.4344991048177085,160.87589109175212,0.5703227665514576,9.296151023975224,3.8156680152529763,121.11739780486576,0.8428840848029098
T1_S18_SARIMA,113.72034478161105,56.716973478639936,500.0,-1.026815173012508,1.4313946981022585e-05,112.42071289747615,38.41666853306101,12.455824480274856,-0.13221323179090683,64.90612885384773,12.805560694347365,4.152393159461322,-0.04050121432149112,126.55748557968946,66.38355337698104,500.0,-0.8011573353068826
T1_S18_XGBoost,13.747568980046422,4.454763868248812,84.72450834375351,0.970379688166822,0.015344837680459023,32.04654330923466,13.106593887864923,256.80365200744177,0.90799785799514,18.50591832619364,4.444685992034566,93.1833536104398,0.9154151743577206,17.49267018278874,5.787140102208858,93.74028261944885,0.9655897212195977
T1_S18_LSTM,54.28402019828494,17.225167379424903,147.4557118820791,0.5381703430812859,0.0,43.03573613302035,16.80889129638672,222.60291341704382,0.8340817997577612,24.920506361328847,6.667661031087239,180.67069770151463,0.8466142899033648,26.592380682299957,10.243776412237258,255.3344108117702,0.9204774287067319
T1_S35_SARIMA,50.496766842538314,25.410080236043346,500.0,-1.385433497602397,0.000156391712036592,30.121976134076586,10.50003279573023,12.35134891346934,-0.13831692155384778,17.39093102981664,3.5000894702588017,4.124970139362297,-0.04221320522812455,55.21127099949403,29.391415955670897,500.0,-1.0909471414793113
T1_S35_XGBoost,5.705055011208984,2.0035246665217428,40.64841434763691,0.969551924932597,0.006555358413606882,7.140374213833178,2.6102901372554093,59.156997959485146,0.9360356166269853,4.1283430542256365,0.9191659883427847,24.625926912259885,0.9412696669434832,5.222307104665224,1.9297874254850849,41.27017662091224,0.9812926453698116
T1_S35_LSTM,23.380889164885616,7.3459022923519735,62.36231581222207,0.48859824386108597,0.1822509765625,3.449897571871086,1.8908284505208333,83.29495411952993,0.9850683200128778,2.1804818469550633,1.1079644097222223,75.53381066137109,0.9836161540101063,9.404998896039345,3.8605564662388394,101.59213399228423,0.9393256598520946
T2_S22_SARIMA,248.29082457401273,136.41693469267392,500.0,-0.7603431817690367,0.0019515318725426777,292.51450690511547,196.30940919001304,500.0,-0.8812683781102135,301.8178115145379,195.4225833606582,500.0,-0.7210457296782204,238.92175852837264,127.77997810926172,500.0,-0.8721651233138452
T2_S22_XGBoost,25.479374704160346,9.835468850686754,57.49605555877007,0.981462398914607,0.03859346732497215,16.487621737024323,9.711557526451847,84.15091568773147,0.9940231553549902,31.14738873997261,17.114044240649996,145.84322582069632,0.9816706963898143,20.400235424980817,7.472963249660097,76.34152571845114,0.9863509286524028
T2_S22_LSTM,114.62103327567043,55.45733708285829,500.0,0.6248502690824864,39.609375,50.06672463984029,28.999014536539715,290.5354180833795,0.944886968678522,55.42542472821481,33.002079010009766,256.77245716375074,0.9419608907799941,37.611503330730045,17.39216050647554,434.88657471731426,0.9536046847251101
T3_S32_SARIMA,151.78792646685827,77.25162061998593,500.0,-1.105392117915787,7.11846879783107,32.6903950360281,11.89221008499151,500.0,0.0,142.81906076478532,77.51835765278739,500.0,-48.37502112542336,138.46034665664334,66.77434802424156,500.0,-1.092887882982584
T3_S32_XGBoost,26.26192739157786,8.298576673671032,116.95771121553213,0.936975163341731,0.07178573310375214,0.1539364334376424,0.1004813543210427,10.04813543210427,0.0,6.47443151101444,1.9320155971994002,96.56936719497344,0.8985298665981214,28.40667158667729,9.026494797673964,174.16129163479712,0.9119081288015298
T3_S32_LSTM,141.56536014159713,92.40874922902961,500.0,-0.8313549746762081,10.4140625,0.9218803852807634,0.55859375,55.859375,0.0,6.594856402527768,2.6299302842881946,189.73424886115347,0.8947200581687078,28.654318175574193,10.006829398018974,177.6878785810604,0.9103654809975228
T2_S42_SARIMA,325.60134542688905,176.98653833056392,500.0,-0.7240397607565325,0.00453569483619156,380.2471181886177,257.6599602353422,500.0,-0.8227452433668523,386.75154192998053,250.60887005107574,500.0,-0.7004574432131903,305.62953210072556,162.0814352880149,500.0,-0.8580475140580226
T2_S42_XGBoost,42.733836925011715,14.054476549832065,43.887468957832716,0.970302583305567,0.06040330044925213,37.89204088586453,21.31831812892536,131.9457234732073,0.9818995194367922,53.72256154258057,26.127317388247725,71.83292095552822,0.96718933113107,35.17201351276282,11.295953820638326,40.638745834156445,0.9753928880455628
T2_S42_LSTM,157.16220442425558,63.706389942808016,500.0,0.5983284061848876,35.015625,66.75896347003102,34.640950520833336,365.9011609076057,0.9438159190730552,59.64648301076317,31.36639404296875,286.2175755963326,0.9595543944644893,40.04976995668726,16.39796375093006,418.18701993563064,0.9680944500982567
T1_S63_SARIMA,157.23985624888894,78.0936518742568,500.0,-1.3672293986813968,7.278602448593879e-09,94.46582274378162,31.7916666674296,12.44359207416674,-0.1277264813991228,54.539868190341785,10.597222224415702,4.147864218638989,-0.03923462659631527,170.29284701759968,89.33024225635256,500.0,-1.0771711145207146
T1_S63_XGBoost,12.358894265172758,4.553850156693991,119.86274090716067,0.9853757264209855,0.008631711825728416,10.750318442882595,4.237657422355066,194.06678525398604,0.9853951529245003,6.210815841180781,1.4767658586820795,71.11026687436777,0.9865233253235722,11.835273463789315,4.716136925615414,126.0013552075802,0.9899668788507957
T1_S63_LSTM,71.23406730507517,21.06111108515251,223.55407529474357,0.5141630361671411,0.0,12.572906643732601,6.242106119791667,249.99613982731967,0.9800232084643855,8.281223558987485,3.7686360677083335,252.12544938688436,0.976040681621798,16.0422353456453,8.222330729166666,389.49763595664746,0.9815664394961625
T5_S24_SARIMA,135.37353692036808,66.51497266463186,500.0,-1.5862878333449761,0.033874909081170676,123.3794837678454,42.442336988363124,500.0,0.0,173.33275328672062,102.05857525889635,500.0,-2.5573567752206396,135.1171275843083,64.04834175824836,500.0,-1.1453669034114409
T5_S24_XGBoost,18.603785980185016,5.3879735809405505,30.048498063875755,0.9511559154522534,0.02172091417014599,0.09144084152847924,0.04675393054882685,4.675393054882685,0.0,17.26419699279324,5.005464538052264,36.63842596793361,0.9647094100634223,13.17241263143638,4.049904097800165,33.0091070204166,0.9796102724999654
T5_S24_LSTM,52.877560070312,16.169150320536783,168.0153811676288,0.6054045079243322,0.0,4.524989571743746,2.5885416666666665,258.85416666666663,0.0,17.76682736688096,8.123959011501736,231.19731283851834,0.9626245941225392,17.050243564301855,8.318705240885416,295.02631391101676,0.9658381058379915
T4_S79_SARIMA,10.629496158776298,4.573585512861915,194.17628734718792,-0.5152835386702534,0.8242240763704041,5.609566617799955,1.4868298027338815,10.80929466310699,-0.0697709307898553,5.783332493751244,2.1253258585743864,166.57469065401156,-2.254357432709288,10.455961899285791,4.847039292387539,207.2972502322942,-0.7658637794756851
T4_S79_XGBoost,3.247854364770154,1.0451669870434623,19.166239916291815,0.8585308836822617,0.009542161598801613,2.798506921263364,0.9936899001089236,46.50221856897352,0.7337528649415832,1.615904701018768,0.343460117195112,16.723754572204925,0.7459375880481376,2.7276673646413885,0.9778238966800494,21.870313333516954,0.8798255813980017
T4_S79_LSTM,7.588147734409137,2.3531685423052484,41.824938314618066,0.22778167764263013,0.1650390625,2.503566041200665,1.0788660049438477,49.422034039909455,0.786916276725006,1.5946054228629543,0.7438162697686089,54.893438158702466,0.7525910527455376,3.0853327446599397,1.4317998886108398,48.31951712056545,0.8462435896480209
T0_S38_SARIMA,204.50925812122532,139.23024222823716,500.0,-1.0473909240681172,60.526999991471456,280.05213278945007,214.78490453942695,500.0,-1.238223053077801,219.30418800016588,153.41942600160078,500.0,-0.957720492121112,199.03468933640875,135.9569018749277,500.0,-1.1795840705717326
T0_S38_XGBoost,16.774957918358744,6.8024119135431285,59.672491740269905,0.9862248065678099,0.024772752076387405,22.582433817223873,11.554780021154633,97.20649180328985,0.9854465121441432,18.802530742172262,8.925291560253957,99.27889396202202,0.9856090504448137,15.435247972131592,5.743178037702039,55.985984227553985,0.9868917928314989
T0_S38_LSTM,112.72563645050181,44.135182649895334,500.0,0.3779572692375489,11.953125,111.30185429945631,52.612894694010414,134.08327692423637,0.6464666446021379,88.35181981534986,39.64502631293403,258.26914750565385,0.6822483352820781,78.1612789629959,28.40475318545387,404.5153004727708,0.663876103814221
T4_S27_SARIMA,13.776785440286309,6.812288285848784,311.1148038541203,-0.48815666921079304,2.141017373626534,6.072887260550845,1.5766990234793565,15.874632198102612,-0.058754823330930295,8.498488383565528,3.665790994171326,319.3140093671882,-4.963474708719119,14.941599771510347,7.5830683723303025,313.06642484351454,-0.4997298837978543
T4_S27_XGBoost,3.424130077125685,1.2427408874717778,21.04342627112472,0.9080708225115727,0.013009365648031235,3.0630649564074908,1.3460745110642165,59.04940182498346,0.730649753286939,1.774369175466942,0.4955632534304944,24.37030891590338,0.7400415253428888,3.6507830010020323,1.4194497374507289,26.125496670287053,0.9104654023256414
T4_S27_LSTM,8.760561743280427,3.3227176940041865,86.40909860071422,0.39824906310369557,0.82763671875,2.0710986630057597,1.2802327473958333,93.06681315104166,0.876857904155859,1.54448040660015,1.0970323350694444,98.05107964409723,0.8030387381894872,3.7924415680729795,1.9809076218377977,82.72933840874428,0.9033823114503134
T0_S64_SARIMA,114.95163028102328,85.4398085722521,500.0,-1.2936928776103898,46.48231881861443,166.87362585899993,132.96102413093067,500.0,-1.5358700268533965,116.1835562492192,86.64351699685659,500.0,-0.6460676908808967,116.61426190130238,86.27742387711251,500.0,-1.5426254790266953
T0_S64_XGBoost,9.832807105053641,4.002631428824742,43.98158196876919,0.9832173694162797,0.04637506976723671,10.851499095064822,6.053379022904362,24.719946100319454,0.9892766356434066,10.811263886986461,5.542326166786046,39.77480678649501,0.9857468355705052,9.864117029392878,4.100773792718038,43.394530197009196,0.9818073698166478
T0_S64_LSTM,52.62644158653778,17.531126177482058,91.81752010105738,0.5192569580088161,0.01904296875,22.91233240314442,14.365010579427084,76.11412740654,0.9521931434895932,18.638041471258738,9.79471164279514,108.1197847617956,0.9576397117308314,14.789615474522426,6.868919735863095,152.2614111552605,0.959102870727197
T2_S61_SARIMA,62.774146148105416,34.0798094700227,500.0,-0.6554778214292014,0.0006556744475186365,69.69106957583203,45.48887714474478,500.0,-0.9196713537864909,74.95752273603505,48.357833832524825,500.0,-0.7271363897424574,58.09027813416439,30.733892829409985,500.0,-0.8023876759363369
T2_S61_XGBoost,10.036759206017221,3.542177670757547,17.43759497671997,0.9576796989373969,0.00363369332626462,6.503405014436021,3.829558081420449,39.81816865376081,0.9832831583916921,8.347504398467834,4.563382336637005,27.823377853949854,0.9785804916834313,5.468456256499076,2.0072344955232913,17.07422563386457,0.9840275777663537
T2_S61_LSTM,32.300043884025754,10.913636860094572,83.76176752509373,0.5617035397113022,0.8388671875,8.830861363658421,5.292002360026042,124.81666354585374,0.9691767266269861,11.110666283364141,6.592325846354167,88.26127669615533,0.9620530922790707,7.33188290302371,3.265980675106957,81.8960783938694,0.9712874120854179
T1_S29_SARIMA,76.14461772825607,38.2931380958553,500.0,-1.3513443360267297,0.00021829676003563419,62.7674296552272,21.500032790688817,12.424947155374637,-0.1329260174044269,36.23879240792352,7.166756412623901,4.149530624554426,-0.04070182941456202,82.65788442597464,43.88436979892509,500.0,-1.0673351719780158
T1_S29_XGBoost,9.32118150970386,3.2154999016135215,61.49509925718891,0.9647645565680948,0.012306449003517628,15.040050949073215,6.2144307077784715,237.71438647164223,0.9349523702226548,8.694519845130689,2.1744690637699224,89.5373449415906,0.9400940320475176,9.077142942064029,3.314462800072284,80.4398371998165,0.9750689441677646
T1_S29_LSTM,34.42473657371579,10.66264525783119,95.44340244759948,0.5194052053443634,0.0,12.70326558045477,5.718861897786458,155.56667162361012,0.9535951239661922,7.46524489226725,2.6845906575520835,129.6858930368631,0.9558361423163071,11.67501349884928,5.465690249488468,160.17559954004622,0.9587563488353354
T3_S4_SARIMA,51.46471533264594,24.61360611121735,500.0,-1.0214020333915252,0.056879743463915666,15.403709173264076,5.052712438375118,500.0,0.0,49.654194442038815,25.261118484607763,500.0,-21.9980158830816,49.424948130483436,22.729438832782364,500.0,-0.9217966337326133
T3_S4_XGBoost,8.627874069191318,2.7800318924130862,45.53668713716958,0.9431878606493422,0.008174130693078041,0.15477211366820626,0.03938401389556626,3.9384013895566263,0.0,1.6353169864990245,0.46774934307258165,20.982036358115096,0.9750550645611022,7.228244179141232,2.482812889042266,71.5210943083064,0.9588963286759717
T3_S4_LSTM,64.10962831568396,42.124140835264654,500.0,-2.1367511540930604,9.20703125,4.126151004466902,2.334894816080729,233.4894816080729,0.0,6.207033273548394,3.3898111979166665,292.48952273854616,0.6406260150289445,9.914525666374319,4.592702229817708,206.14234985881092,0.9226680668763119
T4_S69_SARIMA,26.997923781226707,12.534233092609542,500.0,-0.818291808614555,2.0769181437321858,24.36612459175137,6.6319362018023575,20.56389959101437,-0.07930560997561131,19.610462304305223,6.435823044576058,429.3723975945319,-0.9951762998110294,29.970042461894014,14.027831702518784,500.0,-0.7679662122129043
T4_S69_XGBoost,4.415589417624027,1.527183258066034,30.38136418866504,0.9513614951697638,0.008846871554851532,6.748063146873378,2.3712177254880467,98.0338793538623,0.9172191675791111,3.8980608676299897,0.8331113043499904,36.94849937001825,0.921167945381332,4.797993357635383,1.8101436477154493,37.93347147144669,0.954687447283109
T4_S69_LSTM,14.981241641224779,4.384409124200994,52.467760804954445,0.44011547168112064,0.0,15.988247119083823,5.073361714680989,89.72946902097098,0.5352994165595053,9.394758809437336,2.4297201368543835,103.7697795363957,0.5420934210765219,7.422534718725121,2.542833782377697,64.02358245612453,0.8915564516064188
T3_S37_SARIMA,157.2196537954422,85.05394332876062,500.0,-1.233089842571348,13.702363802235418,35.083340177704315,13.04544309843429,500.0,0.0,150.94856927069603,83.68921596145104,500.0,-36.984686935784104,149.92987381560386,76.09974603922444,500.0,-1.0935159559600334
T3_S37_XGBoost,18.23503107187374,5.6969301781781985,91.77207721362564,0.9699596118216728,0.03392564132809639,0.03392564132809639,0.03392564132809639,3.392564132809639,0.0,7.139855043614567,1.4550035283383396,52.03303912665012,0.915017532161053,18.557025988471402,5.921180794946849,101.43770667410914,0.9679286917328136
T3_S37_LSTM,169.6596612194818,109.08521325508373,500.0,-1.6004572333243394,14.79296875,4.01228190098764,2.2892939249674478,228.92939249674478,0.0,8.966077191628216,4.129973517523871,329.99115287965475,0.8659843564064732,20.182892890628246,8.319202604747954,207.01867604790164,0.9620626706236813
T3_S43_SARIMA,169.23031752883261,92.73435754310319,500.0,-1.4525020075209096,18.084158782264616,27.701546328664662,11.460462814052406,500.0,0.0,167.6646330635943,91.80552772665357,500.0,-111.12491488159874,165.20928647087905,84.26173749176611,500.0,-1.1725151481540044
T3_S43_XGBoost,17.630560361134346,5.572505453849907,96.6587879501057,0.9733813966503169,0.03637896105647087,0.23127779038363463,0.08522375300526619,8.522375300526619,0.0,4.857344521525957,1.5571153771856592,61.23366980367986,0.9058940643349598,14.58177342147208,5.4623650053399615,109.51051555179754,0.9830755488513007
T3_S43_LSTM,137.3982061521447,88.69163900128963,500.0,-0.6166468421761131,11.328125,3.3907098715571276,1.710693359375,171.0693359375,0.0,9.193501040615217,4.61822509765625,417.2490053530093,0.6628826845617759,15.404090415371247,6.54560052780878,305.6559199958126,0.9811128677878891
T4_S77_SARIMA,30.075937301746706,11.047859163406843,387.92934544021125,-0.31831686692576766,2.541361265278778,6.134240260180895,1.744866769811657,15.231299050181624,-0.08631958982074583,7.294565243102285,3.031921605215768,250.10703454458206,-3.3745904582146142,23.828338690225603,10.523487093078497,345.69650561971355,-0.7645810814596734
T4_S77_XGBoost,13.497681961685055,2.3060661265504008,20.034827892264552,0.7344784046621662,0.009922107681632042,4.034268402018795,1.2831444422869633,83.94915229263938,0.5301430830609607,2.3312041073090537,0.45362893849637154,30.574463204284836,0.5532143925047421,3.625568263512205,1.3481545228971212,27.43094259287088,0.9591486641111332
T4_S77_LSTM,24.316419063976678,4.9614669580779,53.08119097372283,0.1382511636425946,0.0,1.409121181111629,0.8144442240397135,54.45176987420945,0.9426764955011487,1.6467069468324032,0.9048533969455295,81.48778885129899,0.7770686168298059,5.399625429962598,2.3045191083635603,73.49799567091361,0.90938890934056
T5_S64_SARIMA,20.581296397849524,10.938363259116533,500.0,-1.139634334885109,5.4195122524102414e-05,16.11307043979362,7.174219371376592,500.0,0.0,23.23256213745262,14.882288514964683,500.0,-3.125547306082405,20.9668102142362,10.788155763362594,447.3417100183506,-0.8535035895862038
T5_S64_XGBoost,6.001464675769209,2.245029726451704,90.41304751664765,0.8180682015657986,0.16419844329357147,0.17310642470216808,0.10568877557913463,10.568877557913464,0.0,2.6947727118960096,1.0370114312196772,31.85823607896081,0.9444950598864512,7.8652718464492795,3.055866895886582,152.5339899407089,0.7391708184456722
T5_S64_LSTM,11.801450033878622,6.910812742972488,352.05295728188474,0.2964987909773942,6.5078125,2.4158748687473306,1.7949422200520833,179.49422200520831,0.0,8.83643422884016,4.225335015190972,149.8284141239528,0.4031826291320749,11.033372483730588,5.585777646019345,254.55295532865972,0.4867307298994281
T0_S63_SARIMA,146.64562941857574,105.08410718276241,500.0,-1.4499361308118992,51.25385046864176,232.6657961218702,187.4650728358611,500.0,-1.6707727071853054,162.9437477156975,118.2756683223775,500.0,-0.7011069891181543,150.1101794156785,106.57657995221072,500.0,-1.4699560562503624
T0_S63_XGBoost,15.987687431074933,5.671452644917196,33.71112131878767,0.9708802385692422,0.017572855576872826,13.489644741084696,7.796091567259282,36.20117571029017,0.991022139181221,13.117508205747697,6.092250354678577,51.15097306383155,0.9889754996337107,13.07738566809628,4.455420452229667,30.47162946592553,0.9812539054915536
T0_S63_LSTM,60.716889164760175,21.06181430360347,225.97162977126257,0.5800132981912969,0.0,35.86848463647276,20.7333984375,249.58172512806897,0.936525702681861,28.419063346613626,16.49756537543403,437.02896266389007,0.9482541235446413,19.609741608999983,9.455936976841517,326.166348130218,0.9578485342721202
T4_S31_SARIMA,31.77262360664744,12.413279699854431,454.0034088239856,-1.1196046469471574,1.0574230813062608,13.3783624032866,3.5374027435648046,15.493781499462186,-0.07443189150665774,12.081078668855547,4.022665631470765,289.51773219473705,-1.5084210906277833,34.72566552726113,14.5201699299411,500.0,-1.1264903518281515
T4_S31_XGBoost,6.245933040296633,1.9301933152835067,34.329919679206036,0.9180887873975511,0.008815252222120762,5.121902136830929,2.0709371652143695,90.23536139744826,0.8425163287138082,2.9599378982777225,0.7341361022942389,34.46082518809432,0.849424533410527,6.392914906506015,2.2804257953622646,43.743290802529,0.9279290729594353
T4_S31_LSTM,16.537655278222907,4.493406742953798,83.95266381231276,0.425755853375298,0.0,3.174218973204692,1.5408528645833333,94.43244291877106,0.9395151309756529,3.0477003258108266,1.518228742811415,131.93859310128738,0.84036300579678,6.261569830427295,2.9967725844610307,122.06140005436919,0.9308601047141926
T0_S20_SARIMA,72.54730217003079,66.55324295625947,500.0,-3.457561643101771,64.78064324651572,70.09941577390707,61.80508741700137,500.0,-1.030130806187044,62.20279687743987,57.35232632661811,500.0,-1.314768054623872,72.19004410806863,66.06643227897978,500.0,-3.762896545692292
T0_S20_XGBoost,10.838427865821245,3.1219049419474714,23.112414992508352,0.9005081727724461,0.016284907702356577,15.39476161131573,6.868774394504726,23.655902926856317,0.9020868188153678,11.906173029730342,4.7805182716240076,22.697715180379078,0.915192934820965,8.978748721103486,2.950935993221633,26.936388762144354,0.926320245659784
T0_S20_LSTM,26.203107493966126,10.332062789697966,148.1821207654191,0.4184856705976485,2.716796875,30.51553743697868,14.52490234375,83.16333764231776,0.615286637895976,23.799172567216797,10.876288519965279,113.13268895003368,0.6611469719238781,19.501006954392455,6.899788992745536,83.75806853013226,0.6524393438998062
T0_S32_SARIMA,165.64061678515333,130.43637905389343,500.0,-1.8470048910119958,84.57812611593592,231.66457990093588,193.48178268388884,500.0,-1.198834532292906,167.95441918654512,134.69336363397775,500.0,-0.511814219304557,174.75988069951143,136.1942213411739,500.0,-1.7899002867970455
T0_S32_XGBoost,26.422313398172772,8.15235822777872,42.731124190102356,0.9275570354870081,0.03752836398780346,8.235166240579515,5.0266868363445,62.63114497658826,0.9972214512932299,8.459077541269261,4.3838819931907995,58.196725905455835,0.9961650335672755,17.976306951695594,5.027409044966113,44.23350774907878,0.9704806933328431
T0_S32_LSTM,64.75719476055355,22.236887443578986,152.9364761046179,0.5648584147816429,1.162109375,29.723560504157156,14.652180989583334,45.22511163799734,0.9638028035012647,24.30241287621243,11.48304918077257,117.98886532292565,0.9683470388524317,20.3748947961342,8.850357237316313,209.4298376352527,0.9620775879876174
T0_S48_SARIMA,78.47931669486535,69.47225449752952,500.0,-2.5109723546058693,62.91655443869635,86.23328383029279,71.43426815616995,500.0,-1.5417781022468597,69.77393846920332,60.604913886321505,500.0,-1.139736698336482,79.80866529619016,69.93006450662122,500.0,-3.07251375508502
T0_S48_XGBoost,10.279529036722872,3.101510290710816,23.097184889984895,0.9397629882748745,0.013843352906405926,9.937764353586648,5.541500037409908,20.114850872118208,0.966242896646196,7.443564853855329,3.7231939579263176,29.463021052753852,0.9756479339700771,6.214960828357303,2.413686760348182,18.73475421609206,0.9753032812685559
T0_S48_LSTM,29.52059342089138,10.885100880308014,92.54763474672028,0.5032165141748371,1.6181640625,23.474019488033594,11.936360677083334,60.56771143016755,0.8116512657012295,18.917966795544082,8.702904595269096,64.12252294106169,0.842702153409005,16.22615119160824,5.863388788132441,53.82702768748134,0.8316576052864791
T3_S64_SARIMA,20.197449650600657,13.719201707972527,500.0,-1.257916431675259,8.026549550150385,10.305711156096242,4.670227095475197,467.0227095475197,0.0,15.592440629328491,10.765549679797411,500.0,-5.903525158298213,19.349537690942903,12.091584140622023,500.0,-1.0671886833293192
T3_S64_XGBoost,4.077247466783329,1.3684237023206143,26.070720193078,0.9079870533499276,0.04332637041807175,0.23962608920287362,0.10162219544872642,10.162219544872642,0.0,1.4183869327633227,0.46542026304329437,18.237304484611442,0.9428742181800712,3.948084141496663,1.3905203313306196,29.769666555089664,0.9139379410046511
T3_S64_LSTM,25.105860880670786,16.67441044127542,500.0,-2.4887112976308927,4.4375,2.8600400835620654,1.5859781901041667,158.59781901041669,0.0,4.142021230295003,2.1344129774305554,152.68058303458693,0.5128447863109976,4.580630397044189,2.2095191592261907,98.93365013018476,0.8841517616409511
T5_S33_SARIMA,99.42456304245941,53.64013871313381,500.0,-1.284810483212624,0.001527194628565575,56.981209424840145,25.13475783061804,500.0,0.0,119.68255399276745,77.11592212616328,500.0,-2.9830967946655167,93.74439124698131,48.86630705667609,500.0,-1.229745793771659
T5_S33_XGBoost,9.667016890050999,3.6548350307573543,65.21495285877158,0.9784002981958024,0.06184076517820358,0.07989681709672816,0.06990707324196895,6.990707324196895,0.0,9.255822609263449,3.247917813792204,40.34684001724394,0.9761773972351666,9.335647603972669,3.7014938068820076,83.02738069868454,0.9778866944578977
T5_S33_LSTM,46.1711826906011,14.76792973422548,158.56929783366581,0.5072747717712933,0.0,1.905405506306001,1.1953328450520833,119.53328450520833,0.0,10.810747236374425,4.831990559895833,160.97878877943293,0.9675009556560811,13.639126028137056,6.831810360863095,259.27948206301824,0.9528004507024108
T2_S38_SARIMA,82.7407045427884,43.46207149329954,500.0,-0.6510604740158017,0.00010887463136487507,99.60736086455131,61.88615072357404,500.0,-0.588417235528558,87.21012339526861,54.83705010502919,500.0,-0.6416157182426026,73.07486290812746,37.67413888490571,500.0,-1.068460800772391
T2_S38_XGBoost,21.296285636086658,6.987223312828822,39.455559882025206,0.8906214208121828,0.10540100559592247,19.598710719605485,10.34996546121935,133.0750057882261,0.9385054356256398,14.01338202719367,7.212493633604026,61.19121919529218,0.9576138839110566,9.19390307125791,3.2697719091076927,44.095129125721904,0.9672575541403661
T2_S38_LSTM,50.97345224035546,15.871158581601376,87.34309746372807,0.3733678878390616,0.0,29.984950002120307,13.36102294921875,195.7002030830007,0.8560577185146604,21.157493487383046,10.69051784939236,134.7228723415696,0.903380200589541,13.966958019716404,5.263362339564732,125.90955712890187,0.9244360012656174
