{
    "0": {
        "size": 256226,
        "pct": 17.081733333333332,
        "pattern_name": "Weekday Morning Rush",
        "peak_hour": 8,
        "peak_weekday": 2,
        "weekday_pct": 100.0,
        "morning_rush": 37.79710099677629,
        "midday": 41.268645648763204,
        "evening_rush": 0.0,
        "night": 3.663562636110309
    },
    "1": {
        "size": 256347,
        "pct": 17.0898,
        "pattern_name": "Weekend/Night",
        "peak_hour": 14,
        "peak_weekday": 6,
        "weekday_pct": 11.082634085828975,
        "morning_rush": 3.9442630496943596,
        "midday": 39.36617163454224,
        "evening_rush": 28.944360573753546,
        "night": 0.0
    },
    "2": {
        "size": 288297,
        "pct": 19.2198,
        "pattern_name": "Weekday Evening Rush",
        "peak_hour": 18,
        "peak_weekday": 2,
        "weekday_pct": 100.0,
        "morning_rush": 0.0,
        "midday": 0.0,
        "evening_rush": 39.05139491565989,
        "night": 22.564230637155433
    },
    "3": {
        "size": 249130,
        "pct": 16.608666666666668,
        "pattern_name": "Weekday Evening Rush",
        "peak_hour": 19,
        "peak_weekday": 4,
        "weekday_pct": 100.0,
        "morning_rush": 0.0,
        "midday": 0.0,
        "evening_rush": 34.75414442259061,
        "night": 34.16770360855778
    },
    "4": {
        "size": 203030,
        "pct": 13.535333333333334,
        "pattern_name": "Weekend/Night",
        "peak_hour": 0,
        "peak_weekday": 5,
        "weekday_pct": 11.480569373984139,
        "morning_rush": 1.2032704526424667,
        "midday": 0.0,
        "evening_rush": 0.0,
        "night": 76.02817317637788
    },
    "5": {
        "size": 246970,
        "pct": 16.464666666666666,
        "pattern_name": "Weekday Morning Rush",
        "peak_hour": 9,
        "peak_weekday": 3,
        "weekday_pct": 88.99866380532049,
        "morning_rush": 35.15730655545208,
        "midday": 35.431428918492124,
        "evening_rush": 0.0,
        "night": 3.383406891525286
    }
}