nclusters,silhouette,calinski_harabasz,inertia,wcss
4,,157593.7917881077,499082.1099737326,499082.1099737326
5,,157538.1728951166,429585.2813302713,429585.2813302713
6,,166501.8281156438,364347.2411046963,364347.2411046963
7,,168743.90780281016,320996.2660779408,320996.2660779408
8,,167885.286037476,289813.2093625077,289813.2093625077
9,,167749.1508339724,263569.5399973945,263569.5399973945
10,,173510.15033117138,235493.9611448116,235493.9611448116
11,,175471.55419760782,215322.66378940953,215322.66378940953
