{
  "T0": {
    "size": 256226,
    "pct": 17.081733333333332,
    "pattern": "Temporal 0"
  },
  "T1": {
    "size": 256347,
    "pct": 17.0898,
    "pattern": "Temporal 1"
  },
  "T2": {
    "size": 288297,
    "pct": 19.2198,
    "pattern": "Temporal 2"
  },
  "T3": {
    "size": 249130,
    "pct": 16.608666666666668,
    "pattern": "Temporal 3"
  },
  "T4": {
    "size": 203030,
    "pct": 13.535333333333334,
    "pattern": "Temporal 4"
  },
  "T5": {
    "size": 246970,
    "pct": 16.464666666666666,
    "pattern": "Temporal 5"
  }
}