{
  "T0": {
    "size": 256226,
    "pct": 17.081733333333332,
    "pattern": "Weekday Morning Rush"
  },
  "T1": {
    "size": 256347,
    "pct": 17.0898,
    "pattern": "Weekend/Night"
  },
  "T2": {
    "size": 288297,
    "pct": 19.2198,
    "pattern": "Weekday Evening Rush"
  },
  "T3": {
    "size": 249130,
    "pct": 16.608666666666668,
    "pattern": "Weekday Evening Rush"
  },
  "T4": {
    "size": 203030,
    "pct": 13.535333333333334,
    "pattern": "Weekend/Night"
  },
  "T5": {
    "size": 246970,
    "pct": 16.464666666666666,
    "pattern": "Weekday Morning Rush"
  }
}